PARK_ID,PARK_CODE,NAME,FULL_NAME,URL,DESCRIPTION,DESIGNATION,LATITUDE,LONGITUDE,STATES,DIRECTIONS_INFO,DIRECTIONS_URL,WEATHER_INFO,COUNTRY_ID
"77E0D7F0-1942-494A-ACE2-9004D2BDC59E",abli,Abraham Lincoln Birthplace,Abraham Lincoln Birthplace National Historical Park,https://www.nps.gov/abli/index.htm,"For over a century people from around the world have come to rural Central Kentucky to honor the humble beginnings of our 16th president, Abraham Lincoln. His early life on Kentucky's frontier shaped his character and prepared him to lead the nation through Civil War. Visit our country's first memorial to Lincoln, built with donations from young and old, and the site of his childhood home.",National Historical Park,37.5858662,-85.67330523,KY,The Birthplace Unit of the park is located approximately 2 miles south of the town of Hodgenville on U.S. Highway 31E South. The Boyhood Home Unit at Knob Creek is located approximately 10 miles northeast of the Birthplace Unit of the park.,http://www.nps.gov/abli/planyourvisit/directions.htm,"There are four distinct seasons in Central Kentucky. However, temperature and weather conditions can vary widely within those seasons. Spring and Fall are generally pleasant with frequent rain showers. Summer is usually hot and humid. Winter is moderately cold with mixed precipitation.",USA
"6DA17C86-088E-4B4D-B862-7C1BD5CF236B",acad,Acadia,Acadia National Park,https://www.nps.gov/acad/index.htm,"Acadia National Park protects the natural beauty of the highest rocky headlands along the Atlantic coastline of the United States, an abundance of habitats, and a rich cultural heritage. At 4 million visits a year, it's one of the top 10 most-visited national parks in the United States. Visitors enjoy 27 miles of historic motor roads, 158 miles of hiking trails, and 45 miles of carriage roads.",National Park,44.409286,-68.247501,ME,"From Boston take I-95 north to Augusta, Maine, then Route 3 east to Ellsworth, and on to Mount Desert Island. For an alternate route, continue on I-95 north to Bangor, Maine, then take I-395 to U.S. Route 1A east to Ellsworth. In Ellsworth, take Route 3 to Mount Desert Island.",http://www.nps.gov/acad/planyourvisit/directions.htm,"Located on Mount Desert Island in Maine, Acadia experiences all four seasons. Summer temperatures range from 45-90F (7-30C). Fall temperatures range from 30-70F (-1-21C). Typically the first frost is in mid-October and first snowfall begins in November and can continue through April with an average accumulation of 73 inches (185 cm). Winter temperatures range from 14-35F (-10 - 2C). Spring temperatures range from 30-70F (-1-21C).",USA
E4C7784E-66A0-4D44-87D0-3E072F5FEF43,adam,Adams,Adams National Historical Park,https://www.nps.gov/adam/index.htm,"From the sweet little farm at the foot of Penn’s Hill to the gentleman’s country estate at Peace field, Adams National Historical Park is the story of “heroes, statesmen, philosophers…and learned women” whose ideas and actions helped to transform thirteen disparate colonies into one united nation.",National Historical Park,42.2553961,-71.01160356,MA,"Traveling on U.S. Interstate 93, take exit 7 - Route 3 South to Braintree and Cape Cod. Take the first exit off Route 3 south - exit 42 - and follow signs toward Quincy Center. Continue straight on Burgin Parkway through six traffic lights. At the seventh traffic light, turn right onto Dimmock Street. Follow Dimmock Street one block and turn right onto Hancock Street. The National Park Service Visitor Center, located at 1250 Hancock Street on your left. Validated parking is in the garage to the rear.",http://www.nps.gov/adam/planyourvisit/directions.htm,"Be prepared for hot, humid weather. The historic homes are not air conditioned. While the visitor center remains open all year, the historic homes are generally closed from approximately November 1 through April 30th.",USA
"1A47416F-DAA3-4137-9F30-14AF86B4E547",afam,African American Civil War Memorial,African American Civil War Memorial,https://www.nps.gov/afam/index.htm,"Over 200,000 African-American soldiers and sailors served in the U.S. Army and Navy during the Civil War. Their service helped to end the war and free over four million slaves. The African American Civil War Memorial honors their service and sacrifice.","",38.9166,-77.026,DC,"The memorial is located at the corner of Vermont Avenue, 10th St, and U Street NW, near the U Street/African-American Civil War Memorial/Cardozo Metro Station.",http://www.nps.gov/afam/planyourvisit/directions.htm,Washington DC gets to see all four seasons. Humidity will make the temps feel hotter in summer and colder in winter. Spring (March - May) Temp: Average high is 65.5 degrees with a low of 46.5 degrees Summer (June - August) Temp: Average high is 86 degrees with a low of 68.5 degrees Fall (September - November) Temp: Average high is 68 degrees with a low of 51.5 degrees Winter (December - February) Temp: Average high is 45 degrees with a low of 30 degrees (Source: www.usclimatedata.com),USA
E6E1D22A-7A89-47F8-813C-B611059A8CF9,afbg,African Burial Ground,African Burial Ground National Monument,https://www.nps.gov/afbg/index.htm,African Burial Ground is the oldest and largest known excavated burial ground in North America for both free and enslaved Africans. It protects the historic role slavery played in building New York,National Monument,40.71452681,-74.00447358,NY,The African Burial Ground National Monument is located on the first floor of the Ted Weiss Federal Building located at 290 Broadway in Lower Manhattan; close to Foley Square and just north of City Hall. Our visitor center is located mid-block on Broadway between the cross streets of Duane Street and Reade Streets.,http://www.nps.gov/afbg/planyourvisit/directions.htm,http://forecast.weather.gov/MapClick.php?CityName=New+York&state=NY&site=OKX&lat=40.7198&lon=-73.993#.Vqj8OvkrJlZ,USA
"64B9F127-31ED-43C9-882D-D7CD471AF314",agfo,Agate Fossil Beds,Agate Fossil Beds National Monument,https://www.nps.gov/agfo/index.htm,"In the early 1900s, paleontologists unearthed the Age of Mammals when they found full skeletons of extinct Miocene mammals in the hills of Nebraska -- species previously only known through fragments. At the same time, an age of friendship began between rancher James Cook and Chief Red Cloud of the Lakota. These two unprecedented events are preserved and protected here... at Agate Fossil Beds.",National Monument,42.42170419,-103.753886,NE,"From US 20: 22 miles south of Harrison, NE on State Hwy 29, then three miles east on River Road (paved) From US 26: 34 miles north of Mitchell, NE on State Hwy 29, then three miles east on River Road (paved). From State Hwy 71: 25 miles west on the unpaved portion of River Road.",http://www.nps.gov/agfo/planyourvisit/directions.htm,"Summers can be very warm, high 90's to 100 with the frequent afternoon thunderstorms. Plan to hike early and come down from the higher points if storms threaten. Winter temperatures can dip as low as -20 with snow and wind. Heaviest snows can be expected in late Spring.",USA
"3B8307B3-54AB-4E5F-ACBC-8DECB98AD5F1",alka,Ala Kahakai,Ala Kahakai National Historic Trail,https://www.nps.gov/alka/index.htm,"Established in 2000 to preserve, protect and interpret traditional Native Hawaiian culture and natural resources, Ala Kahakai National Historic Trail is a 175 mile corridor encompassing a network of culturally and historically significant trails. This ""trail by the sea"" traverses wahi pana (storied landscapes), ancient Hawaiian sites and over 200 ahupuaʻa (traditional land divisions). Connect now!",National Historic Trail,19.144668109,-155.890734294,HI,"Open sections of the Ala Kahakai NHT can be accessed through the four Hawai'i Island National Parks: Hawaiʻi Volcanoes NP, Pu'uhonua o Hōnaunau NHP, Kaloko-Honokōhau NHP and Pu'ukoholā Heiau NHS. The Nā Ala Hele State Trails and Access Programʻs ""Ala Kahakai Trail"" in South Kohala is also open to the public. Additional sections of the trail are opened as they are sufficiently managed to protect the trail and associated areas.",http://home.nps.gov/alka/planyourvisit/directions.htm,"Hawaiʻiʻs coast is generally sunny and hot. Be prepared with sun protection (hat, mineral-based sunscreen, sunglasses and long sleeves) and water (minimum 2 liters of water per person per day for short hikes). Before visiting the Trail, check weather forecasts and follow all warnings and advisories: - https://www.weather.gov/hfo/ - www.hawaiicounty.gov/active-alerts",USA
C4E1A9A4-D121-4734-94FA-7788A93C2AAA,alag,Alagnak,Alagnak Wild River,https://www.nps.gov/alag/index.htm,"The headwaters of Alagnak Wild River lie within the rugged Aleutian Range of neighboring Katmai National Park and Preserve. Meandering west towards Bristol Bay and the Bering Sea, the Alagnak traverses the beautiful Alaska Peninsula, providing an unparalleled opportunity to experience the unique wilderness, wildlife, and cultural heritage of southwest Alaska.",Wild River,59.05180188,-156.112002,AK,"Alagnak Wild River is located in a remote part of the Alaska Peninsula, about 290 miles southwest of Anchorage. Access is by boat or small floatplane.",http://www.nps.gov/alag/planyourvisit/directions.htm,"Located between the stormy north Pacific Ocean and the even stormier Bering Sea, the Alagnak Wild River is often a battleground between weather systems. When you visit, be prepared to encounter all types of weather.  On average, wet and cool conditions predominate in spring, summer, and fall. Winters are drier and colder.",USA
"7D6098F9-3F75-4775-A56D-CD9C7F9A9488",anch,Alaska Public Lands,Alaska Public Lands,https://www.nps.gov/anch/index.htm,"Alaska’s parks, forests, and refuges are rich and varied. The Alaska Public Lands Information Centers help visitors and residents to have meaningful, safe, enjoyable experiences on public lands, and encourages them to sustain the natural and cultural resources of Alaska. These centers provide trip-planning, interpretation, and education for all ages.","",61.2188,-149.894536,AK,"Anchorage APLIC is located in downtown Anchorage on 4th Avenue, in the Federal Building. Fairbanks APLIC is located in downtown Fairbanks on the corner of Dunkel Street and Wendell Avenue, near the Chena River.",http://alaskacenters.gov/anchorage-directions.cfm,"Visitors center is located inside the Federal Building and weather conditions are seasonal conditions of the Anchorage area, outside the facility.",USA
C08AD828-98FF-478E-A63C-614E7534274B,alca,Alcatraz Island,Alcatraz Island,https://www.nps.gov/alca/index.htm,"Alcatraz reveals stories of American incarceration, justice, and our common humanity. This small island was once a fort, a military prison, and a maximum security federal penitentiary. In 1969, the Indians of All Tribes occupied Alcatraz for 19 months in the name of freedom and Native American civil rights. We invite you to explore Alcatraz's complex history and natural beauty.","",37.82676234,-122.4230206,CA,The Alcatraz Ferry Terminal is located on The Embarcadero near the intersection of Bay Street at Pier 33.,http://home.nps.gov/alca/planyourvisit/directions.htm,"The climate on Alcatraz is unpredictable and can change suddenly. Cold, foggy mornings may give way to sunny afternoons, which in turn can shift quickly back to more fog and blustery winds. The most pleasant weather usually occurs in spring and fall. Summers tend to be cool and foggy, winter is our rainy season. Temperatures on Alcatraz seldom rise above 75°F (24°C) or fall below 38°",USA
"94B046DC-2AFD-4ECB-A60D-CE210A8550B1",aleu,Aleutian Islands World War II,Aleutian Islands World War II National Historic Area,https://www.nps.gov/aleu/index.htm,"The remote Aleutian Islands, home to the Unangax̂ (Aleut) people for over 8,000 years, became a fiercely contested Pacific battleground in World War II. Some Unangax̂ were taken from their homelands as Japanese prisoners of war while the others were evacuated from the islands by the government. Both groups suffered greatly during the war, and some would never return to their villages.",National Historic Area,53.9143,-166.5197,AK,"The park is located on Amaknak Island in the Aleutian Island chain. The island is located 800 miles west of Anchorage. The island can be reached by ferry or by commercial or charter air flights from Anchorage. If you choose to fly, the Aleutian World War II Visitor Center is conveniently located next to the Unalaska airport.",http://www.nps.gov/aleu/planyourvisit/directions.htm,"The Aleutian Islands are known for unpredictable and stormy weather. Rain, fog, and wind are common. Dress warmly and carry rain gear even in summer. Summer temperatures range from 45 to 65 degrees F.",USA
"6D82D070-995A-4524-A56E-C1CE182E7D9B",alfl,Alibates Flint Quarries,Alibates Flint Quarries National Monument,https://www.nps.gov/alfl/index.htm,"13,000 years ago, Alibates was used by mammoth hunters as a source of flint for tools. The colorful flint has never lost its value or usefulness in the Texas Panhandle. Learn how important this site was to the survival, commerce, and culture of the people of the High Plains.",National Monument,35.5819662,-101.6717008,TX,"Alibates Flint Quarries is located approximately 35 miles north of Amarillo, Texas. From I-40 in Amarillo, take Lakeside exit north towards Lake Meredith National Recreation Area. Exit on TX 136 north towards Borger. After about 30 miles, turn west from TX 136 onto Cas Johnson Road. Park Service signs will be visible. Proceed approximately 3 miles to ""Y"" intersection and bear to right. Go northwest approximately 2 miles to the Alibates Flint Quarries National Monument Visitor Center.",http://www.nps.gov/alfl/planyourvisit/directions.htm,"The Texas Panhandle experiences a wide variety of weather conditions throughout the year. Winters are cold and windy, and summers are hot and dry. It is usually a good idea to bring a jacket with you if you are planning on hiking to the quarries with a ranger because the mesa gets very windy, even in the summer.",USA
"3350C18C-8E07-487B-930E-37AD873D31AD",alpo,Allegheny Portage Railroad,Allegheny Portage Railroad National Historic Site,https://www.nps.gov/alpo/index.htm,"The first railroad to cross the Allegheny Mountains, the Allegheny Portage Railroad was the final piece of the Pennsylvania Main Line Canal. ""The Portage"" opened in 1834, marking the first time that there was one, direct route between Philadelphia and Pittsburgh. All things to all people, it served merchants, passengers, slaves in pursuit of freedom, and soldiers from the Mexican War.",National Historic Site,40.42977467,-78.57431622,PA,"The park is located just off U.S. Route 22 approximately 12 miles west of Altoona and 10 miles east of Ebensburg. Take the Gallitzin Exit and turn right, following the signs. Visitors prior to 1992 accessed the park in other ways, but the Gallitzin Exit of US Route 22 is the way to access the visitor center and historic area.",http://www.nps.gov/alpo/planyourvisit/directions.htm,"The park is located in Cambria County, PA, and is at the summit of the Allegheny Mountains. Therefore, the park often takes on winter extremes. If planning on traveling from a long distance, please contact the park beforehand to ensure that the facilities are open. Please consult weather forecasts to ensure conditions are safe to travel in. Spring, summer, and fall are generally uneventful, but severe thunderstorms can occur.",USA
D35004EF-5F5A-4DA4-8716-5141BE5C933C,amch,Amache,Amache National Historic Site,https://www.nps.gov/amch/index.htm,"Amache, also known as the Granada Relocation Center, near Granada, Colorado was one of ten incarceration sites established by the War Relocation Authority during World War II to unjustly incarcerate Japanese Americans. Over 10,000 people, most American citizens, were incarcerated at Amache from 1942 to 1945.",National Historic Site,38.04962,-102.32903,CO,"Amache National Historic Site is in southeastern Colorado about 1.5 miles west of the town of Granada, 17.5 miles east of Lamar, and half an hour drive from the Kansas border. The site is located off Highway 385/50 along the Santa Fe Trail.",https://www.nps.gov/amch/planyourvisit/directions.htm,"The site is located in Colorado on the High Plains, an arid, windy, and sunny environment. Temperatures and conditions can be extreme in this region, with hot, arid summers that include occasional thunderstorms and tornadoes, as well as cold and snowy winters.",USA
A0B4CA5E-608A-4DF2-8EFB-E2E4619EA243,amme,American Memorial,American Memorial Park,https://www.nps.gov/amme/index.htm,"American Memorial Park honors the American and Marianas people who gave their lives during the Marianas Campaign of World War II. At the park, memorials stand in tribute to the courage and sacrifice of the US Servicemen and Chamorro and Carolinian civilians who were killed in the battles between the United States and Japan that took place on Saipan, Tinian, and the Philippine Sea in 1944.",Park,15.21680033,145.7231096,MP,"The park is centrally located along the western shoreline of Saipan, adjacent to downtown Garapan. From airport, proceed north on Airport Road (Tun Herman Pan Highway) until the road ends at Monsignor Guerrero Road (Highway 16). Turn left and continue until the road ends at Beach Road. Turn right until the road ends at the American Memorial Park Mall. Turn left onto Micro Beach Road. The parking lot is on the right.",https://www.nps.gov/amme/planyourvisit/directions.htm,"The temperature varies from 75°F to 88°F and is rarely below 73°F or above 90°F.The climate is tropical, hot and humid throughout the year, with a relatively cool and dry season from December to June, and a warmer and rainy season from July to November. The temperatures are stable throughout the year.",USA
"34CB30BA-8A5F-4563-AA34-6633708DD9DC",amis,Amistad,Amistad National Recreation Area,https://www.nps.gov/amis/index.htm,"An oasis in the desert, Amistad National Recreation Area consists of the US portion of the International Amistad Reservoir. Amistad, whose name comes from the Spanish word meaning friendship, is best known for excellent water-based recreation, camping, hiking, rock art viewing, and its rich cultural history. Amistad is also home to a wide variety of plant and animal life above and below the water.",National Recreation Area,29.53539777,-101.075821,TX,"Amistad National Recreation Area is located on the US-Mexico border 7 miles west of the Del Rio city limit and 6 miles west of the US Highway 90 and 277 North intersection. The park is 160 miles west of San Antonio on US Highway 90 and about 230 miles east of Big Bend National Park via US Highway 90 and US Highway 385. Access to Amistad from the north or south is via US 277/377. The visitor center address is 10477 Highway 90 West, Del Rio, TX 78840.",https://www.nps.gov/amis/planyourvisit/directions.htm,"Weather in Southwest Texas can change in a matter of minutes. It is best to check the local weather report. Amistad National Recreation Area usually has hot summers and mild winters. For more information, please visit the park's Current Conditions page at https://www.nps.gov/amis/planyourvisit/conditions.htm.",USA
"9463E25C-7342-4A34-9537-4A6DA74B2B06",anac,Anacostia,Anacostia Park,https://www.nps.gov/anac/index.htm,"Welcome to Anacostia Park, your neighborhood national park in the heart of Washington, DC! Enjoy exercise along the river trail or relax by the water, Anacostia Park is a breath of fresh air and a space to unwind amid a bustling city.",Park,38.8782,-76.9703,DC,Anacostia Park is located in South East Washington DC running parallel to the Anacostia river. The park can be accessed from the South Capitol bridge over the Anacostia river across from the Nationals baseball stadium. You can also enter the park from the Baltimore-Washington Parkway (295). You can enter the park from Good Hope Road or from Nicholson Street.,http://www.nps.gov/anac/planyourvisit/directions.htm,Spring brings mild temperatures and a light breeze along with springtime flower blooms. Summer can be hot and humid. Fall cools down and changing of the seasons brings changing of the colors in leaves. Winter gets cold and temperatures may drop below freezing.,USA
"00E65872-53F7-4C9B-BD29-B9BC99930D0D",ande,Andersonville,Andersonville National Historic Site,https://www.nps.gov/ande/index.htm,"Nearly 13,000 men died on these grounds, a site that became infamous even before the Civil War ended. Their burial grounds became Andersonville National Cemetery, where veterans continue to be buried today. This place, where tens of thousands suffered captivity so others could be free, is also home to the National Prisoner of War Museum and serves as a memorial to all American prisoners of war.",National Historic Site,32.19831758,-84.12988898,GA,Andersonville National Historic Site is located in southwest Georgia. The park is approximately 12 miles north of Americus and 11 miles south of Montezuma on GA-49.,http://www.nps.gov/ande/planyourvisit/directions.htm,Summer temperatures reach highs in the 80s-90s and high humidity. Winter temperatures tend to be in the 40s and below. Snow can occur but is rare. Average annual precipitation is 46.24 inches and is fairly evenly distributed throughout the year. The National Prisoner of War Museum is maintained at a cool temperature to help preserve artifacts; dressing in layers is recommended.,USA
"2ED6E071-57AA-4B08-8DDA-5CB09FBB75C8",anjo,Andrew Johnson,Andrew Johnson National Historic Site,https://www.nps.gov/anjo/index.htm,"Andrew Johnson's complex presidency (1865-69) illustrates the Constitution at work following the Civil War. As the President and Congress disagreed on Reconstruction methods, the Constitution served as their guide on balance of powers, vetoes, and impeachment. In the end, it evolved as a living document with pivotal amendments on freedom, citizenship, and voting rights - topics still vital today.",National Historic Site,36.15624509,-82.83709021,TN,"GPS The GPS setting for Andrew Johnson NHS may be listed as 121 Monument Ave, which is the park HQ in the National Cemetery. To arrive at the Visitor Center, use 101 North College Street, Greeneville, TN. Plane The closest airport is the Tri-Cities Regional Airport, 43 miles NE of Greeneville. From the airport, take I-81 South to exit 36 and follow the signs to Greeneville. Car From I-81S take exit 36 to Rt. 172 south to Greeneville. From I-81N take exit 23 to Rt. 11E north to Greeneville.",http://www.nps.gov/anjo/planyourvisit/directions.htm,"There are four distinct seasons in East Tennessee, but temperature and weather conditions can vary widely within those seasons. Spring and Fall are generally pleasant with frequent rain showers. Summer and Winter ranges can be extreme. The President's Homestead is not climate controlled and may be closed at times during excessive highs or lows in the summer and winter.",USA
"7FF37F14-88C8-469E-A447-ACE6D9AF44D2",ania,Aniakchak,Aniakchak National Monument & Preserve,https://www.nps.gov/ania/index.htm,"Given its remote location and challenging weather conditions, Aniakchak is one of the most wild and least visited places in the National Park System. This landscape is a vibrant reminder of Alaska's location in the volcanically active ""Ring of Fire,"" as it is home to an impressive six mile (10 km) wide, 2,500 ft (762 m) deep caldera formed during a massive volcanic eruption 3,500 years ago.",National Monument and Preserve,56.85317675,-157.5544362,AK,"Located on the Alaska Peninsula, 450 miles southwest of Anchorage, Aniakchak National Monument and Preserve is inaccessible by road. Notoriously bad weather makes access to Aniakchak unpredictable. Drop-offs and/or pick-ups may be significantly delayed.",http://www.nps.gov/ania/planyourvisit/directions.htm,"When you visit, be prepared to encounter all types of weather. On average, wet and cool conditions predominate in spring, summer, and fall. Strong winds can delay the departure and arrival of boats and floatplanes.",USA
"8415526C-C932-4236-A634-2D89DF718936",anti,Antietam,Antietam National Battlefield,https://www.nps.gov/anti/index.htm,"23,000 soldiers were killed, wounded or missing after twelve hours of savage combat on September 17, 1862. The Battle of Antietam ended the Confederate Army of Northern Virginia's first invasion into the North and led Abraham Lincoln to issue the preliminary Emancipation Proclamation.",National Battlefield,39.46763452,-77.73828017,MD,Ten miles south of I-70 on Maryland Route 65,http://www.nps.gov/anti/planyourvisit/directions.htm,The weather is fairly mild. Summers can be very warm and humid and winters cold and snowy. We have four distinct seasons with the fall and spring being the best times to visit the battlefield.,USA
D84122DD-1B0E-4D13-927C-5D6D2A0D200E,apis,Apostle Islands,Apostle Islands National Lakeshore,https://www.nps.gov/apis/index.htm,"Apostle Islands National Lakeshore, located at the northern tip of Wisconsin's Bayfield Peninsula, features 21 stunning islands, a scenic 12-mile shoreline along Lake Superior, and is located within the ancestral homeland of the Ojibwe people. Established in 1970, the park showcases picturesque sea caves, sandy beaches, and the largest collection of lighthouses in the National Park system.",National Lakeshore,46.96240467,-90.66045665,WI,"Apostle Islands National Lakeshore is located in northern Wisconsin along the shores of Lake Superior. The Lakeshore has several entrance points, with much of its area accessible primarily by water.",http://www.nps.gov/apis/planyourvisit/directions.htm,"Lake Superior is renowned for its cold temperatures, rough seas, fog, and sudden squalls. Boaters and paddlers should monitor marine weather forecasts and be constantly alert to changing conditions. Average daytime high temperatures range from 60 degrees Fahrenheit in May, to the upper 80s in mid-summer, to the mid-60s in September. Average lows vary from 40 degrees in May, to the upper 50s in mid-summer, to 50 degrees in September. Average water temperatures in May and June are only in the 40s.",USA
FAEF5684-83A4-4CF2-A701-60CF8D4014BD,appa,Appalachian,Appalachian National Scenic Trail,https://www.nps.gov/appa/index.htm,"The Appalachian Trail is a 2,190+ mile long public footpath that traverses the scenic, wooded, pastoral, wild, and culturally resonant lands of the Appalachian Mountains. Conceived in 1921, built by private citizens, and completed in 1937, today the trail is managed by the National Park Service, US Forest Service, Appalachian Trail Conservancy, numerous state agencies and thousands of volunteers.",National Scenic Trail,40.41029575,-76.4337548,"CT,GA,MA,MD,ME,NC,NH,NJ,NY,PA,TN,VA,VT,WV","There are many points of access along the Appalachian Trail, whether it is by car, train, bus or plane. For more detailed directions, please refer to the ""Directions"" section of our park webpage.",http://www.nps.gov/appa/planyourvisit/directions.htm,"It is your responsibility to be prepared for all weather conditions, including extreme and unexpected weather changes year-round. As the trail runs from Georgia to Maine there will be different weather conditions depending on your location. For weather along specific sections of the trail and at specific shelters, please refer to: http://www.atweather.org/",USA
"16CCCC56-1DC1-47D6-AE91-E939955BFC53",apco,Appomattox Court House,Appomattox Court House National Historical Park,https://www.nps.gov/apco/index.htm,"On April 9, 1865, the surrender of the Army of Northern Virginia in the McLean House in the village of Appomattox Court House, Virginia signaled the effective end of the nation's largest war. Questions remained: could the nation reunite as one? How would emancipation be realized?",National Historical Park,37.38022164,-78.79856982,VA,"Appomattox Court House NHP is located 3 miles east of U.S. Highway 460, and 3 miles east of the modern town of Appomattox, Virginia along Rt. 24.",http://www.nps.gov/apco/planyourvisit/directions.htm,"The park may close due to emergency weather conditions (typically snow or ice). For updated information about possible closure or altered hours due to weather, please call 434-352-8987 ext. 245.",USA
"36240051-018E-4915-B6EA-3F1A7F24FBE4",arch,Arches,Arches National Park,https://www.nps.gov/arch/index.htm,"Discover a landscape of contrasting colors, land forms, and textures unlike any other. The park has over 2,000 natural stone arches, hundreds of soaring pinnacles, massive rock fins, and giant balanced rocks. This red-rock wonderland will amaze you with its formations, refresh you with its trails, and inspire you with its sunsets.",National Park,38.72261844,-109.5863666,UT,"Arches National Park is located in southeast Utah, five miles north of Moab on US 191. From Moab, Utah, drive five miles north on Main Street/US 191. Turn right at the stoplight. From Interstate 70, take exit 182 (Crescent Junction), then drive south 28 miles on US 191. Turn left at the stoplight.",http://www.nps.gov/arch/planyourvisit/directions.htm,"Arches is part of the Colorado Plateau, a ""high desert"" region that experiences wide temperature fluctuations, sometimes over 40 degrees in a single day. The temperate (and most popular) seasons are spring (April-May) and fall (mid-September-October), when daytime highs average 60 to 80 F and lows average 30 to 50 F. Summer temperatures often exceed 100 F, making strenuous exercise difficult. Winters are cold, with highs averaging 30 to 50 F, and lows averaging 0 to 20 F.",USA
"6876F4F4-9B8F-4648-89EA-C1BBF770C494",arpo,Arkansas Post,Arkansas Post National Memorial,https://www.nps.gov/arpo/index.htm,"Located at the confluence of two rivers, Arkansas Post has served as a gathering place for many cultures throughout human history - it represents cultural cooperation, conflict, synthesis, and diversity.",National Memorial,34.00389998,-91.30837178,AR,"Arkansas Post National Memorial is located in southeastern Arkansas. The entrance to the park is on Arkansas Hwy 169, seven miles south of Gillett, via US Hwy 165 (The Great River Road), and about 20 miles northeast of Dumas, via US 165.",http://www.nps.gov/arpo/planyourvisit/directions.htm,"Arkansas shares the same climate classification as the rest of the southeastern United States: humid subtropical. This type of climate features relatively mild winters and hot, steamy summers.",USA
E84B1E08-CCE8-4FFF-8DB6-B92F40953225,arho,"Arlington House, The Robert E. Lee Memorial","Arlington House, The Robert E. Lee Memorial",https://www.nps.gov/arho/index.htm,"Arlington House is the nation’s memorial to Robert E. Lee. It honors him for specific reasons, including his role in promoting peace and reunion after the Civil War. In a larger sense it exists as a place of study and contemplation of the meaning of some of the most difficult aspects of American history: military service; sacrifice; citizenship; duty; loyalty; slavery and freedom.","",38.8822021484,-77.0734786987,VA,"Public Transportation: The Memorial is accessible by the Blue Line of the Metro subway system. The Arlington Cemetery subway station is near the Visitor Center for the cemetery. Car: Arlington House is located inside Arlington National Cemetery. If you plan to come in a vehicle, the nearest parking is in the Arlington National Cemetery parking garage. From the entrance and Welcome Center at Arlington National Cemetery, one can walk up the hill to Arlington House (approximately 15 minutes-steep)",https://www.nps.gov/arho/planyourvisit/directions.htm,"Summers at Arlington House are generally hot and humid, with daytime highs frequently above 90 degrees Fahrenheit and scattered afternoon thunderstorms. Please carry water while participating in physical activity and be prepared to take shelter from lightning. Winters at Arlington are generally cold, with nighttime lows frequently near freezing and occasional snowfall. Please be alert for snowplows and icy spots on roadways. Weather during spring and fall is generally moderate, but can change quickly.",USA
"307BE169-345D-472C-8128-20F1D59864A7",asis,Assateague Island,Assateague Island National Seashore,https://www.nps.gov/asis/index.htm,"Want to live on the edge? Visit a place recreated each day by ocean wind and waves. Life on Assateague Island has adapted to an existence on the move. Explore sandy beaches, salt marshes, maritime forests and coastal bays. Rest, relax, recreate and enjoy some time on the edge of the continent.",National Seashore,38.05593172,-75.24524611,"MD,VA","There are two entrances to Assateague Island National Seashore. Assateague's north entrance is at the end of Route 611, eight miles south of Ocean City, MD. The south entrance is at the end of Route 175, two miles east of Chincoteague, VA. There is no vehicle access between the two entrances on Assateague Island. Vehicles must return to the mainland to access either the north or south entrance.",http://www.nps.gov/asis/planyourvisit/directions.htm,"Spring: Often windy and cool with lows in the 40's and highs in the 60's. Summer: Hot and humid with lows in the 60's and highs in the 80's. Fall: Warm with lows in the 50's and highs in the 70's. Winter: Damp cold and often windy. Lows in the 20's, highs in the 40's.",USA
CD54150B-24F6-4B96-8D6F-B23AF92A70F2,azru,Aztec Ruins,Aztec Ruins National Monument,https://www.nps.gov/azru/index.htm,"Aztec Ruins has some of the best-preserved Chacoan structures of its kind. Learn more about the ancestral Pueblo people in the park's museum and explore the Aztec West great house to see exceptionally advanced architecture, original wooden beams, and a restored Great Kiva. Aztec Ruins is a deeply sacred place to many Indigenous peoples across the American Southwest. Please visit with respect.",National Monument,36.83682216,-107.9999245,NM,"From Albuquerque/Bloomfield, NM: Follow Hwy 550 north into Aztec, turn left onto Highway 516, drive 3/4 mile, then turn right onto Ruins Road. Follow Ruins Road 1/2 mile to the monument. From Durango, CO: Follow Hwy 550 south into Aztec, where it will become 516. Turn right onto Ruins Road. Follow Ruins Road 1/2 mile to the monument. From Farmington, NM Follow Highway 516 east into Aztec. 1/4 mile past Lightplant Road, turn left onto Ruins Road. Follow Ruins Road 1/2 mile to the monument.",http://www.nps.gov/azru/planyourvisit/directions.htm,"Summer High temperatures range between 80°F and 99°F degrees with a few days over 100°F. Afternoon thunderstorms usually cool things down in late July and August. Fall Usually pleasant, with mild days and crisp nights. Winter Daytime temperatures range between 20°F and 50°F with cold nights that can reach 0°F. Snow is periodic, but accumulations are typically only 1-2 inches. Spring Weather is especially unpredictable: it can be windy, cold, and wet, or still, warm, and dry.",USA
B170CCF7-7AB9-48FF-950E-31815FD4DBB2,badl,Badlands,Badlands National Park,https://www.nps.gov/badl/index.htm,"The rugged beauty of the Badlands draws visitors from around the world. These striking geologic deposits contain one of the world’s richest fossil beds. Ancient horses and rhinos once roamed here. The park’s 244,000 acres protect an expanse of mixed-grass prairie where bison, bighorn sheep, prairie dogs, and black-footed ferrets live today.",National Park,43.68584846,-102.482942,SD,"Badlands National Park is located 75 miles east of Rapid City, South Dakota. Physical Addresses for GPS* Park Headquarters: 25216 Ben Reifel Road, Interior, SD 57750. Northeast Entrance (I-90, Exit 131): 21020 SD Hwy 240, Interior, SD 57750. Pinnacles Entrance (I-90, Exit 110): 24240 Hwy 240, Wall, SD 57790. Interior Entrance: 20640 SD Hwy 377, Interior, SD 57750.",http://www.nps.gov/badl/planyourvisit/directions.htm,The Badlands weather is variable and unpredictable with temperature extremes ranging from 116° F to -40° F. Summers are hot and dry with occasional violent thunderstorms. Hailstorms and occasional tornadoes can descend on the Badlands with sudden fury. Winters are typically cold with 12 to 24 inches of total snowfall.,USA
A21F01BC-9E47-4DBE-8655-A1651FC2C1B1,bawa,Baltimore-Washington,Baltimore-Washington Parkway,https://www.nps.gov/bawa/index.htm,"This 29-mile highway connects Baltimore, MD and Washington, D.C. The parkway has carried visitors to and from the capital city since 1954.",Parkway,39.02604289,-76.85410921,MD,"This 29-mile highway connects Baltimore, MD and Washington, D.C",http://www.nps.gov/bawa/planyourvisit/directions.htm,"The Washington, D.C. area has a four-season Mid-Atlantic climate. Summertime is warm and humid, while winter can be cold and snowy. Spring: During these months of transition, the weather can alternate from warm, humid air coming from the south to cold, dry air coming from the northwest. Be prepared for changing conditions. Summer: The warmest months are June, July, and August, with average highs in the 80s (~31 ?) combined with high humidity. Temperatures often climb into the 90s (~34?).",USA
E28CA30C-2D81-4394-81E9-67677C412115,band,Bandelier,Bandelier National Monument,https://www.nps.gov/band/index.htm,"Bandelier National Monument protects over 33,000 acres of ruggedly beautiful canyon and mesa country. Petroglyphs, dwellings carved into the soft rock cliffs, and standing masonry walls pay tribute to the early days of a culture that still survives in the surrounding communities.",National Monument,35.77898596,-106.3317124,NM,"From NM285 US84 in Pojaque NM. West on NM502, West on NM4 to White rock. Then 12 miles to the monument entrance on the south side of the road.",http://www.nps.gov/band/planyourvisit/directions.htm,"Spring daytime temperatures in the 70's can be followed by a snow storm with wet heavy snow and daytime temperatures in the 40's. Summers are dry with June usually being the hottest month of the year. Days in July, August and September often end with thunderstorms that can drop heavy localized rain and are often accompanied by lightning. Autumn weather is usually sunny with blue skies and warm (but not hot) days and cool nights. Winter average snowfall 25"". Snow and ice can close trails and roads.",USA
E7E4E103-5FA9-45AC-8843-05DE554CDBB7,bepa,Belmont-Paul Women's Equality,Belmont-Paul Women's Equality National Monument,https://www.nps.gov/bepa/index.htm,"Home to the National Woman's Party for more than 90 years, this was the epicenter of the struggle for women's rights. From this house in the shadow of the U.S. Capitol and Supreme Court, Alice Paul and the NWP developed innovative strategies and tactics to advocate for the Equal Rights Amendment and equality for women. President Barack Obama designated the national monument on April 12, 2016.",National Monument,38.89231541,-77.00381882,DC,"The Belmont-Paul Women's Equality NM is located on Capitol Hill at the corner of Constitution Avenue and 2nd Street, NE, next to the Hart Senate Office building. It is a free-standing, federal style brick house surrounded by a black cast-iron fence. The entrance for the museum tours and bookstore is located on 2nd Street. Follow the entrance signs to the brick staircase and outdoor lift. The door facing Constitution Avenue is not an entrance.",http://www.nps.gov/bepa/planyourvisit/directions.htm,Washington DC gets to see all four seasons. Humidity will make the temps feel hotter in summer and colder in winter. Spring (March - May) Temp: Average high is 65.5 degrees with a low of 46.5 degrees Summer (June - August) Temp: Average high is 86 degrees with a low of 68.5 degrees Fall (September - November) Temp: Average high is 68 degrees with a low of 51.5 degrees Winter (December - February) Temp: Average high is 45 degrees with a low of 30 degrees (Source: www.usclimatedata.com),USA
"87F9EFC7-1951-4250-A367-644EC5C4E6A2",beol,Bent's Old Fort,Bent's Old Fort National Historic Site,https://www.nps.gov/beol/index.htm,"In the 1840s the Arkansas River was the border between territory claimed by the United States and Mexico. Located along the river, Bent's Fort was an adobe trading post on the Santa Fe Trail, where traders, trappers, travelers, and the Cheyenne and Arapaho tribes came together in peaceful terms for trade. Today, a reconstructed fort allows visitors to explore the front line of Westward Expansion.",National Historic Site,38.03977546,-103.4266499,CO,"The park is accessed via U.S. Highway 50 and Highway 194. From La Junta, Colorado on U.S. Highway 50, take Colorado Highway 109 north 1 mile to Colorado Highway 194, then east on Colorado Highway 194 six miles to the fort. From Las Animas, Colorado, on U.S. Highway 50, take Colorado Highway 194 west 13 miles. Set your GPS to 35110 State Highway 194 E., La Junta, CO.",http://www.nps.gov/beol/planyourvisit/directions.htm,"Summer temperatures are often in the high 90s and low 100s. Weather is generally fair in the fall and spring. Winter temperatures can be below freezing. Most of the fort is unheated and does not have modern cooling systems, so dress accordingly.",USA
EE1F4878-00FB-4760-A77F-EA76DB8DEFD9,bela,Bering Land Bridge,Bering Land Bridge National Preserve,https://www.nps.gov/bela/index.htm,Bering Land Bridge National Preserve lies at the continental crossroad that greatly influenced the distribution of life in the Western Hemisphere during the Pleistocene Epoch. It is a vital landscape for Indigenous communities who depend on the land just as their ancestors did for many generations. It is a wild and ecologically healthy landscape unlike any other.,National Preserve,65.96087902,-164.4086432,AK,"The Bering Land Bridge Visitor Center is located in Nome, AK. Nome, AK is not on the road system and may be reached via a commercial flight. The Bering Land Bridge Visitor Center is located about a mile from Nome Airport. Bering Land Bridge National Preserve is located in the northern portion of the Seward Peninsula. There are no roads or trails into the parklands. Logistics on how to reach Bering Land Bridge is based on an individual’s resources and abilities.",http://www.nps.gov/bela/planyourvisit/directions.htm,"Weather in the Seward Peninsula is generally characterized by long freezing winters and short, cool summers. Coastal areas typically have mild weather, while the interior has greater seasonal variation in temperature and precipitation.",USA
C9056F71-7162-4208-8AE9-2D0AEFA594FD,bibe,Big Bend,Big Bend National Park,https://www.nps.gov/bibe/index.htm,"There is a place in Far West Texas where night skies are dark as coal and rivers carve temple-like canyons in ancient limestone. Here, at the end of the road, hundreds of bird species take refuge in a solitary mountain range surrounded by weather-beaten desert. Tenacious cactus bloom in sublime southwestern sun, and species diversity is the best in the country. This magical place is Big Bend...",National Park,29.29817767,-103.2297897,TX,"Several highways lead to Big Bend National Park: TX 118 from Alpine to Study Butte or FM 170 from Presidio to Study Butte (then 26 miles east to park headquarters) or US 90 or US 385 to Marathon (then 70 miles south to park headquarters). Distances between towns and services are considerable. Be sure you have plenty of gas, food, water, and supplies for your trip. There are no electric vehicle charging stations in Big Bend National Park. The closest EV charging station is 130 miles away in Fort Stockton.",http://www.nps.gov/bibe/planyourvisit/directions.htm,"Big Bend is in the Chihuahuan Desert. Sunshine is abundant year-round. Spring (March) is typically warm and pleasant and is the park's busiest season. Summer heat begins in May. It is extremely HOT. Temperatures vary greatly between the desert which is usually well above 100 degrees F by late morning, and the Chisos Mountains, which can be 10-15 degrees cooler. May - August are the hottest months. Fall and Winter (Nov-Feb) are mild and pleasant, but some freezing does occur. Snow is rare.",USA
E0F4D5E3-3E4A-4345-B86A-1B0CAD7461F1,bicy,Big Cypress,Big Cypress National Preserve,https://www.nps.gov/bicy/index.htm,"The freshwaters of the Big Cypress Swamp, essential to the health of the neighboring Everglades, support the rich marine estuaries along Florida's southwest coast. Conserving over 729,000 acres of this vast swamp, Big Cypress National Preserve contains a mixture of tropical and temperate plant communities that are home to diverse wildlife, including the Endangered Florida panther.",National Preserve,25.97079602,-81.08120629,FL,Big Cypress National Preserve is located along Tamiami Trail East (US 41) and I-75 in southern Florida. The preserve can be accessed by driving from the cities of Miami and Naples. The preserve's two visitor centers are located along Tamiami Trail East.,http://www.nps.gov/bicy/planyourvisit/directions.htm,"Big Cypress National Preserve experiences two predominant seasons- wet and dry. RAINY SEASON (May through October) While visiting during this season you may find daily afternoon thunderstorms, high humidity, temperatures in the mid-to-high 80s and a multitude of mosquitoes. DRY SEASON (November through April) Falling water levels within Big Cypress make this a pleasant time to hike, camp, and watch wildlife.",USA
"3262234F-A56A-447D-AE6C-F5C734ABD3A4",biho,Big Hole,Big Hole National Battlefield,https://www.nps.gov/biho/index.htm,"On August 9, 1877, gun shots shattered a chilly dawn on a sleeping camp of Nez Perce. By the time the smoke cleared on August 10, almost 90 Nez Perce were dead along with 31 soldiers and volunteers. Big Hole National Battlefield was created to honor all who were there.",National Battlefield,45.64647324,-113.6458443,MT,Big Hole National Battlefield is located on Highway 43 ten miles west of the town of Wisdom in southwestern Montana. Bear Paw Battlefield is located on Route 240 sixteen miles south of the town of Chinook in north-central Montana.,http://www.nps.gov/biho/planyourvisit/directions.htm,"This climatic region is typified by large seasonal temperature differences, with warm to hot (and often humid) summers and cold (sometimes severely cold) winters. Wisdom has a humid continental climate.",USA
"61EC5C9A-1A38-4040-AE38-E62FD2A9A836",biso,Big South Fork,Big South Fork National River & Recreation Area,https://www.nps.gov/biso/index.htm,"Encompassing 125,000 acres of the Cumberland Plateau, Big South Fork National River and Recreation Area protects the free-flowing Big South Fork of the Cumberland River and its tributaries. The area boasts miles of scenic gorges and sandstone bluffs, is rich with natural and historic features and has been developed to provide visitors with a wide range of outdoor recreational activities.",National River and Recreation Area,36.5348388,-84.66506688,"KY,TN",Please use the following link to learn more about how to get here from various locations.,http://www.nps.gov/biso/planyourvisit/directions.htm,"The weather along the Cumberland Plateau can be best described as unpredictable. Each season brings its own weather patterns. Summers are generally hot and humid, with high temperatures sometimes eclipsing 90 degrees. The low temperatures in winter often dip below freezing. Spring sees the most amount of precipitation, but rainfall can occur in various amounts throughout the year.",USA
"3AA12AD8-4FEB-491D-AEB2-CC0F74CD00E0",bith,Big Thicket,Big Thicket National Preserve,https://www.nps.gov/bith/index.htm,"Life of all types abounds in the Big Thicket. This national preserve protects the incredible diversity of life found where multiple habitats meet in southeast Texas. Hiking trails and waterways meander through nine different ecosystems, from longleaf pine forests to cypress-lined bayous. It is a place of discovery, a place to wander and explore, a place to marvel at the richness of nature.",National Preserve,30.457983431,-94.386742115,TX,"The main corridor through the Big Thicket is US Hwy 69/287 between Beaumont and Woodville. Many smaller roads and highways branch off of the main corridor to reach trailheads and scenic areas. The visitor center is located at the intersection of US 69/287 and FM 420, about 7 miles north of Kountze and 30 miles north of Beaumont.",http://www.nps.gov/bith/planyourvisit/directions.htm,"SPRING: Expect comfortable weather in Mar/Apr, with heat & humidity increasing in May. SUMMER: High heat, high humidity, and thunderstorms are common. Hurricane & tropical storm activity peaks in late summer. FALL: Early fall can be hot, while Oct/Nov bring pleasant temperatures. WINTER: Mild, chilly weather with occasional cold spells. Snow is rare, though Dec/Jan/Feb nights may dip below freezing.",USA
"7568A0D8-73B1-44E6-82C7-E10BA1872209",bica,Bighorn Canyon,Bighorn Canyon National Recreation Area,https://www.nps.gov/bica/index.htm,"The vast, wild landscape of Bighorn Canyon National Recreation Area offers visitors unparalleled opportunities to immerse themselves in the natural world, and experience the wonders of this extraordinary place. With over 120,000 acres, one can find an astounding diversity in ecosystems, wildlife, and more than 10,000 years of human history to explore.",National Recreation Area,45.13154227,-108.1443943,"MT,WY","Bighorn Canyon has two districts that are separated by a three hour drive. To get to the North District at Fort Smith, MT from Billings, take Interstate 90 south to Hardin, MT. Turn at exit 495 onto State Highway 313 to St. Xavier and then to Fort Smith, Montana. To get to the South District at Lovell, WY from Billings, MT, take Interstate 90 west. Turn at exit 434 at Laurel, MT. Turn onto US 310 East/US 212 South. Turn at US 310 East to Lovell. The visitor center is on the east side of Lovell.",http://www.nps.gov/bica/planyourvisit/directions.htm,"North District: Semi-arid, receiving 18 to 20 inches of rain annually. South District: High-desert, receiving 6 to 10 inches of rain annually. Summer temperatures: Highs in the 80s (F) and 90s (F), lows in the 50s (F) and 60s (F). Summer temperatures can peak over 100 degrees. Winter temperatures: Range in the 20s and 30s with low temperatures averaging the 10s (F) and 20s (F). During the winter the thermometer can drop below 0 (F) with extreme wind chill factors.",USA
"99907F85-7E09-40FE-BF5E-A9AB7F09A7E2",bicr,Birmingham Civil Rights,Birmingham Civil Rights National Monument,https://www.nps.gov/bicr/index.htm,"In 1963, images of snarling police dogs unleashed against non-violent protesters and of children being sprayed with high-pressure hoses appeared in print and television news around the world. These dramatic scenes of violent police aggression against civil rights protesters in Birmingham, Alabama were vivid examples of segregation and racial injustice in America.",National Monument,33.5154266357,-86.814666748,AL,"Via I-65 North or South From I-65, take I-20/59 NE towards Atlanta. Exit at the 17th Street Exit (first exit off of I-20/59). Bear right and proceed to the light. From that light go two blocks to 6th Avenue N. Turn right on to 6th Avenue N. The Birmingham Civil Rights Institute is one block up on your left. A.G. Gaston Motel The interior of the A.G. Gaston Motel is currently closed to the public and updates for the Motel opening will be available on the NPS park website at a later date.",https://www.nps.gov/bicr/planyourvisit/directions.htm,"Temperatures can soar to extremes of heat and humidity in the summer and fall to damp, wet, cold in the winter. Visitors should dress in comfortable clothing during the summer season, wear comfortable shoes, and use sunscreen. Drink plenty of fluids to maintain hydration. In the spring and fall, visitors should have a light jacket available as temperatures can drop suddenly. Winter temperatures can be unpredictable, ranging from mild to extremely cold.",USA
FBF9F793-5114-4B61-A5BA-6F9ADDFDF459,bisc,Biscayne,Biscayne National Park,https://www.nps.gov/bisc/index.htm,"Within sight of Miami, yet worlds away, Biscayne protects a rare combination of aquamarine waters, emerald islands, and fish-bejeweled coral reefs. Evidence of 10,000 years of human history is here too; from prehistoric tribes to shipwrecks, and pineapple farmers to presidents. For many, the park is a boating, fishing, and diving destination, while others enjoy a warm breeze and peaceful scenery.",National Park,25.490587,-80.21023851,FL,The Dante Fascell Visitor Center may be reached from the Florida Turnpike by taking Exit 6 (Speedway Boulevard). Turn left from exit ramp and continue south to SW 328th Street (North Canal Drive). Turn left on 328th Street and continue for four miles to the end of the road. The park entrance is on the left just before the entrance to Homestead Bayfront Marina.,http://www.nps.gov/bisc/planyourvisit/directions.htm,"The park is situated in a subtropical climate, which ensures sunshine year-round. Winters are normally dry and mild, with occasional fronts bringing wind and little rain. Summer brings hot and humid weather with scattered thunderstorms in the afternoons. The average temperature in January is 68 degrees Fahrenheit and 82 in July. The average rainfall for the area is 2.17 inches in January and 3.95 inches in July. June to November is hurricane season.",USA
BDBD573F-97EF-44E7-A579-471679F2C42A,blca,Black Canyon Of The Gunnison,Black Canyon Of The Gunnison National Park,https://www.nps.gov/blca/index.htm,"Big enough to be overwhelming, yet still intimate enough to feel the pulse of time. Come see some of the steepest cliffs, oldest rock, and craggiest spires in North America. Forces of nature and the Gunnison River sculpted this canyon over two million years. The result is a vertical wilderness of rock, water, and sky.",National Park,38.57779869,-107.7242756,CO,"South Rim: 7 miles north on CO Highway 347 from the intersection with U.S. Highway 50 east of Montrose. Physical/GPS address is: 9800 Highway 347, Montrose, CO 81401 North Rim: 11 miles southwest of Crawford, Colorado. From CO Highway 92, turn west on Black Canyon Road approximately 3 miles south of Crawford. Follow the road signs to the park.",http://www.nps.gov/blca/planyourvisit/directions.htm,"Today's Weather: http://www.weather.com/weather/today/l/NPBLCA:13:US CLIMATE Weather can vary greatly throughout the day. Summer daytime temperatures range between 55 to 90F (13 to 32C), nights 45 to 60F (7 to 16C). Winter daytime temperatures range between 15 to 40F (-9 to 4C), nights 10 to 20F (-12 to -6C). Afternoon thunderstorms are common during the summer. Snow accumulation varies greatly year to year. Layered clothing appropriate for the season is recommended.",USA
A36366E7-5663-4531-B0CE-D58928C6D01B,blrv,Blackstone River Valley,Blackstone River Valley National Historical Park,https://www.nps.gov/blrv/index.htm,"The Blackstone River powered America's entry into the Age of Industry. The success of Samuel Slater's cotton spinning mill in Pawtucket, RI touched off a chain reaction that changed how people worked and where they lived. Learn how this revolution transformed the landscape of the Blackstone Valley and the United States. Old Slater Mill is open Thursdays - Sundays.",National Historical Park,41.8775792792,-71.382433945,"RI,MA","The park headquarters is located at the Wilkinson Mill in the Historic Slater Mill Complex in Pawtucket, RI. 67 Roosevelt Avenue Pawtucket, RI 02860 401-428-3816",http://nps.gov/blrv/planyourvisit/directions.htm,Summer temperatures range from 56-83F. Fall temperatures range from 30-70F. Winter temperatures range from 20-45F. Spring temperatures range from 30-70F.,USA
"4A71FEB9-5968-4A27-9794-F202C96FFA55",blsc,Blackwell School,Blackwell School National Historic Site,https://www.nps.gov/blsc/index.htm,"Written by prejudice rather than law, the story of the Blackwell School is one of “separate but equal” education for Mexican and Mexican American citizens of Marfa, Texas. Built in 1909, the school serves as a significant example of how racism and cultural disparity dominated education and social systems in the United States during this period of de facto segregation from 1889-1965.",National Historic Site,30.3058518804,-104.0224322179,TX,The Blackwell School is located in west Texas in the community of Marfa at the junction of US 90 and US 67 highways.,https://www.nps.gov/blsc/planyourvisit/directions.htm,Marfa experiences long and hot summers from May – September. The winters are cold and windy with occasional light snow due to its elevation from November – February. Spring and fall offer pleasant temperatures and light rainfall.,USA
"712044CE-4C85-48C2-813E-310A9C6C74E1",blri,Blue Ridge,Blue Ridge Parkway,https://www.nps.gov/blri/index.htm,"A Blue Ridge Parkway experience is unlike any other: a slow-paced and relaxing drive revealing stunning long-range vistas and close-up views of the rugged mountains and pastoral landscapes of the Appalachian Highlands. The Parkway meanders for 469 miles, protecting a diversity of plants and animals, and providing opportunities for enjoying all that makes this region of the country so special.",Parkway,35.5657195274,-82.486484587,"NC,VA","The parkway is a 469-mile-long scenic road connecting Shenandoah National Park in Virginia to Great Smoky Mountains National Park in North Carolina. Numerous federal and state highways provide access to the parkway. Milepost markers are positioned every mile along the parkway, starting at 0 in Virginia and ending at 469 in North Carolina. We suggest using a map to identify the area you want to visit, as GPS directions often do not incorporate the parkway's milepost system.",http://www.nps.gov/blri/planyourvisit/directions.htm,"The weather on the parkway can vary widely along its 469-mile route. Precipitation is possible any time of the year. Winter can be cold and snowy, especially at the higher elevations. Spring and fall can have large temperature swings, from near freezing to over 80 degrees Fahrenheit. Summers are hot in the lower elevations, but the highest elevations remain cooler. Summertime thunderstorms are common, so be prepared for weather changes.",USA
"14025CA9-91DE-4D36-B4CA-9880463C3BC2",blue,Bluestone,Bluestone National Scenic River,https://www.nps.gov/blue/index.htm,The Bluestone River and the rugged and ancient gorge it has carved is a richly diverse and scenic area of the southern Appalachians. Bluestone National Scenic River is preserved as a living landscape that provides an unspoiled experience for visitors and a haven for a variety of plants and animals. The park protects a 10.5-mile section of the Bluestone River in southern West Virginia.,National Scenic River,37.56577087,-80.98366657,WV,"Bluestone National Scenic River is most easily accessed via Bluestone State Park and Pipestem Resort State Park. A narrow, graveled park road provides access to the Bluestone Turnpike Trail at the former Lilly town site at the confluence of the Little Bluestone River. To reach these parks from I-64, take exit 139, then south on Rt. 20. From I-77 take exit 14 to Rt.20 north. Either direction, Bluestone State Park is 15 miles and Pipestem is 22 miles.",http://www.nps.gov/blue/planyourvisit/directions.htm,"Summer: Temperatures range from low to mid 60's at night to middle to upper 80's during the daytime hours. Winter: Temperatures average from the mid 20's to the mid 40's. Snowfall amount varies, but averages 5"" per month Dec. - March. Spring and Fall: temperatures and rainfall variable. Peak fall foliage is usually mid-October.",USA
"6278FE68-139E-4758-A6DE-9A0437F777B5",bowa,Booker T Washington,Booker T Washington National Monument,https://www.nps.gov/bowa/index.htm,"Booker T. Washington was born a slave in April 1856 on the 207-acre farm of James Burroughs. After the Civil War, Washington became the first principal of Tuskegee Normal and Industrial School. Later as an adviser, author and orator, his past would influence his philosophies as the most influential African American of his era. Come explore his birthplace.",National Monument,37.11520539,-79.73185833,VA,"The monument is located on VA 122 (Booker T. Washington Highway), 22 miles southeast of Roanoke, VA. From I-81 take I-581, then U.S. 220 south from Roanoke to VA 122. From the Blule Ridge Parkway take VA 43 south to VA 122. From Lynchburg take U.S. 460 west to VA 122.",http://www.nps.gov/bowa,Please contact the park at 540/721-2094 during inclement weather conditions to find out about closures.,USA
"87F00684-8E1F-4E12-B463-2B5B929A0C74",boaf,Boston African American,Boston African American National Historic Site,https://www.nps.gov/boaf/index.htm,"Centered on the north slope of Beacon Hill, the African American community of 1800s Boston led the city and the nation in the fight against slavery and injustice. These remarkable men and women, together with their allies, were leaders in the Abolition Movement, the Underground Railroad, the Civil War, and the early struggle for equal rights and education.",National Historic Site,42.35908295,-71.06764181,MA,"Site administrative offices are located at Faneuil Hall and the Charlestown Navy Yard. Seasonal ranger programs begin at either the Robert Gould Shaw Memorial on Beacon Street, or at the Museum of African American History at 46 Joy Street on Beacon Hill.",http://www.nps.gov/boaf/planyourvisit/directions.htm,"Boston African American National Historic Site is located in downtown Boston which can see extreme cold in the winter months, as well as extreme heat and humidity throughout the summer months. Walking tours may be cancelled during severe heat and/or weather events.",USA
"65E0DF4A-4082-4B48-93BD-5021987CDD7A",boha,Boston Harbor Islands,Boston Harbor Islands National Recreation Area,https://www.nps.gov/boha/index.htm,". . . where you can walk a Civil War-era fort, view historic lighthouses, explore tide pools, hike lush trails, camp under the stars, or relax while fishing, picnicking, or swimming—all within reach of downtown Boston. Youth programs, visitor services, research, wildlife management, and more are coordinated on the park's 34 islands and peninsulas by the Boston Harbor Islands Partnership.",National Recreation Area,42.30905526,-70.93941138,MA,"There are many ways to enjoy Boston Harbor Islands and many ways to get there. For more information on how to get to the park by ferry, car, or private boat, please visit www.bostonharborislands.org.",http://www.nps.gov/boha/planyourvisit/directions.htm,"The Boston Harbor Islands have a humid maritime climate characterized by slightly cooler temperatures than the mainland, so dress in layers. Typical summer conditions feature air temperatures approximately 5-10 degrees cooler than the mainland, winds of 0-15 knots and waves of 1-3 feet.",USA
"81F81EBD-0FE7-4811-88EF-AB071E737D97",bost,Boston,Boston National Historical Park,https://www.nps.gov/bost/index.htm,"Discover how one city could be the Cradle of Liberty, site of the first major battle of American Revolution, and home to many who espoused that freedom can be extended to all.",National Historical Park,42.36957407,-71.05536763,MA,"Visitor Centers are located at Historic Faneuil Hall, 1 Faneuil Hall Sq, and the Charlestown Navy Yard, Building 5. The Bunker Hill Museum is located at 43 Monument Square, Charlestown. Go to the Directions page for more detailed information.",http://www.nps.gov/bost/planyourvisit/directions.htm,"Temperatures range from warm, humid summer days to cold New England winter days. Wear comfortable sportswear in season, with comfortable walking shoes.",USA
F6555AB7-654F-4418-8827-F91F54536C04,brcr,Brices Cross Roads,Brices Cross Roads National Battlefield Site,https://www.nps.gov/brcr/index.htm,"The Confederate victory at Brices Cross Roads was a significant victory for Major General Nathan Bedford Forrest, but its long term effect on the war proved costly for the Confederates. Brices Cross Roads is an excellent example of winning the battle, but losing the war.",National Battlefield Site,34.50611958,-88.72889343,MS,"Brices Cross Roads National Battlefield Site can be found 15 miles north of Tupelo, Mississippi. Exit U.S. Highway 45 onto Mississippi 370, in Baldwyn, Mississippi. The battlefield is located 6 miles west of Baldwyn, on Mississippi 370. Visitors may also consider visiting the Mississippi's Final Stands Interpretive Center in Baldwyn. Exit U.S. Highway 45 at Mississippi 370 and turn east. Take the first right off of Highway 370 to the interpretive center.",http://www.nps.gov/brcr/planyourvisit/directions.htm,"Mississippi is classified as a humid subtropical climate, the weather ranges from mild winters to hot summers with high humidity between May and September. Average high temperatures reach into the high 80's in summer, and into the high 40's in winter. Check local forecasts to plan your trip.",USA
E2F59F29-1F3A-43B9-A361-7E74E5FDDEB1,brvb,Brown v. Board of Education,Brown v. Board of Education National Historical Park,https://www.nps.gov/brvb/index.htm,"The path to equality has been anything but smooth. It's taken courage and dedication by everyday people coming together for a common goal to carry the country toward true equality. Parents, teachers, secretaries, welders, ministers, and students drove their communities, and the country along with them, toward justice in a series of often unsteady turns leading to the Brown v. Board decision.",National Historical Park,39.03787665,-95.67614437,KS,"The park is located in downtown Topeka, Kansas at 1515 SE Monroe Street.",http://www.nps.gov/brvb/planyourvisit/directions.htm,"Kansas has a temperate but continental climate, with great extremes between summer and winter temperatures but few long periods of extreme hot or cold.",USA
"6B1D053D-714F-46D1-B410-04BE868F14C1",brca,Bryce Canyon,Bryce Canyon National Park,https://www.nps.gov/brca/index.htm,"Hoodoos (irregular columns of rock) exist on every continent, but here is the largest concentration found anywhere on Earth. Situated along a high plateau at the top of the Grand Staircase, the park's high elevations include numerous life communities, fantastic dark skies, and geological wonders that defy description.",National Park,37.58399144,-112.1826689,UT,From the North: Take I-15 south to UT-20 (exit 95). Travel east on UT-20 to US-89. Follow US-89 south to UT-12. Travel east on UT-12 to UT-63. Take UT-63 south to Bryce Canyon NP. From the South through Zion National Park: Take I-15 north to UT-9 (exit 16). Follow UT-9 east through Zion National Park to US-89. Travel north on US-89 to UT-12. Go east on UT-12 to UT-63. Take UT-63 south to Bryce Canyon NP. From the East Travel west on UT-12 to UT-63. Take UT-63 south to Bryce Canyon NP.,http://www.nps.gov/brca/planyourvisit/directions.htm,"Due of its high elevation climate, weather at Bryce Canyon through autumn, winter, and spring can be highly variable. From October to May temperatures fall below freezing nearly every night. The park typically experiences its coldest and snowiest periods from December through February. Spring storms in March and April can still produce heavy snowfall that may impact travel in the region. Summer highs are typically in the 70s-80s F and afternoon thunderstorms are common in July and August.",USA
"1172F473-8129-42CA-9A47-C9D0AC5CAF66",buis,Buck Island Reef,Buck Island Reef National Monument,https://www.nps.gov/buis/index.htm,"Welcome to Buck Island! Before you come, please watch our 2014 Telly Award winning film ""Caribbean Gem."" Watching this will catch you up on 50+ years of National Park Service protection and civic engagement. Learn what we do every day to preserve this resource for Virgin Islanders and visitors alike. For the General Management Plan and Environmental Compliance, visit the News page.",National Monument,17.81026717,-64.6222179,VI,Use one of our concessionaires to get to Buck Island!,https://www.nps.gov/buis/planyourvisit/directions.htm,Welcome to the tropics!,USA
DBD2FCBF-D0DD-4262-A04E-93090888F0F5,buff,Buffalo,Buffalo National River,https://www.nps.gov/buff/index.htm,"Established in 1972, Buffalo National River flows freely for 135 miles and is one of the few remaining undammed rivers in the lower 48 states. Once you arrive, prepare to journey from running rapids to quiet pools while surrounded by massive bluffs as you cruise through the Ozark Mountains down to the White River.",National River,36.04116481,-92.90761584,AR,"Buffalo National River is a long, narrow park that is crossed by three main highways. Highways 7, 43, and 62/65 are the main roads out of Harrison, Arkansas that will take you to the Buffalo River, depending on which part of the park you wish to visit. GPS systems are not reliable in this area so please call ahead for directions or pick up a map of the area beforehand.",http://www.nps.gov/buff/planyourvisit/directions.htm,Summer in the Ozarks can be very hot and humid. Please check the weather forecast prior to your arrival and plan accordingly. The weather the rest of the year has the potential to be wet and cool or dry and warm. Please pay special attention to river levels and the rain forecast when planning a trip on the river. River levels can rise dramatically in a short period of time so please be aware of conditions.,USA
F2A0D649-ED66-4BB7-A3EC-001CC42921CF,buov,Butterfield Overland,Butterfield Overland National Historic Trail,https://www.nps.gov/buov/index.htm,"In 1857, businessman and transportation entrepreneur John Butterfield was awarded a contract to establish an overland mail route between the eastern United States and growing populations in the Far West. What became known as the Butterfield Overland Trail made an arcing sweep across the southern rim of the country. Stagecoaches left twice a week carrying passengers, freight, and mail.",National Historic Trail,32.2768237589,-106.796583304,"MO,AR,OK,TX,NM,AZ,CA","Those portions of the Butterfield Overland National Historic Trail authorized by Congress include nearly 3,300 miles of historic trail.",http://www.nps.gov/buov/planyourvisit/directions.htm,"Due to the length of the trail, be sure to consult local weather sources for the region you'll be visiting. Check out the forecast with the National Weather Service and search for the area you'd like to visit: weather.gov",USA
"2DB09FB7-0408-44C9-8083-8F50039BD6DA",cabr,Cabrillo,Cabrillo National Monument,https://www.nps.gov/cabr/index.htm,"In 1542, Juan Rodriguez Cabrillo climbed out of his boat and onto shore, becoming the first European to set foot on what is now the West Coast of the United States. Cabrillo National Monument not only tells the story of this 16th-century exploration but also houses a wealth of cultural and natural resources. Join us and embark on your own Voyage of Exploration.",National Monument,32.6722503,-117.2415985,CA,FROM DOWNTOWN SAN DIEGO Take Harbor Drive past the airport Turn left onto Rosecrans Street Turn right onto Canon Street Turn left onto Catalina Blvd. (also known as Cabrillo Memorial Drive) Follow Catalina Blvd. all the way to the end,http://www.nps.gov/cabr/planyourvisit/directionstocabr.htm,"Check the current weather from the National Weather Service at https://www.weather.gov/. San Diego's climate is characterized by warm, dry summers and mild winters, with most of the annual precipitation falling between December and March. The city has a mild climate year-round, with an average of 201 days above 70 °F (21 °C) and low rainfall (9–13 inches [230–330 mm] annually).",USA
B39C368F-CB27-49EC-B2A9-E6C1552430FB,cali,California,California National Historic Trail,https://www.nps.gov/cali/index.htm,"Follow in the footsteps of over 250,000 emigrants who traveled to the gold fields and rich farmlands of California during the 1840s and 1850s: the greatest mass migration in American history. The California National Historic Trail is over 5,000 miles long and covers portions of 10 states. Step into history along more than 1,000 miles of ruts and traces from travelers and their overland wagons.",National Historic Trail,42.3999643979,-108.702415369,"CA,CO,ID,KS,MO,NE,NV,OR,UT,WY","Those portions of the California National Historic Trail authorized by Congress include nearly 2,000 miles of historic trail that was once the primary ""road"" taken by farmers, enterprising business managers, gold-seekers, and fortune hunters who chose to make a new life on the California frontier. The route passes through ten states from Missouri to California.",http://www.nps.gov/cali/planyourvisit/directions.htm,"Due to the length of the California National Historic Trail, be sure to consult local weather sources for the region you'll be visiting. Check out the forecast with the National Weather Service and search for the area you'd like to visit: weather.gov",USA
"2FB7A664-0F66-49A3-9460-194F4073BA3F",cane,Camp Nelson,Camp Nelson National Monument,https://www.nps.gov/cane/index.htm,The US Army established Camp Nelson as a fortified supply depot in April 1863. Over the next 3 years. the site evolved into a massive recruitment and training center for United States Colored Troops and a refugee camp for their families. It served as a shelter for civilians fleeing war and for enslaved people hoping to secure their freedom and aid in the destruction of slavery.,National Monument,37.7970179913,-84.598168306,KY,"Camp Nelson National Monument is located along US 27 about 20 miles south of Lexington, Kentucky, 6 miles south of Nicholasville on US 27, and 16 miles north of Danville, KY on US 27. The Park entrance is on the original Danville Pike, adjacent to US 27, one mile north of the Camp Nelson National Cemetery.",http://www.nps.gov/cane/planyourvisit/directions.htm,"Kentucky has a moderate climate, where summers are humid with highs typically in the upper 80s, and winter highs are in the low 40s. Of course, be aware of the possibility of storms or more extreme temperatures on occasion. The wettest months are March - July when about 4 inches of rain per month are expected, with other months of the year are usually drier.",USA
FFD294C0-8027-42EC-B395-9C3BF2B80F49,cana,Canaveral,Canaveral National Seashore,https://www.nps.gov/cana/index.htm,"Reflect on the barrier island which is composed of dune, hammock, and lagoon habitat. Explore ancient Timucua shell mounds. Experience the sanctuary that is provided for thousands of species of plants and animals that call Canaveral National Seashore home.",National Seashore,28.78637529,-80.75419576,FL,"Canaveral National Seashore is located along Florida's East coast in both Volusia & Brevard counties. To access Apollo Beach - take I-95 to exit 249, then go east until it turns into A1A. Follow A1A south to the park entrance. To access Playalinda Beach - take I-95 to exit 220. Go east through Titusville on Garden Street, continue east and follow the signs.",http://www.nps.gov/cana/planyourvisit/directions.htm,"Summer: Hot & humid (Temperatures average in the 90's) Winter months: Temperatures in the 40–70-degree range, with a ""cold spell"" where temperatures lower to the mid-30's). Hurricane Season: June 1st through November 30th (most activity normally occurs in August through September)",USA
"55ABA58B-B19E-4851-BDE1-1C0712B2BE2C",cari,Cane River Creole,Cane River Creole National Historical Park,https://www.nps.gov/cari/index.htm,"The Cane River region is home to a unique culture; the Creoles. Generations of the same families of workers, enslaved and tenant, and owners lived on these lands for over 200 years. The park tells their stories and preserves the cultural landscape of Oakland and Magnolia Plantations, two of the most intact Creole cotton plantations in the United States.",National Historical Park,31.65408447,-93.00131977,LA,"To reach Oakland Plantation, take I-49 to Exit 127, Flora/Cypress. Head east on LA Highway 120 toward Cypress. Cross over LA Highway 1 onto LA Highway 494. The parking lot and entrance pavilion for Oakland is 4.5 miles east of Highway 1 on the left. To reach Magnolia Plantation, take I-49 to Exit 119, Cloutierville. Cross over LA Highway 1 onto LA Highway 119. Follow Highway 119 for 1.1 miles; the visitor parking lot will be on the right just before the plantation store.",https://www.nps.gov/cari/planyourvisit/directions.htm,"Weather in central Louisiana can be unpredictable. Summers are hot and humid. Winter is relatively mild with measurable snowfall every 5-10 years. Average rainfall is approximately 55-60 inches per year. The area is also subject to severe thunderstorms, hail, damaging winds, and tornadoes. Visitors might want to bring hats, umbrellas, and drink plenty of water. Please check the local weather forecast before planning your visit to the park.",USA
"869BAD2B-C46F-4FEB-891B-EBA119B64B48",cach,Canyon de Chelly,Canyon de Chelly National Monument,https://www.nps.gov/cach/index.htm,"This canyon is home to Dine' families who raise livestock, farm lands, and live here. People have lived in these canyons for nearly 5,000 years, which is longer than anyone has lived continuously on the Colorado Plateau. In this place called Tsegi, their homes and images tell us their stories. Today, the park and Navajo Nation work together to manage the rich cultural and natural resources.",National Monument,36.14319567,-109.3388303,AZ,"",http://www.nps.gov/cach/planyourvisit/directions.htm,"Canyon de Chelly's elevation is about 5,500 feet. Spring is cool and windy; highs from 50 to 70; lows of 35 degrees. Expect dust storms and canyon flooding. Summer is hot and dry; highs from 85 to 100; lows of 51 degrees. Drink plenty of water outdoors. Fall is warm and often wet; highs from 60 to 80; lows of 40 degrees. Expect lightning, thunderstorms, and flash floods. Winter is cold and breezy; highs from 40 to 60; lows of 18 degrees. Expect 1-4 inches of snow and freezing nighttime temperatures.",USA
"319E07D8-E176-41F8-98A9-1E3F8099D0AB",cany,Canyonlands,Canyonlands National Park,https://www.nps.gov/cany/index.htm,"Canyonlands invites you to explore a wilderness of countless canyons and fantastically formed buttes carved by the Colorado River and its tributaries. Rivers divide the park into four districts: Island in the Sky, The Needles, The Maze, and the rivers themselves. These areas share a primitive desert atmosphere, but each offers different opportunities for sightseeing and adventure.",National Park,38.24555783,-109.8801624,UT,"Canyonlands National Park is cut into three land districts by the Green and Colorado rivers. Island in the Sky, in the north of the park, is about 40 minutes from Moab, UT via UT 313. The Needles district is in the southeast corner of Canyonlands, about 90 minutes from Moab or an hour from Monticello, UT via UT 211. The Maze district, in the west of the park, is the most remote and challenging; its ranger station is down 46 miles of dirt road from UT 24. All roads in The Maze require high-clearance 4WD.",http://www.nps.gov/cany/planyourvisit/directions.htm,"Canyonlands is part of the Colorado Plateau, a ""high desert"" region that experiences wide temperature fluctuations, sometimes over 40 degrees in a single day. The temperate (and most popular) seasons are spring (April-May) and fall (mid-September-October), when daytime highs average 60 to 80 F and lows average 30 to 50 F. Summer temperatures often exceed 100 F, making strenuous exercise difficult. Winters are cold, with highs averaging 30 to 50 F, and lows averaging 0 to 20 F.",USA
DE0A8012-5324-4F5C-98DA-0EE6589FDFB3,caco,Cape Cod,Cape Cod National Seashore,https://www.nps.gov/caco/index.htm,"The great Outer Beach described by Thoreau in the 1800s is protected within the national seashore. Forty miles of pristine sandy beach, marshes, ponds, and uplands support diverse species. Lighthouses, cultural landscapes, and wild cranberry bogs offer a glimpse of Cape Cod's past and continuing ways of life. Swimming beaches and walking and biking trails beckon today's visitors.",National Seashore,41.92381465,-70.04319832,MA,"The national seashore is located in eastern Massachusetts on Cape Cod and is accessed via Route 6. The park is 20 miles east of Hyannis, MA.",http://www.nps.gov/caco/planyourvisit/directions.htm,Cape Cod's weather is generally moderated by its proximity to the ocean. Winter is typically cold with some snow. Spring is often rainy. Summer is usually warm and humid. Fall is generally dry and clear.,USA
"7B9F59AE-D223-4A99-B6DF-A418D876DD82",caha,Cape Hatteras,Cape Hatteras National Seashore,https://www.nps.gov/caha/index.htm,"The sound of ocean waves, the starry night sky, or the calm of the salt marshes, you can experience it all. Shaped by the forces of water, wind, and storms these islands are ever changing. The plants, wildlife, and people who live here adapt continually. Whether you are enjoying the beach, kayaking the sound, or climbing the Cape Hatteras Lighthouse there is something for everyone to explore!",National Seashore,35.41370839,-75.65061112,NC,"Cape Hatteras National Seashore is located along NC-12 in the Outer Banks of North Carolina. You can reach the seashore from the north by following US 158 to Nag Heads, NC and the turn-off to NC-12 and Cape Hatteras National Seashore. From the south, you can take NCDOT ferries from Swanquarter, NC and Cedar Island, NC to the village of Ocracoke on Ocracoke Island. The provided physical address is the location of the Cape Hatteras Lighthouse, roughly in the middle of the park.",http://www.nps.gov/caha/planyourvisit/directions.htm,The weather along the Outer Banks varies throughout the year and even throughout the day. Please check the National Weather Service information at http://www.weather.gov/mhx/ for forecast information.,USA
"3A2AEA7C-8896-4445-9763-932B4A74CF34",came,Cape Henry Memorial,Cape Henry Memorial Part of Colonial National Historical Park,https://www.nps.gov/came/index.htm,"English colonists first landed here in April 1607, erected a wooden cross and gave thanks for a successful crossing to a new land. In 1781, Americans could watch from these same sand dunes the largest naval battle of the Revolutionary War. Our French Allies defeated a British fleet just off this shore to set the stage for General George Washington's victory at Yorktown.",Part of Colonial National Historical Park,36.9278094,-76.0088219,VA,"Located on the south side of the Chesapeake Bay, Cape Henry Memorial sits within the Joint Expeditionary Base Little Creek-Fort Story. From Interstate 64 E take exit 282 to merge onto US-13N/Northhampton Boulevard towards the Chesapeake Bay Bridge. Then take US-60 E/Shore Drive exit toward Beaches, this is the last exit before the Chesapeake Bay Bridge. Follow Shore Drive and turn left onto Atlantic Ave and proceed to Gate 8. Follow Atlantic Ave to Cape Henry Memorial.",http://www.nps.gov/came/planyourvisit/directions.htm,"Spring: Temperatures usually range from 40 F to 80 F. Rain is common. Summer: Temperatures usually range from 80 F to 100 F. Rain and sun are equally common. On very sunny days, be prepared with plenty of water . Fall: Temperatures usually range from 40 F to 70 F. Winter: Temperatures range from 40 F to 20 F. Be prepared with cold weather gear and numerous layers if you intend to be outside.",USA
"77566B98-D9CC-40FB-AA6E-FAA0F56E2059",cakr,Cape Krusenstern,Cape Krusenstern National Monument,https://www.nps.gov/cakr/index.htm,"A bridge to the past and a land for the future, Cape Krusenstern National Monument protects approximately 560,000 acres of diverse Arctic coastal, and upland ecosystems. Inhabited by the Iñupiaq people since time-immemorial, over 5,000 years of sequential human use is documented in the 114 successive beach ridges. Rich connections to the land and waters are preserved through subsistence practices.",National Monument,67.41499986,-163.5037786,AK,"Cape Krusenstern National Monument lies within a remote area of northwest Alaska and is bordered by the Arctic Ocean and Chukchi Sea. Visitors generally access the monument via the regional hub in Kotzebue. Commercial airlines provide daily service from Anchorage to Kotzebue. Chartered flights with licensed air taxi services, booked in advance, can take backcountry travelers to remote destinations within the monument.",http://www.nps.gov/cakr/planyourvisit/directions.htm,"Snow, rain, and freezing temperatures can occur any time of the year. Always travel with good quality rain gear and warm layers. Be especially careful to stay dry. Hypothermia can set in on a windy, wet day, even when it doesn't feel that cold.",USA
"3BA4ACE6-0FFE-4B56-8C07-B3F05DC304DB",calo,Cape Lookout,Cape Lookout National Seashore,https://www.nps.gov/calo/index.htm,"A boat ride three miles off-shore brings you to the barrier islands of Cape Lookout National Seashore. Horse watching, shelling, fishing, birding, camping, lighthouse climbing, and touring historic villages--there’s something for everyone at Cape Lookout. Be sure to bring all the food, water, and supplies you need (and carry your trash out of the park) when visiting these remote beaches.",National Seashore,34.8267961,-76.34319082,NC,"Only two areas of Cape Lookout National Seashore can be reached without taking a ferry: the Visitor Center on Harkers Island and the Visitor Information Center in Beaufort, NC. Please note: the park mailing address does not bring you to the Harkers Island Visitor Center parking lot. If you are using a GPS device - use the parking lot coordinates (34.68494, -74.52725) or the following ""address"" which approximates the location of the parking lot entrance: 1800 Island Rd, Harkers Island, NC 28531",http://www.nps.gov/calo/planyourvisit/directions.htm,"Spring: Temperatures generally range from 50 F to 70+ F. Rain & wind are common Summer: Temperatures usually range from 80 F to 100 F with high humidity (80-90%). Average wind speed is 10-15 mph. Be prepared with plenty of water. With little shade on the islands, an umbrella to provide shade from the sun is a good idea. Fall: Temperatures usually range from the high 70 F to the upper 40 F. Winter: Temperatures usually range from 50 F - 32 F. Winds can be strong. Dress in layers.",USA
"96DC2172-0201-4ABB-BD77-2687F4726C9B",cahi,Capitol Hill Parks,Capitol Hill Parks,https://www.nps.gov/cahi/index.htm,"The Capitol Hill Parks include several park areas east of the U.S. Capitol. Included in this group are Folger, Lincoln, Stanton, and Marion Parks, the Eastern Market and Potomac Avenue Metro stations, and several smaller land parcels such as Seward Square, Twining Square, the Maryland Avenue Triangles, the Pennsylvania Avenue Medians, and 59 inner-city triangles and squares.","",38.889993,-76.990332,DC,"",http://www.nps.gov/cahi/planyourvisit/directions.htm,Winter: Temperatures usually range from 30 to 50 F. There is occasional snow. Spring: Temperatures usually range widely from 40 to 70 F. Rain is common. Summer: Temperatures usually range from 70 to 90 F. Humidity is usually high. Be prepared and drink plenty of water. There is a water fountain in the visitor center. Fall: Temperatures usually range widely from 40 to 70 F. Humidity can remain high in the earlier part of the season.,USA
"2F05E2B8-CDA3-434E-9C4C-C7DD828CAC3B",care,Capitol Reef,Capitol Reef National Park,https://www.nps.gov/care/index.htm,"Located in south-central Utah in the heart of red rock country, Capitol Reef National Park is a hidden treasure filled with cliffs, canyons, domes, and bridges in the Waterpocket Fold, a geologic monocline (a wrinkle on the earth) extending almost 100 miles.",National Park,38.2821653131,-111.247048378,UT,"From I-70: Take exit 149, then take UT-24 west toward Hanksville; continue for 43.8 miles (70.5 km). Turn right to continue on UT-24 west and continue for 37.3 miles (60 km). From I-15: take exit 188 then US-50 east toward Scipio. Left on UT-50; continuing 0.7 miles (1.1 km). Turn right onto US-50 east; continue for 24.4 miles (39.3 km). Turn right onto UT-260 south and continue 4.2 miles (6.8 km), then right on UT-24 for 71.3 miles. UT-12: North on highway 12 to Torrey, UT. Right onto UT-24.",http://www.nps.gov/care/planyourvisit/directions.htm,Weather is posted daily; check at the park visitor center for weather updates. Do not enter into narrow canyons if there is a threat of rain or if rain has been falling in the area. Rain and snow may also make dirt roads impassable to vehicles.,USA
"481CEBB8-1942-4FAE-8D89-9902E7B9EECA",cajo,Captain John Smith Chesapeake,Captain John Smith Chesapeake National Historic Trail,https://www.nps.gov/cajo/index.htm,"People first arrived in the Chesapeake Bay during the last ice age. As glaciers melted, diverse societies learned to thrive in a world of water. When Englishman Captain John Smith explored the Bay in 1608, he documented hundreds of American Indian communities. Today, sites on his map are archeological treasures and sacred sites for tribal citizens. Come join us on the shores of the Chesapeake Bay!",National Historic Trail,38.971601,-76.483355,"VA,MD,DE,DC,PA,NY","The water trail is 3,000 miles long and there are countless places to explore it. The trail's headquarters and main visitor center is at Colonial National Historical Park - Historic Jamestowne. For an internet map search or GPS, use the following: Historic Jamestowne Visitor Center, 1368 Colonial Parkway, Jamestown, Virginia 23081.",https://www.nps.gov/cajo/planyourvisit/directions.htm,"During the summer season, visitors should dress in light, comfortable, moisture-wicking clothing, and use sunscreen. High temperatures and humidity create a higher risk of heat cramps, heat exhaustion and heatstroke. We strongly recommended you carry a bottle of water with you and wear a life jacket at all times. During the winter, be aware that submersion in freezing cold water can be deadly. If you are going out, bring safety gear such as a wetsuit and practice techniques to avoid tipping over.",USA
"93BB79F9-D700-4202-B21C-B2354617A729",cavo,Capulin Volcano,Capulin Volcano National Monument,https://www.nps.gov/cavo/index.htm,"Part of the 8,000 square mile Raton-Clayton Volcanic Field, Capulin Volcano showcases the volcanic geology of northeastern New Mexico. The views are spectacular day or night, with views of 4 different states from the volcanic rim and one of the darkest night skies in the country. Whether it's a quick stop or a day's trip, enjoy exploring the landscape of this unique volcano!",National Monument,36.78171096,-103.9710427,NM,"Capulin Volcano National Monument is located in northeast New Mexico. The monument is located 33 miles east of Raton, NM, and 57 miles west of Clayton, NM on NM325 3 miles north of US64. No public transportation systems serve the park.",http://www.nps.gov/cavo/planyourvisit/directions.htm,"Elevations range from 7247 feet at the park visitor center to 8182 feet on the crater rim trail. Summers usually have mild temperatures with highs averaging in the low to mid 80s F/30C with occasional afternoon thunderstorms. Winters average from 40F/5C to 50F/10C, but temperatures vary. Snowfall is most common from December into April and may cause temporary closures of the volcano road. Sunny winter days are beautiful days to be in the park. Check weather conditions before visiting.",USA
"6E9B2F16-4CFE-49B2-A95E-87E4F02E79FF",carl,Carl Sandburg Home,Carl Sandburg Home National Historic Site,https://www.nps.gov/carl/index.htm,"“I make it clear why I write as I do and why other poets write as they do. After hundreds of experiments I decided to go my own way in style and see what would happen.” Carl Sandburg's free verse style of poetry, journalism, biography, children's stories, prose writing, and social activism provided a popular voice for the American people of the twentieth century.",National Historic Site,35.26815509,-82.45106258,NC,"The park is located three miles south of Hendersonville, NC on Little River Road off of the Greenville Highway/Rt. 225 in Flat Rock, NC. Visitors using GPS or mapping software should use 1800 Little River Road and look for the signs directing you to the main visitor parking lot off Little River Road. To access the Hikers Parking lot, use 1928 Little River Road as the GPS address. You will see signs for the Hiker's parking lot, on the left, just before Carl Sandburg Lane.",http://www.nps.gov/carl/planyourvisit/directions.htm,Average Monthly Highs and Lows January - 45 / 25 February - 50 / 30 March - 55 / 35 April - 60 / 40 May- 70 / 60 June - 80 / 65 July - 85 / 65 August - 80 / 65 September - 75 / 55 October - 70 / 45 November - 60 / 35 December - 50 / 30,USA
"6FDE39B1-AB4A-4C9A-A5CD-4AF67601CD78",cave,Carlsbad Caverns,Carlsbad Caverns National Park,https://www.nps.gov/cave/index.htm,"High ancient sea ledges, deep rocky canyons, flowering cactus, and desert wildlife—treasures above the ground in the Chihuahuan Desert. Hidden beneath the surface are more than 119 caves—formed when sulfuric acid dissolved limestone leaving behind caverns of all sizes.",National Park,32.14089463,-104.5529688,NM,"To access the park's only entrance road, New Mexico Highway 7, turn north from US Hwy 62/180 at White's City, NM, which is 20 miles (32 km) southwest of Carlsbad, NM and 145 miles (233 km) northeast of El Paso, TX. The entrance road stretches a scenic seven miles (11.3 km) from the park gate at White's City to the visitor center and cavern entrance. The address for the park's visitor center is 727 Carlsbad Caverns Hwy, Carlsbad, NM, 88220, located 27 miles (43 km) from the town of Carlsbad.",http://www.nps.gov/cave/planyourvisit/directions.htm,"Carlsbad Caverns National Park is located in the Chihuahuan Desert in southeast New Mexico. Summers are hot with temperatures between 90°F (32°C) and low 100s °F (38°C). Windy conditions and mild temperatures are common in early spring (March-May) with frequent rain in early fall (August-September). This part of the country also sees cold temperatures in the winter with occasional snow and icy conditions. Most days, the park is enveloped by a gorgeous blue sky with very few clouds, 278 sunny days a year!",USA
D040C2B5-BFCD-4DED-AADC-BA28E29CC560,cawo,Carter G. Woodson Home,Carter G. Woodson Home National Historic Site,https://www.nps.gov/cawo/index.htm,"Before Dr. Carter G. Woodson, there was very little accurate written history about the lives and experiences of Americans of African descent. Today a National Historic Site, Dr. Woodson’s home served as the headquarters for the Association for the Study of African American Life and History. Dr. Woodson established Negro History Week here in 1926, which we celebrate today as Black History Month.",National Historic Site,38.91089286,-77.02431104,DC,"From The National Mall travel east onto Constitution Avenue NW, until you come to 12th Street (which is a one-way street). Make a left turn onto 12th Street. Continue traveling north on 12th Street NW, until you come to Rhode Island Avenue. Make a right turn onto Rhode Island Avenue. Keep straight on Rhode Island Avenue, until you come to 9th Street. Make a right turn onto 9th Street. Keep straight and 1538 9th Street will be the third house on the right (the red brick one).",http://www.nps.gov/cawo/planyourvisit/directions.htm,Winter: Temperatures usually range from 30 to 50 F. There is occasional snow. Spring: Temperatures usually range widely from 40 to 70 F. Rain is common. Summer: Temperatures usually range from 70 to 90 F. Humidity is usually high. Be prepared and drink plenty of water. There is a water fountain in the visitor center. Fall: Temperatures usually range widely from 40 to 70 F. Humidity can remain high in the earlier part of the season.,USA
FF6B2CDF-10F5-4A7F-9437-74C1E7104C65,cagr,Casa Grande Ruins,Casa Grande Ruins National Monument,https://www.nps.gov/cagr/index.htm,"An Ancestral Sonoran Desert People's farming community and ""Great House"" are preserved at Casa Grande Ruins. Whether a gathering place for people or simply a waypoint marker in an extensive system of canals and trading partners, the structures are a large part of the story of this site. Explore the history and stories of an extended network of communities and irrigation canals.",National Monument,32.99702582,-111.5325383,AZ,"Transportation is by private vehicle. The park is in Coolidge, Arizona, about an hour-long drive from either Phoenix or Tucson. From Interstate 10 take the Coolidge exits and follow the signs to the park entrance.",http://www.nps.gov/cagr/planyourvisit/directions.htm,"Summer daytime temperatures frequently exceed 100 degrees F. Winter temperatures range from the 60's to the 80's F. Spring and fall are warm and dry, with highs in the 80's and 90's F. During summer months, be prepared for hot temperatures. Protective clothing, hats, sunscreen and personal water containers are highly recommended. BE AWARE: Walls of dirt and debris, usually miles wide and thousands of feet high, are pushed across dry desert terrain by high winds, causing dust to engulf highways.",USA
E455313B-782A-4CDC-A6A5-8B506FA3A4C1,casa,Castillo de San Marcos,Castillo de San Marcos National Monument,https://www.nps.gov/casa/index.htm,"Built by the Spanish in St. Augustine to defend Florida and the Atlantic trade route, Castillo de San Marcos National Monument preserves the oldest masonry fortification in the continental United States and interprets more than 450 years of cultural intersections.",National Monument,29.89785701,-81.31217173,FL,"On State Route A1A overlooking Matanzas Bay in the heart of the historic district of Saint Augustine, the Castillo is approximately a five mile drive from Interstate 95.",http://www.nps.gov/casa/planyourvisit/directions.htm,"St. Augustine has a semi-tropical climate with over 300 days of sunshine each year. Summers (May-September) are hot, bright, and humid with afternoon thunderstorms common. Temperatures range from the lower 70s to the mid 90s F. Spring (March-mid-May) and Autumn (October-late November) can be pleasant with temperatures ranging from the upper 50s into the 80s F. The Winter months (December-March) are usually dry. Temperatures can be cool ranging from the upper 30s through the 60sF.",USA
"061F7BA2-8C57-4471-A31E-302AD99E3F6A",cacl,Castle Clinton,Castle Clinton National Monument,https://www.nps.gov/cacl/index.htm,"Located at the southern tip of Manhattan Island, Castle Clinton stands where New York City began, and represents not only the city’s growth, but the growth of a nation. Initially intended to prevent a British invasion in 1812, the fortification has transformed over the years to welcome theatergoers, immigrants, sightseers, and now, millions of visitors to New York Harbor.",National Monument,40.70347795,-74.01680558,NY,"Castle Clinton is located in historic Battery Park. It is only directly accessible by foot, bicycle, or wheelchair. You cannot drive directly to the site. Local parking is nearly impossible to find and expensive. All public transportation options are located outside of Battery Park.",http://www.nps.gov/cacl/planyourvisit/directions.htm,Castle Clinton National Monument has a variety of weather. New York City has hot summers and cold winters. Spring can have heavy rains and Autumn can be cool. http://forecast.weather.gov/MapClick.php?CityName=New+York&state=NY&site=OKX&lat=40.7198&lon=-73.993#.Vqj8OvkrJlZ,USA
"872417E6-2F91-4FDA-89A7-865B51B22332",camo,Castle Mountains,Castle Mountains National Monument,https://www.nps.gov/camo/index.htm,"Castle Mountains represents some of the most unique elements of the Mojave Desert. Nestled between the Nevada state line and Mojave National Preserve, the nearly 21,000 acres of Castle Mountains boasts Joshua tree forests, unbroken natural landscapes, rare desert grasslands, and rich human history. This intriguing area provides serenity and solitude from nearby metropolitan areas.",National Monument,35.29156348,-115.0935606,CA,You can approach Castle Mountains from Walking Box Ranch Road off of Nevada State Rd 164 (Nipton Road) or from several unnamed dirt roads off of Lanfair Road in Mojave National Preserve.,http://www.nps.gov/camo/planyourvisit/directions.htm,"Weather at Castle Mountains changes with the seasons. Freezing temperatures are expected in winter, with occasional snow. Spring brings mild warm days and cooler nights. With enough rain, wildflowers can carpet the area, making for spectacular displays. Summer months are much hotter, with temperatures nearing 100 degrees Fahrenheit. Strong monsoonal storms in late summer may cause flash-flooding in low-lying areas and can create hazardous road conditions. Fall is a cooler respite after the heat of summer.",USA
"2977669B-4B2E-4044-B2CC-701D9521E4AC",cato,Catoctin Mountain,Catoctin Mountain Park,https://www.nps.gov/cato/index.htm,"President Franklin D. Roosevelt created programs to give people a chance to rebuild their lives from the Great Depression. The Works Progress Administration and the Civilian Conservation Corps gave this land a second opportunity and through re-growth, a new role as a recreation area.",Park,39.65068457,-77.46417665,MD,"To reach the visitor center from the east, follow US Route 15 to MD Route 77 and go west about 3 miles. The visitor center is on the right side of the road. From the west, take I 70 to MD 66 at exit 35. Turn left onto MD 66 north and travel about 5 miles, passing through the roundabout. Turn right onto MD 64 and drive 1 mile. Turn right onto MD 77. Drive on MD 77 about 7.5 miles. The visitor center is on the left.",http://www.nps.gov/cato/planyourvisit/directions.htm,"Summer (June-Aug) average temperature is between 61 and 81 degrees Fahrenheit. Fall (Sep-Nov) average temperature is between 45 and 64 degrees Fahrenheit. Fall foliage is at its peak in mid-October Winter (Dec-Feb) average temperature is between 24 and 41 degrees Fahrenheit. Winter snowfall is between 5-12"" per month. Spring (March-May) average temperature is between 41 and 63 degrees Fahrenheit. Average precipitation is approximately 4 inches per month. (Source: usclimatedata.com)",USA
DFC1B0DB-832E-4C21-9CB9-79FB726B97D5,cebr,Cedar Breaks,Cedar Breaks National Monument,https://www.nps.gov/cebr/index.htm,"Crowning the Grand Staircase, Cedar Breaks sits at over 10,000 feet and looks down into a half-mile deep geologic amphitheater. Come wander among timeless bristlecone pines, stand in lush meadows of wildflowers, ponder crystal-clear night skies and experience the richness of our subalpine forest.",National Monument,37.63545562,-112.845268,UT,"Cedar Breaks National Monument is located east of Cedar City, Utah, just a short drive from Interstate 15. The park is centrally located between Zion and Bryce Canyon National Parks. For detailed driving directions, please visit our Directions & Transportation page by clicking the green button below.",https://www.nps.gov/cebr/planyourvisit/directions.htm,"Cedar Breaks sits at over 10,000 feet in elevation and is usually 10-20 degrees cooler than surrounding parks. Be prepared for cooler temperatures and unpredictable weather. Snow, sleet, and hail can occur at any time of the year, even in the summer! Summer-time highs are between 60 and 70°F and night-time lows dip to 30-40s°F. Thunderstorms frequently develop in the afternoons. Be aware of lightning and avoid exposed trails and overlooks until storms pass.",USA
"387A28F2-022F-4C06-A486-E9E7777B12C2",cebe,Cedar Creek & Belle Grove,Cedar Creek & Belle Grove National Historical Park,https://www.nps.gov/cebe/index.htm,"Virginia’s Shenandoah Valley has a long and rich heritage that still inspires today. Native Americans first shaped the land, followed by colonists and settlers. The fertile valley became an important wheat-growing region in the 1800s. It also witnessed dramatic Civil War campaigns, including the Battle of Cedar Creek, a decisive Federal victory that helped bring the war to an end.",National Historical Park,39.0093576,-78.30618934,VA,"Cedar Creek and Belle Grove National Historical Park is along U.S. Route 11 in Middletown, Virginia. Take exit 302 off Interstate 81 to Middletown. The Visitor Center is at 7712 Main Street in Middletown Courts Plaza.",http://www.nps.gov/cebe/planyourvisit/directions.htm,"Summers in Virginia are often very hot with high heat indexes. Check the weather in advance of your trip, and plan accordingly. Dress for the heat and for sun protection. Pack lots of water. The Shenandoah Valley experiences temperate spring and fall seasons and winters with snowfall and cold temperatures.",USA
"9C730246-CCB2-496F-AD0E-1D31D76C4C45",chcu,Chaco Culture,Chaco Culture National Historical Park,https://www.nps.gov/chcu/index.htm,"Explore the monumental structures and breathtaking landscape at Chaco, a thriving regional center for the ancestral Pueblo people from 850 to 1250 CE (Common Era), through guided tours, hiking & biking trails, evening campfire talks, night sky programs, and more. Chaco Canyon is a sacred and deeply personal place for many Indigenous peoples throughout the Southwest. Please visit with respect.",National Historical Park,36.03963414,-107.9560076,NM,Your journey into Chaco Canyon will take you through private tribal lands. Please be respectful of our tribal neighbors and their livestock and leave no trace of your journey on their lands. Chaco Canyon is located in northwestern New Mexico. The park can only be accessed by driving on dirt roads. Road conditions can be rough or impassable. Please call in advance for updates.,http://www.nps.gov/chcu/planyourvisit/directions.htm,"Summer highs are typically in the 80s to mid-90s. Thunderstorms can produce heavy localized downpours and sudden dramatic drops in temperatures. Winter temperatures will drop to well below freezing most nights. If you plan to camp in the winter, prepare for nighttime temperatures in the teens or lower. Spring and fall are great times to visit with more moderate temperatures, but unexpected storms can change things dramatically. Monitor local weather forecasts.",USA
EA328EBD-71CC-49B9-8F64-97C8A188BCA4,cham,Chamizal,Chamizal National Memorial,https://www.nps.gov/cham/index.htm,Chamizal is more than just an urban park to recreate or enjoy a quiet afternoon. These grounds are a reminder of the harmonious settlement of a 100-year boundary dispute between the United States and Mexico. We celebrate the cultures of the borderlands to promote the same mutual respect that helped to diplomatically resolve an international disagreement.,National Memorial,31.76729634,-106.4544011,TX,"Chamizal National Memorial is located in a large, bi-national metropolitan area and easily accessible by road. El Paso International Airport is nearby, as well as an Amtrack train station.",http://www.nps.gov/cham/planyourvisit/directions.htm,"Chamizal National Memorial is open year-round, but periodic winter weather conditions may cause closure. Please check for alerts on the park website: www.nps.gov/cham. Thunderstorms typically occur during summer and early fall. There may be no shelter to avoid lightning, so please prepare by looking at weather forecasts and paying attention to developing weather conditions.",USA
"5595FC7A-F218-4439-8D2E-F47449838820",chis,Channel Islands,Channel Islands National Park,https://www.nps.gov/chis/index.htm,"Channel Islands National Park encompasses five remarkable islands and their ocean environment, preserving and protecting a wealth of natural and cultural resources. Isolation over thousands of years has created unique animals, plants, and archeological resources found nowhere else on Earth and helped preserve a place where visitors can experience coastal southern California as it once was.",National Park,33.98680093,-119.9112735,CA,"While the mainland visitor center in Ventura is readily accessible by car or public transportation, the islands are only accessible by park concessionaire boats and planes or private boat. Advanced planning is highly recommended.",http://www.nps.gov/chis/planyourvisit/directions.htm,"In general, the islands have a Mediterranean climate year-round. Temperatures are relatively stable, with highs averaging in the mid-60s (°F) and lows in the low-50s. However, there are seasonal differences that visitors should take into consideration when visiting the park. In addition, visitors also should be aware that ocean and weather conditions vary considerably from day-to-day and island-to-island. For more information visit: http://www.nps.gov/chis/planyourvisit/weather.htm",USA
"08EFF7E4-0FE4-4402-B23A-124EB8AAC249",chpi,Charles Pinckney,Charles Pinckney National Historic Site,https://www.nps.gov/chpi/index.htm,"Charles Pinckney was a principal author and signer of the United States Constitution and went on to be a political leader in South Carolina for over 40 years. The park preserves Snee Farm, one of his plantation properties, where visitors can learn about the politician's influences on Charleston, the African people he enslaved, plantation operations, and the legacy of Pinckney's life.",National Historic Site,32.84577392,-79.82487582,SC,"The park is located on the south side of Long Point Road .7 miles from US Highway 17, or 3 miles if coming from I-526.",http://www.nps.gov/chpi/planyourvisit/directions.htm,Winters are generally mild. Summers are hot and humid.,USA
"22177869-21C7-49A1-961C-3F2114F01007",chyo,Charles Young Buffalo Soldiers,Charles Young Buffalo Soldiers National Monument,https://www.nps.gov/chyo/index.htm,"Throughout his life, Charles Young overcame countless obstacles in his ascent to prominence. In spite of overt racism and stifling inequality, Young rose through the military ranks to become one of the most respected leaders of his time. A well-rounded man with a steadfast devotion to duty, Young led by example and inspired a generation of new leaders.",National Monument,39.70817829,-83.89328575,OH,"""Youngsholm"" is located in Wilberforce, Ohio near Wilberforce University. It is situated less than one mile west of the Wilberforce University and Central State University campuses on U.S. Route 42 at 1120 US Route 42 E.",http://www.nps.gov/chyo/planyourvisit/directions.htm,"The park lies in a humid continental zone with a generally temperate climate. Winters are mildly cold with average temperatures around 29 degrees (F). Summers are hot and humid with an average temperature around 74 degrees (F). Average annual total rainfall is just under 40"". Snowfall in the winter is generally light with an average total snowfall of about 22"".",USA
"021F297B-D672-4794-8C5E-BB58743F252A",chat,Chattahoochee River,Chattahoochee River National Recreation Area,https://www.nps.gov/chat/index.htm,"Today the river valley attracts us for so many reasons. Take a solitary walk to enjoy nature’s display, raft leisurely through the rocky shoals with friends, fish the misty waters as the sun comes up, or have a picnic on a Sunday afternoon. Get Outdoors and experience your Chattahoochee River National Recreation Area as you have never done before.",National Recreation Area,33.99698333,-84.28953177,GA,"To find the Island Ford Visitor Center enter the physical address, 8800 Roberts Drive, Sandy Springs, GA 30350, into your GPS unit or your favorite map software. Once you have arrived at the park entrance turn onto Island Ford Parkway and follow the signs to the park headquarters.",http://www.nps.gov/chat/planyourvisit/directions.htm,"Summers typically consist of long spells of warm, humid weather. Average highs are in the lower 90's and overnight lows range from the upper 60's to lower 70's. Winters are more variable with highs averaging from the mid 50's to lower 60's while the lows average in the mid 30's. Oftentimes, stretches of mild weather will alternate with cold spells. Spring and Autumn seasons are characterized by much variability from day to day and from year to year.",USA
"9192FFEE-4D88-4A03-A054-F47C33F0C3E9",choh,Chesapeake & Ohio Canal,Chesapeake & Ohio Canal National Historical Park,https://www.nps.gov/choh/index.htm,"Preserving America's early transportation history, the C&O Canal began as a dream of passage to Western wealth. Operating for nearly 100 years the canal was a lifeline for communities along the Potomac River as coal, lumber, and agricultural products floated down the waterway to market. Today it endures as a pathway for discovering historical, natural, and recreational treasures.",National Historical Park,39.000283692,-77.2481399539,"DC,MD,WV","The park has numerous access points. There is no main entrance. In Washington, DC, the C&O Canal begins in Georgetown on 29th Street NW, south of M Street, and runs alongside Canal Road / Clara Barton Parkway out of DC to the west. The entrance to Great Falls is at Canal Road and MacArthur Blvd in Potomac, MD. Park Headquarters and the Williamsport Visitor Center are located off I-81 at exit 2. Cumberland Visitor Center is off I-68 at exit 43C. See the maps page for more.",http://www.nps.gov/choh/planyourvisit/directions.htm,"The Washington, DC, area has a four-season Mid-Atlantic climate. Summertime is warm and humid, while winter can be cold and snowy. Precipitation averages 2-4” monthly, year-round. The climate gradually gets cooler and wetter further west along the canal where the elevation is higher.",USA
"25554F74-A4AB-4C49-9071-341F00F0DAB8",cbpo,Chesapeake Bay,Chesapeake Bay,https://www.nps.gov/cbpo/index.htm,"Over 41 million acres are connected through the waters that flow to and through Chesapeake Bay. The National Park Service strives to connect people to the opportunities and adventures throughout the watershed. Inspiring stewardship across this vast region supports recreation, business, tourism, learning, and a thriving natural resource for all to enjoy.","",38.971601,-76.483355,"DC,DE,MD,NY,PA,VA,WV","The Chesapeake Bay office is located off of Aris T. Allen Blvd in Annapolis, Maryland. Traveling east on Route 50, take the exit towards Riva road and 665, Aris T. Allen Blvd. Continue on 665 to Forest drive. Our office is on the left through the first light, across from the Safeway.",https://www.nps.gov/chba/planyourvisit/directions-and-transportation.htm,"Annapolis, Maryland has a warm humid temperate climate with hot summers and no dry season. Over the course of a year, the temperature typically varies from 29°F to 86°F and is rarely below 19°F or above 91°F. The warm season lasts from May 30 to September 18 with an average daily high temperature above 77°F. The cold season lasts from November 29 to March 4 with an average daily high temperature below 50°F.",USA
FD536267-125D-4CEB-8978-2B2767C3B2FF,chch,Chickamauga & Chattanooga,Chickamauga & Chattanooga National Military Park,https://www.nps.gov/chch/index.htm,"In 1863, Union and Confederate forces fought for control of Chattanooga, known as the ""Gateway to the Deep South."" The Confederates were victorious at nearby Chickamauga in September. However, renewed fighting in Chattanooga that November provided Union troops victory and control of the city. After the fighting, a Confederate soldier ominously wrote, ""This...is the death-knell of the Confederacy.""",National Military Park,34.94317623,-85.28749537,"GA,TN","From I-75, take exit 350 onto Battlefield Parkway (GA HWY 2) and continue to the intersection of Battlefield Parkway and LaFayette Road. Turn left onto LaFayette Road and continue for approximately 1 mile. The visitor center will be on the right. From I-24, take exit 180 onto Rossville Boulevard (US HWY 27). Continue south to the intersection of Battlefield Parkway. Drive through the intersection, continuing on the LaFayette Road. The visitor center will be on the right.",http://www.nps.gov/chch/planyourvisit/directions.htm,"The climate in northern Georgia is generally temperate. Short, cool winters give relief from hot summers. Most visitors enjoy this area during long, mild fall and spring seasons.",USA
"16809469-7649-4DFA-9C76-57F2B9946DDC",chic,Chickasaw,Chickasaw National Recreation Area,https://www.nps.gov/chic/index.htm,"Springs, streams, lakes - whatever its form, water is the attraction at Chickasaw National Recreation Area.",National Recreation Area,34.46050507,-97.00715669,OK,From US I-35 drive through the towns of Davis and towards the town of Sulphur. There are a variety of destinations in the park to choose from.,http://www.nps.gov/chic/planyourvisit/directions.htm,"Summers are hot and humid. Temperatures above 100ºF occur, and humidity often exceeds 50%. Winters are mild and prolonged freezes are rare. Thunderstorms are common April through July.",USA
E98D419A-A118-49D5-89AF-3C4F9BE7372D,chir,Chiricahua,Chiricahua National Monument,https://www.nps.gov/chir/index.htm,"Explore the pinnacles, spires, and balanced rocks that originated 27 million years ago by a massive volcanic eruption. Hike within these formations that help protect the exceptional biodiversity of the sky islands region. Connect with the human history spanning thousands of years, encompassing prehistoric indigenous peoples, Chiricahua Apaches, Buffalo Soldiers, ranchers, CCC, and visitors today.",National Monument,32.01214618,-109.341607,AZ,Chiricahua National Monument is located 120 miles southeast of Tucson. Take I-10 east from Tucson to the first exit for Willcox. Travel 3 miles into town to the stoplight and turn right. You will follow Arizona State Highway 186 for 32 miles to the junction of Arizona State Highway 181. Turn left and 4 miles later you will be at the Chiricahua entrance station. Maximum vehicle length is 29 feet to drive beyond the visitor center. A hiking shuttle is available daily at 9 am from the visitor center.,http://www.nps.gov/chir/planyourvisit/directions.htm,"Chiricahua National Monument ranges from 5,124 feet / 1,562 meters in elevation at the entrance station to 7,310 feet / 2,228 meters at the summit of Sugarloaf Mountain. You can enjoy the differences of four seasons. http://www.nps.gov/chir/planyourvisit/weather.htm",USA
A6290572-1871-4285-90F5-7C313FE2583E,chri,Christiansted,Christiansted National Historic Site,https://www.nps.gov/chri/index.htm,"Christiansted National Historic Site was established in 1952 as the first unit of the National Park Service in the Virgin Islands of the United States. Covering over seven acres the park tells the stories about Danish economy and ways of life, and the interactions of people in Europe, Africa, West Indies, and North America during the Danish era of occupation of the Virgin Islands (1734-1917).",National Historic Site,17.7468,-64.7022,VI,"To Christiansted National Historic Site from Henry E. Rohlsen Airport: Drive east on Route 64 to Melvin Edwards Highway (Route 66). Turn right and continue for 4.8 miles (7.2 kilometers). Continue straight onto Old Centerline Road (Queen Mary Highway), and continue straight onto the Christiansted Bypass 3.7 miles (5.9 km). Turn left onto Hospital Street. The parking lot for Christiansted National Historic Site will be on your right.",https://www.nps.gov/chri/planyourvisit/directions.htm,"Welcome to the tropics! Temperatures do not vary much by season. Highs are usually in the upper 80s and lows are typically in the mid-70s. Pop-up showers and storms are common and usually pass quickly. Atlantic hurricane season runs June 1 - November 30, however tropical systems can occur at any time. St. Croix lies in an active tectonic zone. Earthquakes can and do occur. If you feel shaking and hear sires, follow the tsunami evacuation signs to higher ground.",USA
FC72FEF5-362F-4C9B-B6A1-88FA559D84CE,ciro,City Of Rocks,City Of Rocks National Reserve,https://www.nps.gov/ciro/index.htm,"Emigrants of the California Trail describe the rocks here in vivid detail as ""a city of tall spires,” “steeple rocks,"" and ""the silent city."" Today, this backcountry byway attracts rock climbers, campers, hikers, hunters, and those with the spirit of adventure. There's inspirational scenery, exceptional opportunities for geologic study, and remnants of the Old West awaiting your discovery.",National Reserve,42.0699024,-113.7124097,ID,"From Boise: take I-84 East to exit 216 (Declo); go south on Highway 77 to Conner Creek Junction; turn right (west) on Highway 77 Spur to Almo. The visitor center and the park entrance are south of the post office and businesses. From Pocatello: take I-86 West to I-84 West to exit 216 and proceed as above. From Salt Lake City: take I-84 west to exit 245 (Sublette), turn left and go west to Malta. From Malta take Highway 77. Take Highway 77 Spur to Almo.",http://home.nps.gov/ciro/planyourvisit/directions.htm,"City of Rocks is located in south-central Idaho within the northern edge of the Basin and Range geologic province. Outdoor recreation can be pleasant from April through October. Summers are generally dry with 10 to 15 inches of precipitation in winter and spring. Summer temperatures range widely with night time lows occasionally approaching freezing and midday highs nearing 100° F; however, the typical range of low and high temperature is 45-85. Thunderstorms are common in the summer months (June - August)",USA
"8A6C3A35-C48B-4125-82E1-939A1B3A535C",cwdw,Civil War Defenses of Washington,Civil War Defenses of Washington,https://www.nps.gov/cwdw/index.htm,"On forested hills surrounding the nation's capital are the remnants of a complex system of Civil War fortifications. These strategic buttresses transformed the young capital into one of the world's most fortified cities. By 1865, 68 forts and 93 batteries armed with over 800 cannons encircled Washington, DC. Today, you can visit 17 of the original sites now managed by the National Park Service.","",38.9644,-77.0292,"DC,MD,VA",Please call 202-829-4650. Directions vary based on your preference of site.,http://www.nps.gov/cwdw/index.htm,"Civil War Defenses of Washington sites will be open. For Updates, visit the parks alert section of the website.",USA
"80B93073-3A9D-4BD8-A8F5-5CB84CD35FE1",clba,Clara Barton,Clara Barton National Historic Site,https://www.nps.gov/clba/index.htm,"Clara Barton dedicated her life and energies to help others in times of need - both home and abroad, in peacetime as well as during military emergencies. Glen Echo was her home the last 15 years of her life, and the structure illustrates her dedication and concern for those less fortunate than herself.",National Historic Site,38.96762882,-77.14009689,MD,"By Car: Capital Beltway (I-495), Maryland outer loop exit 40 Cabin John Parkway to Clara Barton Parkway; Virginia inner loop exit 41 Clara Barton Parkway East; follow Clara Barton Parkway to MacArthur Boulevard and Glen Echo exit, left onto MacArthur Boulevard, straight across traffic circle at Goldsboro Road, next left onto Oxford Road, end of street, parking lots on the left. By Metro: Red Line to Bethesda or Friendship Heights Station, transfer to Montgomery County Ride-On Bus # 29, Glen Echo stop.",http://www.nps.gov/clba/planyourvisit/directions.htm,"Weather for the Washington, D.C. area.",USA
"1FC8F995-C4F2-4553-BDE4-BB43AAB12ED6",colo,Colonial,Colonial National Historical Park,https://www.nps.gov/colo/index.htm,"On May 13, 1607, Jamestown was established as the first permanent English settlement in North America. Three cultures came together – European, Virginia Indian and African–to create a new society that would eventually seek independence from Great Britain. On October 19, 1781, American and French troops defeated the British at Yorktown in the last major battle of the American Revolutionary War.",National Historical Park,37.22824435,-76.61998123,VA,"For an internet map search or GPS, use the following: Yorktown Battlefield Visitor Center, 1000 Colonial Parkway, Yorktown, Virginia 23690. Historic Jamestowne Visitor Center, 1368 Colonial Parkway, Jamestown, Virginia 23081.",http://www.nps.gov/colo/planyourvisit/directions.htm,"During the summer season visitors should dress in light, comfortable clothing, wear comfortable shoes and use sunscreen. We recommended you carry a bottle of water with you. High temperatures and high humidity create higher risk of heat cramps, heat exhaustion and heatstroke. Most of the Historic site is out-of-doors and although not a great distance from an air-conditioned building, staying properly hydrated will help prevent these illnesses. During the fall visitors should have a light jacket available.",USA
EC5A2653-4470-46E7-8B57-30B8ADE46445,colm,Colorado,Colorado National Monument,https://www.nps.gov/colm/index.htm,"Colorado National Monument preserves one of the grand landscapes of the American West. But this treasure is much more than a monument. Towering monoliths exist within a vast plateau and canyon panorama. You can experience sheer-walled, red rock canyons along the twists and turns of Rim Rock Drive, where you may spy bighorn sheep and soaring eagles.",National Monument,39.05045016,-108.6920709,CO,"Driving Westbound on Highway I-70 towards Grand Junction, Exit 31 (Horizon Drive). Follow signs through Grand Junction to the east entrance. The visitor center and campground are 19 miles from the east entrance. Eastbound on Highway I-70 take Exit 19 (Fruita). Turn south on Highway 340 to the west entrance, which is approximately three miles from Fruita. The visitor center and campground are four miles up from the west entrance.",http://www.nps.gov/colm/planyourvisit/directions.htm,"Spring: Daytime high temperatures 70-85 F (21-30 C), nighttime low temperature 30-50 F (-1 - +10 C). Summer: Daytime high temperatures can reach 100 F (38 C), afternoon thunderstorms common. Fall: Similar to spring temperatures, sudden changes in weather common. Snow can occur in October. Winter: Daytime highs vary from 10 - 45 F (-12 - +7 C). Snow common, patches of snow and ice stay around most of the winter.",USA
"42E23CFA-4849-43D1-B9C7-77509C0AB85B",colt,Coltsville,Coltsville National Historical Park,https://www.nps.gov/colt/index.htm,"When Samuel Colt started his Hartford factory on the banks of the Connecticut River in 1847, it followed years of mismanagement and failure. Soon, demand for Colt's revolver would change his fortunes and the Colt empire was born. Following Colt's untimely death in 1862, his wife, Elizabeth Colt, would lead the company to its legendary status, and influence Hartford for over 40 years.",National Historical Park,42.4677505493,-73.203666687,CT,"Coltsville NHP is located in Hartford, Connecticut in the heart of the Sheldon/Charter Oak Neighborhood. See our directions page for how to get here.",http://www.nps.gov/colt/planyourvisit/directions.htm,Hartford experiences all four seasons. It is typically hot in the summer and cold in the winter with a pleasant spring and autumn.,USA
EEBA7225-7FF5-4B62-B60C-6BBC66351A4E,cong,Congaree,Congaree National Park,https://www.nps.gov/cong/index.htm,"Astonishing biodiversity exists in Congaree National Park, the largest intact expanse of old growth bottomland hardwood forest remaining in the southeastern United States. Waters from the Congaree and Wateree Rivers sweep through the floodplain, carrying nutrients and sediments that nourish and rejuvenate this ecosystem and support the growth of national and state champion trees.",National Park,33.79187523,-80.74867805,SC,"From Interstate 77, Exit 5 At Exit 5 turn onto SC Hwy 48 East/Bluff Road. Following the brown and white ""Congaree National Park"" directional signs, travel approximately 8 miles on and then take a slight right onto Old Bluff Road. Follow Old Bluff Road for 4.5 miles to the park entrance sign, which will be on the right. Proceed one mile to the Harry Hampton Visitor Center. Parking lots will be on the right.",http://www.nps.gov/cong/planyourvisit/directions.htm,"Check the forecast before getting on the road. Conditions can change rapidly within the park. Flooding can happen with little or no warning, so make sure to check water levels for Cedar Creek and the Congaree River.",USA
B2F2941A-1BC1-42ED-B02F-541EBC80AEE4,coga,Constitution Gardens,Constitution Gardens,https://www.nps.gov/coga/index.htm,"Officially established in 1965, National Mall and Memorial Parks actually protects some of the older parkland in the National Park System. Areas within this premier park provide visitors with ample opportunities to commemorate presidential legacies; honor the courage and sacrifice of war veterans; and celebrate the United States commitment to freedom and equality.","",38.8909354,-77.04409306,DC,"Parking Because of limited parking availability, public transportation is recommended. Street parking is available on Constitution Ave. during posted hours. Bicycle Sidewalks and paved paths are open to bicycles in the park. Please walk your bicycle across the footbridge to Signers Island. Public Transportation Constitution Gardens is approximately 1 mile from three Metro stops: Foggy Bottom, Farragut West",http://www.nps.gov/coga/planyourvisit/directions.htm,Washington DC gets to see all four seasons. Humidity will make the temps feel hotter in summer and colder in winter. Spring (March - May) Temp: Average high is 65.5 degrees with a low of 46.5 degrees Summer (June - August) Temp: Average high is 86 degrees with a low of 68.5 degrees Fall (September - November) Temp: Average high is 68 degrees with a low of 51.5 degrees Winter (December - February) Temp: Average high is 45 degrees with a low of 30 degrees (Source: www.usclimatedata.com),USA
"6ED827FD-EA71-443E-83EE-9367FD14F940",coro,Coronado,Coronado National Memorial,https://www.nps.gov/coro/index.htm,"It was a journey of conquest filled with exploration, wonder - and cruelty. Inspired by tales of vast cities of gold, 339 European soldiers and hundreds of Aztec allies embarked on an epic journey through arid deserts and rugged mountains. They encountered rich traditions and brought new technologies. The resulting collision and combination of cultures reverberates today.",National Memorial,31.34900397,-110.2561574,AZ,From the city of Sierra Vista continue south on Hwy 92 about 20 miles and turn right onto S. Coronado Memorial Drive. Follow Coronado Memorial Drive (it will turn into E Montezuma Canyon Rd) 5 miles to the Visitor Center.,http://www.nps.gov/coro/planyourvisit/directions.htm,"Though the park shares a border with our southern neighbors, the elevation and the mountain ecosystem keep Coronado National Memorial relatively cool in the summer, and winter can bring snow. Summers are warm, with daytime temps in the 90s F (32-37 C) and low humidity in May, June, and July. The summer rainy season (monsoon) is between late June and early September. Monsoon thunderstorms can cause flash floods. Winter temps can fall below freezing at night, with highs 40-60 F (4-15 C).",USA
"9F7919AF-7B0B-4FDB-98B7-9D0FB3B9E4F1",cowp,Cowpens,Cowpens National Battlefield,https://www.nps.gov/cowp/index.htm,"A pasturing area at the time of the battle, this Revolutionary War site commemorates the place where Daniel Morgan and his army turned the flanks of Banastre Tarleton's British army. This classic military tactic, known as a double envelopment, secured a patriot victory.",National Battlefield,35.13160654,-81.80935433,SC,"From I-85 S, take exit 83. Turn left on Hwy 110, approx. 8 miles. Turn right on Hwy 11. The park is about a half mile on the right. From I-85 N, take exit 92, turn right toward Chesnee on Hwy 11, approx.10 miles on the left. From I-26 E, take exit 5, turn left toward Chesnee on Hwy 11, approx. 20 miles on the right. From I-26 W, take I-85 North, take exit 83. Turn left on Hwy 110, approx. 8 miles. Turn right on Hwy 11. The park is about a half mile on the right.",http://www.nps.gov/cowp/,Temperatures for the area range from very hot and humid in the summer to cool and moderate in the winter. http://forecast.weather.gov/MapClick.php?lat=35.1346&lon=-81.7036#.VhkrZ-xVhBc,USA
"7DC1050A-0DDE-4EF9-B777-3C9349BCC4DE",crla,Crater Lake,Crater Lake National Park,https://www.nps.gov/crla/index.htm,"Crater Lake inspires awe. Native Americans witnessed its formation 7,700 years ago, when a violent eruption triggered the collapse of a tall peak. Scientists marvel at its purity—fed by rain and snow, it’s the deepest lake in the USA and one of the most pristine on Earth. Artists, photographers, and sightseers gaze in wonder at its blue water and stunning setting atop the Cascade Mountain Range.",National Park,42.94065854,-122.1338414,OR,From the west (Medford) - Take Hwy 62 to the West Entrance. Open year-round. From the south (Klamath Falls) - Take Hwy 97 north to Hwy 62 to the South Entrance. Open year-round. The North Entrance is on Hwy 138 and is accessed from Interstate 5 east at Roseburg or Hwy 97 south from Bend and Chemult. Winter travelers from Roseburg take Route 138 east to Route 230 south to Route 62 east to the park's west entrance. Travelers from Bend take Route 97 south to Route 62 to the park's south entrance.,http://www.nps.gov/crla/planyourvisit/directions.htm,"July, August, and September are your best bets for warm, dry weather. In May, June, and October, sunny days alternate with periods of rain and snow. Winters at Crater Lake are long and snowy. Storms from the Pacific Ocean dump an annual average of 41 feet (13.5 meters) of snow at park headquarters. When it's raining or snowing, the lake is usually hidden by clouds. Crater Lake is completely invisible about 50% of the time in the winter!",USA
"1388A0C7-D12A-4642-885A-A9C723458BA3",crmo,Craters Of The Moon,Craters Of The Moon National Monument & Preserve,https://www.nps.gov/crmo/index.htm,"Craters of the Moon is a vast ocean of lava flows with scattered islands of cinder cones and sagebrush. We invite you to explore this ""weird and scenic landscape"" where yesterday's volcanic events are likely to continue tomorrow.",National Monument and Preserve,43.20345611,-113.4791609,ID,"Visitor Center and Loop Drive are located 18 miles southwest of Arco, Idaho on U.S. Highway 20/26/93, 24 miles northeast of Carey, Idaho on U.S. Highway 20/26/93, 84 miles from Idaho Falls, and 90 miles from Twin Falls. Physical address is 1266 Craters Loop Road(Lat/Long: 43° 27.711'N/113° 33.7) Access to the main visitor use area is via a paved highway. Unpaved roads provide additional access to the BLM monument and NPS Preserve but should only be utilized by four wheel drive and high clearance vehicles.",http://www.nps.gov/crmo/planyourvisit/directions.htm,"Weather at Craters of the Moon is characterized by hot summers and cold winters. In February, average snow depth ranges from 26 inches at the north end of the monument to just 2 inches at the south end. Intense summer sun bakes the black lava, generating surface temperatures of 170°F and air temperatures in the 90s. Drying winds are a daily occurrence, especially in the afternoon, and may reach 15 to 30 miles per hour.",USA
F341E5A4-959B-4D87-B886-23A884633D33,cuga,Cumberland Gap,Cumberland Gap National Historical Park,https://www.nps.gov/cuga/index.htm,"Cumberland Gap was the first great gateway to the west. Come follow the path of bison, Native Americans, longhunters, and pioneers. Walk where 300,000 people crossed the Appalachians to settle America. Explore 85 miles of trails and 14,000 acres of wilderness. Stand in 3 states at once. Explore a cave, see Hensley Settlement, or camp under the stars. Come find your connection to Cumberland Gap.",National Historical Park,36.62503076,-83.6114083,"KY,TN,VA","By Plane The closest major airport is located in Knoxville, Tennessee approximately 85 miles away. Flights can also be made into Lexington, Kentucky approximately 130 miles away. By Car The park entrance is located on Highway 25E just south of Middlesboro Kentucky.",http://www.nps.gov/cuga/planyourvisit/directions.htm,"Summers at Cumberland Gap are hot and humid, with temperatures commonly in the mid to upper 90s. Winters are generally mild with rain and some periods of snow January through March. Temperatures usually range in the 30s and 40s. Weather can sometimes be unpredictable, especially at higher elevations.",USA
EF680908-DE76-4336-BD51-F33BEB09B4D7,cuis,Cumberland Island,Cumberland Island National Seashore,https://www.nps.gov/cuis/index.htm,"St Marys is the gateway to Cumberland Island, Georgia's largest and southernmost barrier island. Here pristine maritime forests, undeveloped beaches and wide marshes whisper the stories of both man and nature. Natives, missionaries, enslaved African Americans and Wealthy Industrialists all walked here. Cumberland Island is also home to over 9,800 acres of Congressionally designated Wilderness.",National Seashore,30.85857484,-81.45253575,GA,"Cumberland Island is only accessible by ferry or private boat. These directions are to the mainland visitor center in St. Marys, GA. Driving Directions To reach the visitor center from Interstate 95: •Take Exit 3 for US 40 •Take US 40 East toward “Historic Downtown St. Marys” •US 40 becomes Osborne Rd. Continue on until you reach the waterfront •Turn right on St. Marys Rd •The visitor center will be two blocks down on your left (113 St. Marys St W, St Marys GA 31558)",http://www.nps.gov/cuis/planyourvisit/directions.htm,"Cumberland Island’s climate is hot and humid during summer when temperatures tend to be in the 80's (>26 C) and mild during winter when temperatures tend to be in the 60's (<20 C). The warmest month of the year is July with an average high of 90 degrees F (32 C), while the coldest is January with an average low of 45 degrees F (44 C). Visit the Current Conditions page for an up-to-date local forecast: https://www.nps.gov/cuis/planyourvisit/conditions.htm#weather",USA
"80E30980-1B26-4AE7-A039-FA7D8D119070",cure,Curecanti,Curecanti National Recreation Area,https://www.nps.gov/cure/index.htm,Three reservoirs and surrounding lands make up this recreation area in western Colorado. It is a landscape of tradeoffs; natural and human made features exist together. Geologic wonders are abundant from the sagebrush scrublands to forests. Visitors can experience the park year-round on both land and water.,National Recreation Area,38.46584558,-107.3303371,CO,"Curecanti is located between the Colorado towns of Gunnison (to the east), Montrose (to the west), and Lake City (to the south). The West Elk Mountain Wilderness area borders Curecanti to the north. U.S. Highway 50 runs the length of Curecanti east to west.",http://www.nps.gov/cure/planyourvisit/directions.htm,"During spring and fall, temperatures range from 44°F to 70°F (7°C to 34°C) with overnight lows from the teens to about freezing (-9°C to 2°C). In summer, temperatures are usually in the 70°F to 80°F (21°C to 27°C). Nights are usually 40°F to 50°F (4°C to 10°C). The wind often picks up at 12 pm and continues through the afternoon. Thunderstorms are common. In winter, temperatures usually reach 20°F to 30°F (-7°C to -1°C) and lows often dip below zero (-18°C).",USA
F4D44F29-3F67-498F-B05B-0783473D2708,cuva,Cuyahoga Valley,Cuyahoga Valley National Park,https://www.nps.gov/cuva/index.htm,"Though a short distance from the urban areas of Cleveland and Akron, Cuyahoga Valley National Park seems worlds away. The park is a refuge for native plants and wildlife, and provides routes of discovery for visitors. The winding Cuyahoga River gives way to deep forests, rolling hills, and open farmlands. Walk or ride the Towpath Trail to follow the historic route of the Ohio & Erie Canal.",National Park,41.26093905,-81.57116722,OH,"The park is easily accessible by car from all directions. A good place to start your visit is at Boston Mill Visitor Center: 6947 Riverview Road, Peninsula, 44264. Cleveland Hopkins International Airport and Akron-Canton Regional Airport offer many daily flights to the area. Car rentals are available at both airports. Bus stations are located in downtown Cleveland and Akron. Some local bus routes including RTA's 19A, 54, 77, and 90 routes stop near the park. There is an Amtrak station in downtown Cleveland.",http://www.nps.gov/cuva/planyourvisit/directions.htm,"Spring's rain and warming temperatures bring new leaves on trees, blooming wildflowers, and visitors anxious to get out on the trail. Summer temperatures range from 49 to 95 degrees F and can be humid. Dressing in layers is advisable. Fall temperatures can range from low 70s during the day to freezing during the night. Fall foliage often peaks in mid-October. Winter weather conditions can rapidly change due to the lake effect snow from Lake Erie. Temperatures vary from mid-30s to below zero.",USA
D1EAA1D1-E855-42FF-9D06-8E983413BDE5,cech,César E. Chávez,César E. Chávez National Monument,https://www.nps.gov/cech/index.htm,"Yes, we can! Widely recognized as the most important Latino leader in the United States during the twentieth century, César E. Chávez led farm workers and supporters in the establishment of the country's first permanent agricultural union. His leadership brought sustained international attention to the plight of U.S. farm workers, and secured for them higher wages and safer working conditions.",National Monument,35.22729389,-118.5615781,CA,"The monument is located near the small town of Keene, California on Highway 58. From Highway 58, take exit 138 toward Keene, then turn right (east) on Woodford-Tehachapi Road. Travel about 0.5 miles (0.8 km) east on Woodford-Tehachapi Road and the entrance to César E. Chávez National Monument will be on your left.",http://www.nps.gov/cech/planyourvisit/directions.htm,"The climate in this area is mild, with warm, dry summers and cool winters. Average temperatures in July, the warmest month, are in the mid-80s and hot days often reach into the 90s. In winter, frosty mornings are common and roads may be icy.",USA
C62B89CF-F912-46F4-878C-8EEBD843CEC6,daav,Dayton Aviation Heritage,Dayton Aviation Heritage National Historical Park,https://www.nps.gov/daav/index.htm,"Dayton Aviation Heritage National Historical Park was established to honor the lives and achievements of poet and author Paul Laurence Dunbar and aviation pioneers Wilbur and Orville Wright. Through perseverance and dedication Orville, Wilbur and Paul were able to overcome obstacles in their lives and leave their respective marks on history. Start your visit at one of our locations today.",National Historical Park,39.78944467,-84.10442045,OH,"Located in west-central Ohio, the park is easily accessible via I-70, I-75 or US Route 35. The main park visitor center, Wright Dunbar Interpretive Center, is located at S. Williams St. and W. Third St. in Dayton.",http://www.nps.gov/daav/planyourvisit/directions.htm,"The park lies in a humid continental zone with a generally temperate climate. Winters are mildly cold with average temperatures around 39 degrees (F). Summers are hot and humid with an average temperature around 74 degrees (F). Average annual total rainfall is just above 41"". Snowfall in the winter is generally light with an average total snowfall of about 25"".",USA
C40BEE20-AF31-4DB5-AC77-D53EC89D1D9F,deso,De Soto,De Soto National Memorial,https://www.nps.gov/deso/index.htm,"In May 1539, Conquistador Hernando de Soto’s army of soldiers, hired mercenaries, craftsmen, and clergy made landfall in Tampa Bay. They were met with fierce resistance of indigenous people protecting their homelands. De Soto’s quest for glory and gold would be a four year, four thousand mile odyssey of intrigue, warfare, disease, and discovery that would form the history of the United States.",National Memorial,27.52272613,-82.64335416,FL,"Driving Directions: From I-75 Take exit 220 SR 64/Manatee Ave, Gulf Beaches exit. Travel west on SR 64 for approximately 12 miles to 75th St. W. Turn right onto 75th St. W. travel north approximately 2 miles to the northern terminus 75th St. W. turns into De Soto Memorial Hwy and dead ends into the park.",http://www.nps.gov/deso/planyourvisit/directions.htm,Summers avg. Temperature is 90 degrees Fahrenheit with a relative humidity of 80-90% Late afternoon showers and thunderstorms are common usually lasting only 10-20 minutes. Winters are mild and dry with lows reaching on average 60 degrees.,USA
FFC9F9C4-D79D-4CA7-AB0F-7A2AD30061CD,deva,Death Valley,Death Valley National Park,https://www.nps.gov/deva/index.htm,"In this below-sea-level basin, steady drought and record summer heat make Death Valley a land of extremes. Yet, each extreme has a striking contrast. Towering peaks are frosted with winter snow. Rare rainstorms bring vast fields of wildflowers. Lush oases harbor tiny fish and refuge for wildlife and humans. Despite its morbid name, a great diversity of life thrives in Death Valley.",National Park,36.48753731,-117.134395,"CA,NV",There are multiple entrances to the park. Click below to learn the best ways to travel to Death Valley.,http://www.nps.gov/deva/planyourvisit/directions.htm,"SPRING is the most popular time to visit Death Valley. Warm and sunny days with the possibility of spring wildflowers is a big attraction. SUMMER starts early in Death Valley. By May the valley can be scorching hot. AUTUMN arrives in late October, with warm but pleasant temperatures and generally clear skies. WINTER has cool days, chilly nights and rarely, rainstorms. With snow capping the high peaks and low angled winter light, this season is especially beautiful for exploring the valley.",USA
ECCA243E-109D-4D73-8546-B0A2553DD9E5,dewa,Delaware Water Gap,Delaware Water Gap National Recreation Area,https://www.nps.gov/dewa/index.htm,"Situated within the most densely populated region of the United States, Delaware Water Gap National Recreation Area provides a unique opportunity to experience tranquil landscapes, rich human history, and striking scenery along 40 miles of the longest free-flowing river east of the Mississippi. The park offers year-round recreation including hiking, paddling, fishing, and hunting.",National Recreation Area,41.12793491,-74.94751173,"NJ,PA","Delaware Water Gap National Recreation Area is a long, narrow park that sits between two major interstates, I-80 at the south and I-84 at the north. US 209 is the main north/south road through the park on the Pennsylvania side and Old Mine Road is the main north/south road though the park on the New Jersey side.",http://www.nps.gov/dewa/planyourvisit/directions.htm,Spring: Temperatures usually range from lows of 26 F to highs of 80 F with average rainfall of 5 inches. Summer: Temperatures usually range from lows of 55 F to highs of 85 F with average rainfall of 4 inches. Fall: Temperatures usually range from lows of 30 F to highs of 83F. Fall foliage is at its peak sometime in October as daily mountain temperatures vary frequently and influence the change. Winter: Temperatures usually range from lows of 15 F to highs of 49 F.,USA
C0BF2A42-E353-4FAE-B4C4-AA0676B58100,dena,Denali,Denali National Park & Preserve,https://www.nps.gov/dena/index.htm,"Denali is six million acres of wild land, bisected by one ribbon of road. Travelers along it see the relatively low-elevation taiga forest give way to high alpine tundra and snowy mountains, culminating in North America's tallest peak, 20,310' Denali. Wild animals large and small roam un-fenced lands, living as they have for ages. Solitude, tranquility and wilderness await.",National Park and Preserve,63.29777484,-151.0526568,AK,"You can drive to Denali from Anchorage or Fairbanks, along Highway 3, which is known as the ""George Parks Highway."" Fairbanks is about 2 hours north, while Anchorage is 5 hours south of the Denali entrance. You can also reach Denali from either city via the Alaska Railroad, which is operated by the State of Alaska.",http://www.nps.gov/dena/planyourvisit/directions.htm,"Summer is typically cool and wet, with highs typically in the upper 50s to low 60s, and lows in the 40s. On occasion, summer highs reach the low 80s, though this is rare. Snow can fall any month of the year, so be prepared for chilly weather even in summer. Fall colors emerge on the alpine tundra in August and in the low valleys in early September. Winter generally starts in mid-September, with temps often getting down to -40 by January. Spring is a short season in April / May, with highs above freezing.",USA
"2DC9444C-880F-4738-BA1F-6FB123935A02",depo,Devils Postpile,Devils Postpile National Monument,https://www.nps.gov/depo/index.htm,"Established in 1911 by presidential proclamation, Devils Postpile National Monument protects and preserves the Devils Postpile formation, the 101-foot high Rainbow Falls, and pristine mountain scenery. The formation is a rare sight in the geologic world and ranks as one of the world's finest examples of columnar basalt. Its' columns tower up to 60 feet and display a striking symmetry.",National Monument,37.6152564,-119.0873903,CA,"Shuttle Bus: Most visitors must park at the Mammoth Mountain Ski Area and use the mandatory shuttle. The shuttle bus operates from mid-June through the Wednesday after Labor Day. By car: From U.S. Highway 395, drive 10 miles west on S.R. 203 to Minaret Vista and then another 8 miles on a paved, steep mountain road. Please note that this road is single lane for approximately 3 miles. By plane: The closest commercial airport is the Mammoth Lakes/Yosemite Airport (MMH), located on U.S. Highway 395.",http://www.nps.gov/depo/planyourvisit/directions.htm,"Devils Postpile National Monument is located at 7,560 feet above sea level just west of the Sierra Nevada crest. As such, it experiences typical summer weather in the Sierras. Afternoon thunderstorms are possible in July and August. Daytime temperatures can range from the mid-70s to to mid-80s (degrees Fahrenheit). Evening temperatures can drop into the low 40s (and even the low 30s in the months of September and October).",USA
"335368E4-B5CE-4370-8324-4A841AFA5025",deto,Devils Tower,Devils Tower National Monument,https://www.nps.gov/deto/index.htm,"The Tower is an astounding geologic feature that protrudes out of the prairie surrounding the Black Hills. It is considered sacred by Northern Plains Indians and indigenous people. Hundreds of parallel cracks make it one of the finest crack climbing areas in North America. Devils Tower entices us to learn more, explore more and define our place in the natural and cultural world.",National Monument,44.59064655,-104.7156341,WY,"The park entrance is located 33 miles northeast of Moorcroft, 27 miles northwest of Sundance, and 52 miles southwest of Belle Fourche, SD. If approaching from the east or west, take US Hwy 14 to WY 24 (follow the signs from I-90). If approaching from the north, take WY 112 to WY 24 (from Montana) or SD 34 / WY 24 (from South Dakota).",http://www.nps.gov/deto/planyourvisit/directions.htm,"Obtain forecast information before beginning your adventure at Devils Tower National Monument and observe changing weather conditions. Thunderstorms can develop quickly bringing lightning, hail, rain, slippery rock surfaces, and hypothermia. Summer days can bring very hot temperatures. Carry enough water, and realize the rock of the Tower can reach over 100 degrees Fahrenheit. Winter weather can bring blowing snow and road closures. Check local forecasts and road conditions before visiting.",USA
"061D9754-B947-48FD-99BE-1FE1AAD1BB90",dino,Dinosaur,Dinosaur National Monument,https://www.nps.gov/dino/index.htm,"150 million years ago, dinosaurs roamed here. Their fossils are still embedded in the rocks. Today, mountains, desert, and rivers flowing in canyons support a variety of life. Petroglyphs reveal the lives and connections of Indigenous people to this land. Homesteaders and outlaws found refuge here. Whether your passion is science, adventure, history, or scenery, Dinosaur offers much to explore.",National Monument,40.50739742,-108.9333714,"CO,UT","Dinosaur National Monument is located on the Colorado and Utah border with parts of the monument in both states. Dinosaur fossils are only visible in the Utah portion of the monument, not on the Colorado side. The Quarry Visitor Center and Exhibit Hall (where you see the dinosaur fossils) are located approximately 7 miles north of Jensen, Utah. The Canyon Visitor Center is located in Dinosaur, Colorado.",http://www.nps.gov/dino/planyourvisit/directions.htm,"Dinosaur's climate is semiarid with temperatures averaging between 0°F to 30°F in January and 50°F to 100°F in July. Extreme winter low temperatures may reach -40°F and summer highs can top 110°F. Elevations within the park vary between 4,700 and 9,000 feet. Winter snow may be heavy at higher elevations while only light to moderate snow is found at lower elevations. Summer thunderstorms may cause heavy downpours and localized flooding, but fail to dampen parched soils less than a mile away.",USA
"167A05D1-5793-49E0-89FE-0A1DDFA9A7F4",drto,Dry Tortugas,Dry Tortugas National Park,https://www.nps.gov/drto/index.htm,"Almost 70 miles (113 km) west of Key West lies the remote Dry Tortugas National Park. This 100-square mile park is mostly open water with seven small islands. Accessible only by boat or seaplane, the park is known the world over as the home of magnificent Fort Jefferson, picturesque blue waters, superlative coral reefs and marine life, and the vast assortment of bird life that frequents the area.",National Park,24.628741,-82.87319,FL,"Dry Tortugas National Park is one of the most remote parks in the National Park System. Located approximately 70 miles west of Key West it is accessible only by a daily concession ferry, private boats, charter boats, or seaplane.",http://www.nps.gov/drto/planyourvisit/directions.htm,"The climate in the Dry Tortugas is subtropical, which basically means that it has warm and tropical weather in the range of 60°F to 90°F. The two main seasons are the winter stormy season from December through March which is windier and sees rougher seas, and the summertime tropical storm season from June through November where there is a higher chance of isolated storms. During the summers it is hot and humid. During the winter the temperature is milder and drier.",USA
"658C035B-119B-4C6F-9720-67872AD6A8A5",ddem,Dwight D. Eisenhower,Dwight D. Eisenhower Memorial,https://www.nps.gov/ddem/index.htm,The Dwight D. Eisenhower Memorial tells the story of one of America's greatest leaders of the 20th century.,Memorial,38.8869476647,-77.018737554,DC,"GPS Coordinates: 38.887318, -77.018541 GPS Navigation: 540 Independence Ave SW Nearest Intersection: 6th St NW and Independence Ave SW",htttp://www.nps.gov/ddem/planyourvisit/directions.htm,Washington DC gets to see all four seasons. Humidity will make the temps feel hotter in summer and colder in winter. Spring (March - May) Temp: Average high is 65.5 degrees with a low of 46.5 degrees Summer (June - August) Temp: Average high is 86 degrees with a low of 68.5 degrees Fall (September - November) Temp: Average high is 68 degrees with a low of 51.5 degrees Winter (December - February) Temp: Average high is 45 degrees with a low of 30 degrees (Source: www.usclimatedata.com),USA
"98C8117C-EDE9-4A7C-9354-5AD0DEFDB848",ebla,Ebey's Landing,Ebey's Landing National Historical Reserve,https://www.nps.gov/ebla/index.htm,"This stunning landscape on the Salish Sea, with its rich farmland and promising seaport, lured the earliest American pioneers north of the Columbia River to Ebey’s Landing. Today Ebey’s Landing National Historical Reserve preserves the historical, agricultural and cultural traditions of both Native and Euro-American – while offering spectacular opportunities for recreation.",National Historical Reserve,48.21403036,-122.6877213,WA,Ebey's Landing National Historical Reserve is on Whidbey Island in the Puget Sound. The island is easily accessible from the mainland by vehicle via Washington State Route 20 from Burlington and aboard the Washington State Ferries from either Mukilteo or Port Townsend.,http://www.nps.gov/ebla/planyourvisit/directions.htm,"Fall and Winter often bring blustery and rainy weather, and while winter storm watching might be fun from the many beaches within the Reserve, it's important to watch for high waves and logs coming ashore. Always dress appropriately for the weather, which can change suddenly from warm to chilly very quickly.",USA
"7D06F9D0-1D89-48B5-AFC6-E096C3288C1E",edal,Edgar Allan Poe,Edgar Allan Poe National Historic Site,https://www.nps.gov/edal/index.htm,"Described as horrifying, mystifying, and brilliant, Poe’s writing has engaged readers all over the world. The six years Edgar Allan Poe lived in Philadelphia were his happiest and most productive. Yet Poe also struggled with bad luck, personal demons and his wife’s illness. In Poe’s humble home, reflect on the human spirit surmounting crushing obstacles, and celebrate Poe’s astonishing creativity.",National Historic Site,39.96195482,-75.1500062,PA,"The Edgar Allan Poe National Historic Site is located at 532 N. 7th Street, Philadelphia, PA 19123. It sits in an urban area served by Interstates 95 and 676. On- street parking is usually available near the site. The site is also easily accessible by public transportation. See the directions web page for more information.",http://www.nps.gov/edal/planyourvisit/directions.htm,"Summers are typically hot and muggy, fall and spring are generally mild, and winter is cold. Snowfall is highly variable, with some winters bringing only light snow and others bringing several major snowstorms, with the normal seasonal snowfall standing at 22.4 in (57 cm). Precipitation is generally spread throughout the year, with eight to twelve wet days per month.",USA
"0265E5A4-576A-4626-882A-05971DEE9B76",efmo,Effigy Mounds,Effigy Mounds National Monument,https://www.nps.gov/efmo/index.htm,"The mounds preserved here are considered sacred by many Americans, especially the Monument's 20 culturally associated American Indian tribes. A visit offers opportunities to contemplate the meanings of the mounds and the people who built them. The 200 plus American Indian mounds are located in one of the most picturesque sections of the Upper Mississippi River Valley.",National Monument,43.08095081,-91.19687517,IA,"Located 3 miles north of Marquette, Iowa on Hwy 76.",http://www.nps.gov/efmo/planyourvisit/directions.htm,All four seasons are represented in this area with summer temperature in the upper 80’s with higher heat indexes due to humidity and winter daytime highs in the 20's. Temperatures are in °Fahrenheit.,USA
"29621EB6-DFBA-40DD-A880-FE29BE9EE2D7",eise,Eisenhower,Eisenhower National Historic Site,https://www.nps.gov/eise/index.htm,"Eisenhower National Historic Site preserves the farm of General and 34th President Dwight D. Eisenhower. Adjacent to the Gettysburg battlefield, the farm served the president and first lady as a weekend retreat and as a meeting place for world leaders. With its peaceful setting and view of South Mountain, it was a respite from Washington, DC, and a backdrop for efforts to reduce Cold War tensions.",National Historic Site,39.79577592,-77.26508101,PA,"The grounds of Eisenhower NHS are open daily, sunrise to sunset. Visitors may drive directly to Eisenhower NHS, using the entrance on Emmitsburg Road (250 Eisenhower Farm Rd). Once on-site, follow signage for directions on parking.",http://www.nps.gov/eise/planyourvisit/maps.htm,https://www.nps.gov/eise/planyourvisit/weather.htm,USA
"2EE542B6-3806-4E9C-ABBD-C4CC4C7E97C7",elca,El Camino Real de Tierra Adentro,El Camino Real de Tierra Adentro National Historic Trail,https://www.nps.gov/elca/index.htm,"Travel along El Camino Real de Tierra Adentro National Historic Trail to experience and learn from a complicated legacy of 300 years of conflict, cooperation, and cultural exchange between a variety of empires—European and non-European alike.",National Historic Trail,33.7990672546,-106.866386195,"NM,TX",You can visit many sites along El Camino Real de Tierra Adentro National Historic Trail over the 404-mile U.S. historic route (with thousands of additional miles in Mexico) that crosses New Mexico and Texas.,http://www.nps.gov/elca/planyourvisit/directions.htm,"Due to the length of El Camino Real de Tierra Adentro National Historic Trail, be sure to consult local weather sources for the region you'll be visiting. Check out the forecast with the National Weather Service and search for the area you'd like to visit: weather.gov",USA
"111711AC-B056-4CCF-B08F-35EE0E313CF4",elte,El Camino Real de los Tejas,El Camino Real de los Tejas National Historic Trail,https://www.nps.gov/elte/index.htm,"Explore a diverse array of histories contained within El Camino Real de los Tejas’ 150-year life, including the Spanish struggle to missionize American Indian nations, the growth of cattle ranching in the Mexican period, and the movement for Texan independence and statehood.",National Historic Trail,30.0922964581,-97.3397666725,"TX,LA","You can visit many sites of the El Camino Real de los Tejas National Historic Trail over the 2,580-mile historic route that crosses 2 states, and travels into Mexico, to Mexico City.",http://www.nps.gov/elte/planyourvisit/directions.htm,"Due to the length of El Camino de los Tejas National Historic Trail, be sure to consult local weather sources for the region you'll be visiting. Check out the forecast with the National Weather Service and search for the area you'd like to visit: www.weather.gov",USA
"0826F21E-43A2-4675-8D2A-11F676293364",elma,El Malpais,El Malpais National Monument,https://www.nps.gov/elma/index.htm,"The richly diverse volcanic landscape of El Malpais (el-mal-pie-EES) offers solitude, recreation, and adventure. Explore incredible geologic features such as lava flows, cinder cones, lava tube caves, and sandstone bluffs. While some may see a desolate environment, people have been adapting to and living in this extraordinary terrain for generations. Come visit the land of frozen fire!",National Monument,34.88422799,-107.9950948,NM,"No roads exist through El Malpais National Monument. To explore the east side of the park, take exit 89 off I-40 and head south on Highway 117. To explore the north side of the park, take exit 81 off I-40 and head south on Highway 53. To reach the visitor center, take exit 85 off I-40 in Grants, New Mexico. After you exit, head south on Santa Fe Ave and continue straight over the freeway overpass. Take a left at the entrance sign for El Malpais Visitor Center and continue 300 yards to the parking lot.",http://www.nps.gov/elma/planyourvisit/directions.htm,"As a general rule, daily temperatures swing roughly 30 (F) from night lows to afternoon highs. Summer is sunny and hot with monsoon rain storms and an average high of 80 (F). Winter is cool, sunny, with potential snow storms and an average high of 45 (F). Spring and fall are generally dry with the occasional storm rain and/or snow storm. For more information on weather and current weather conditions visit https://www.nps.gov/elma/planyourvisit/weather.htm",USA
F894BEB4-0058-4FB9-9E5B-68DB9A5BD198,elmo,El Morro,El Morro National Monument,https://www.nps.gov/elmo/index.htm,"Imagine the refreshment of finding water after days of dusty travel. A reliable waterhole hidden at the base of a sandstone bluff made El Morro (the headland) a popular campsite for hundreds of years. Here, ancestral Puebloans, Spanish, and American travelers carved over 2,000 signatures, dates, messages, and petroglyphs. Make El Morro National Monument a stopping point on your travels.",National Monument,35.03895916,-108.3463984,NM,"From Albuquerque, NM, or from the east: take Interstate 40 west to Grants. At exit 81, go south on Highway 53 for 42 miles to El Morro National Monument. From Flagstaff, AZ, or from the west: take Interstate 40 east to Gallup. At exit 20, go south on Highway 602 for about 31 miles. Turn east (left) onto Highway 53. El Morro is 25 more miles.",http://www.nps.gov/elmo/planyourvisit/directions.htm,"At an elevation of 7,219 feet (2200 meters) winters can be cold and snowy. Summers are warm with afternoon thunder showers from mid-July through mid-September. Trails can close unexpectedly due to severe weather. Average snowfall: 40 inches per year. Average precipitation (snowmelt and rain): 16 inches per year. Warmest month: July, with average highs of 84 degrees and lows of 52 degrees. Coldest months: December and January, with average lows of 14-15 degrees, and average highs of 44-45 degrees.",USA
"04CB5DB1-522B-4C2C-BB3F-C36361E391E7",elro,Eleanor Roosevelt,Eleanor Roosevelt National Historic Site,https://www.nps.gov/elro/index.htm,"Visit the home of Eleanor Roosevelt. Here, Franklin and Eleanor entertained friends, the press, activists, and official state visitors in the relaxed atmosphere of Val-Kill. Explore the Roosevelt saga in the homes of Franklin and Eleanor Roosevelt, the exhibits at the nation’s first Presidential Library, and over a thousand acres of gardens and trails.",National Historic Site,41.76208482,-73.89894026,NY,"Eleanor Roosevelt National Historic Site (Val-Kill) is located in the town of Hyde Park, NY, approximately 5 miles north of Poughkeepsie along Route 9G, midway between New York City and Albany, about a 1.5 hour drive from either direction. Located on the east bank of the Hudson River, the park is easily reached by either the Taconic State Parkway or Route 9, and the New York State Thruway west of the Hudson River.",http://www.nps.gov/elro/planyourvisit/directions.htm,"Spring: Temperatures usually range from 40°F to 70°F. Rain is not uncommon. Summer: Temperatures usually range from 70° F to 100° F. Humidity can be high throughout the summer months with periods of rain. Fall: Temperatures usually range from 40° F to 70° F. Peak leaf season is mid-October. Rain is not uncommon. Winter: Temperatures usually range from 30° F to 50°F. Ice, Freezing Rain and Snow are not uncommon.",USA
"73A512A3-807A-457C-8A3B-5862C9C28BBD",elis,Ellis Island,Ellis Island Part of Statue of Liberty National Monument,https://www.nps.gov/elis/index.htm,"How far would you travel to find a better life? What if the journey took weeks under difficult conditions? If you answered ""Whatever it takes,"" you echo the feelings of the 12 million immigrants who passed through these now quiet halls from 1892 to 1954. Ellis Island afforded them the opportunity to attain the American dream for themselves and their descendants. Come hear their stories.",Part of Statue of Liberty National Monument,40.69946,-74.0401,"NJ,NY","Ellis Island is located in New York Harbor and can only be reached by boat. Ferries are operated by Statue City Cruises and depart from The Battery in Lower Manhattan in New York City. Ferries are also available from Liberty State Park in Jersey City, New Jersey.",http://www.nps.gov/elis/planyourvisit/directions.htm,It is typically colder and more windy in New York Harbor than in elsewhere in the New York City metropolitan area. Winters are cold and damp. Spring and Fall can range from chilly to warm. Summers are warm to hot and humid.,USA
"0776E4B1-036C-4C61-9F5D-F5DB0EFB3220",till,Emmett Till and Mamie Till-Mobley,Emmett Till and Mamie Till-Mobley National Monument,https://www.nps.gov/till/index.htm,"In 1955, 14-year-old Emmett Till traveled to Money, Mississippi, to visit relatives. He was kidnapped, tortured, and murdered after reportedly whistling at a white woman. His mother, Mamie Till-Mobley, insisted on an open-casket funeral near their hometown of Chicago. Her brave decision let the world see the racist violence inflicted upon her son and set the Civil Rights Movement into motion.",National Monument,33.9711,-90.3698,"IL,MS","Emmett Till and Mamie Till-Mobley National Monument contains sites in Sumner and Glendora, Mississippi, and Chicago, Illinois.",https://www.nps.gov/till/planyourvisit/directions.htm,"The Emmett Till and Mamie Till-Mobley National Monument has sites in Chicago, IL and Sumner and Glendora, MS. Check local weather conditions in each unit before you visit.",USA
"353241CC-4C4A-4F9E-A928-EFDCE2C6E29A",euon,Eugene O'Neill,Eugene O'Neill National Historic Site,https://www.nps.gov/euon/index.htm,"America's only Nobel Prize-winning playwright, Eugene O'Neill, chose Northern California as his sanctuary at the pinnacle of his writing career. Secluded from the outside world within the serene walls of his Tao House, O'Neill crafted his final and most memorable masterpieces: The Iceman Cometh, Long Day's Journey Into Night, and A Moon for the Misbegotten.",National Historic Site,37.82604456,-122.0271566,CA,"Reservations are required to visit the site. We offer a free shuttle that will pick up visitors in downtown Danville, CA. The shuttle meets at 205 Railroad Avenue outside the Museum of the San Ramon Valley. Parking is available next to the museum. Reservations can be made by calling (925) 228-8860 x6422 or send your reservation request by e-mail.",http://www.nps.gov/euon/planyourvisit/directions.htm,"The Mediterranean climate of Danville features hot, dry summers with lower temperatures near 60º F and upper temperatures near 100º F. The heat gives way to cool, rainy winters with lows near 45º F and highs near 75º F. Fall and spring can bring rain and temperatures from 55-80º F.",USA
"5EA02193-276A-4037-B7DB-5765A56935FD",ever,Everglades,Everglades National Park,https://www.nps.gov/ever/index.htm,"Everglades National Park protects an unparalleled landscape that provides important habitat for numerous rare and endangered species like the manatee, American crocodile, and the elusive Florida panther. An international treasure as well - a World Heritage Site, International Biosphere Reserve, a Wetland of International Importance, and a specially protected area under the Cartagena Treaty.",National Park,25.37294225,-80.88200301,FL,"Directions to Ernest Coe Visitor Center 40001 State Road 9336, Homestead, FL 33034 Visitors coming from the Miami area and points north should take the Florida Turnpike (Route 821) south until it ends merging with U.S. 1 at Florida City. Turn right at the first traffic light onto Palm Drive (State Road 9336/SW 344th St.) and follow the signs to the park. Visitors driving north from the Florida Keys should turn left on Palm Drive in Florida City and follow the signs to the park.",http://www.nps.gov/ever/planyourvisit/directions.htm,The climate in Florida is known to be mild and sunny.The average annual temperatures for South Florida and the Keys range from 74° to 77°F (23° to 25°C). There are two seasons at the Everglades National Park: the wet season and the dry season. The wet season runs from Mid-May to November and the dry season runs from December to mid-May.,USA
"2337D255-2D32-4997-957A-D461EEA03AF8",feha,Federal Hall,Federal Hall National Memorial,https://www.nps.gov/feha/index.htm,"Here on Wall Street, George Washington took the oath of office as our first President, and this site was home to the first Congress, Supreme Court, and Executive Branch offices. The current structure, a Customs House, later served as part of the US Sub-Treasury. Now, the building serves as a museum and memorial to our first President and the beginnings of the United States of America.",National Memorial,40.70731192,-74.01025636,NY,"The main entrance of Federal Hall is located at 15 Pine Street, near the corner of Nassau and Pine Street in Manhattan's Financial District. The rear entrance, which is wheelchair accessible, is located at 15 Pine Street, near the intersection of Pine Street and Nassau Street. It is highly recommended that all visitors use mass transit when traveling to Federal Hall.",http://www.nps.gov/feha/planyourvisit/directions.htm,http://forecast.weather.gov/MapClick.php?CityName=New+York&state=NY&site=OKX&lat=40.7198&lon=-73.993#.Vqj8OvkrJlZ,USA
"8A31246D-5AB9-4A0E-8FBA-A9780C468935",fiis,Fire Island,Fire Island National Seashore,https://www.nps.gov/fiis/index.htm,"Immerse yourself in an enchanting collage of coastal life and history. Rhythmic waves, high dunes, ancient maritime forests, historic landmarks and glimpses of wildlife, Fire Island has been a special place for diverse plants, animals and people for centuries. Far from the pressure of nearby big-city life, dynamic barrier island beaches offer solitude, camaraderie, and spiritual renewal.",National Seashore,40.69668638,-73.00013462,NY,"Fire Island National Seashore Headquarters are located in Patchogue, New York, on Long Island. Fire Island National Seashore Headquarters: Via Long Island Expressway/I-495: Take Exit 61 (Patchogue-Holbrook Road) to Waverly Ave. Head south on Waverly Ave to West Ave. Turn right onto Laurel Street. Via NY-27: Take Exit 52 onto Waverly Ave. Head south on Waverly Ave to West Ave. Turn right onto Laurel Street.",http://www.nps.gov/fiis/planyourvisit/directions.htm,"Spring: Temperatures may range from high 30s to low 50s (F). Rain and sun are equally common. Summer: Temperatures usually range from 65 F to 90 F. Fall: Temperatures from 70 F in early autumn to 40 F later in the season may be expected. Winter: Temperatures in the 30s (F) are common, with below freezing temperatures possible.",USA
"35CB040E-765C-47D0-A594-05943E64EF3E",fila,First Ladies,First Ladies National Historic Site,https://www.nps.gov/fila/index.htm,"First Ladies National Historic Site consists of two properties in downtown Canton, Ohio - the home of First Lady Ida Saxton-McKinley and our Visitor Center. Come learn about how the position of First Lady has evolved over time to include a public role.",National Historic Site,40.79689857,-81.37579869,OH,"The First Ladies National Historic Site is located in downtown Canton, Ohio. Free parking is available behind the Saxton House or at our gated lot on the corner of Market Avenue South and 3rd Street SW. Please begin your visit at the visitor center at 205 Market Avenue South.",http://www.nps.gov/fila/planyourvisit/directions.htm,The weather at First Ladies National Historic Site is typical of Northeastern Ohio: four distinct seasons. Spring's rain and warming temperatures bring new leaves on trees and blooming wildflowers. Summer temperatures range from 49 to 95 degrees F and can be humid. Fall temperatures can range from low 70s during the day to freezing during the night. Fallcolor peaks mid-October. Winter weather conditions can rapidly change. Temperatures vary from mid-30s to below zero.,USA
"7861C177-A600-4B37-B217-E9E64DC04F34",frst,First State,First State National Historical Park,https://www.nps.gov/frst/index.htm,"Famous as the First State to ratify the Constitution, Delaware was born out of a conflict among three world powers for dominance of the Delaware Valley. From this beginning, the region developed a distinct character that tolerated diversity in religion and national origin and valued independence.",National Historical Park,39.83076929,-75.56353942,"DE,PA",First State National Historical Park is made up of six individual sites throughout Delaware and southeastern Pennsylvania that explore early settlement through the ratification of the US Constitution. Please visit the individual pages for directions or hours of operation.,http://www.nps.gov/frst/planyourvisit/directions.htm,"For details and information, visit, http://www.nps.gov/frst/index.htm.",USA
CA3ABD4B-B2BB-4949-9705-60CADB175FC4,flni,Flight 93,Flight 93 National Memorial,https://www.nps.gov/flni/index.htm,"On Tuesday morning, September 11, 2001, the U.S. came under attack when four commercial airliners were hijacked and used to strike targets on the ground. Nearly 3,000 people tragically lost their lives. Because of the actions of the 40 passengers and crew aboard one of the planes, Flight 93, the attack on the U.S. Capitol was thwarted.",National Memorial,40.06061476,-78.89456905,PA,"The entrance to the memorial is located on US Route 30/Lincoln Highway. Traveling east on the PA Turnpike take exit 110 - Somerset and follow the signs. Traveling west on the PA Turnpike take exit 146 - Bedford. GPS Address: 6424 Lincoln Highway, Stoystown, PA 15563. Please note mapping programs may note alternate entrances, but the only entrance to the memorial is located on US Route 30. For more details follow the link to our website",http://www.nps.gov/flni/planyourvisit/directions.htm,"Fall-Winter Cooler weather starts in September with warm days and cool nights. The first snowfall of the season occurs by mid-October and extends through late March to mid-April. Daytime temperatures range in the mid-20s to 30s, with periodic warming in the 40s and 50s. The average annual snowfall is approximately 80 inches for Somerset County. Spring-Summer May is more predictable for warmer weather with daytime temperatures in the 60s and 70s. July and August are also mild with highs in the 80s-90s",USA
"1F38885B-538E-499C-B5A6-30D76267AC7F",flfo,Florissant Fossil Beds,Florissant Fossil Beds National Monument,https://www.nps.gov/flfo/index.htm,"Beneath a grassy mountain valley in central Colorado lies one of the richest and most diverse fossil deposits in the world. Petrified redwood stumps up to 14 feet wide and thousands of detailed fossils of insects and plants reveal the story of a very different, prehistoric Colorado.",National Monument,38.91260586,-105.2803396,CO,"Visitors traveling north/south on I-25: Exit at US 24 West, travel 35 miles to town of Florissant, then follow signs two miles south on Teller County Road 1 to the Visitor Center. Visitors traveling from town of Cripple Creek: Follow Teller County Road 1 north for 16 miles.",http://www.nps.gov/flfo/planyourvisit/directions.htm,Winter months - average high 40 degrees F; average low 5 degrees F; Summer months - average high 75 degrees F; average low 40 degrees F;,USA
C1D82E29-1291-415B-9834-5A0480D2732C,foth,Ford's Theatre,Ford's Theatre,https://www.nps.gov/foth/index.htm,"April 14, 1865. President Lincoln is assassinated at Ford’s Theatre. Discover how a nation handled grief and loss, how everyday people experienced a national tragedy, and how we have remembered a fallen leader. Today, in partnership with Ford’s Theatre Society, live dramatic productions highlight Lincoln’s love of the theatre, and the power of stories to connect us to ourselves and our history.","",38.89668819,-77.02577944,DC,"Ford's Theatre National Historic Site is located on 10th Street NW, between E and F streets, in downtown Washington, DC. The site is within walking distance of the Metro stops at Metro Center and Gallery Place. Parking garages and metered street parking are located nearby.",http://www.nps.gov/foth/planyourvisit/directions.htm,Washington DC gets to see all four seasons. Humidity will make the temps feel hotter in summer and colder in winter. Spring (March - May) Temp: Average high is 65.5 degrees with a low of 46.5 degrees Summer (June - August) Temp: Average high is 86 degrees with a low of 68.5 degrees Fall (September - November) Temp: Average high is 68 degrees with a low of 51.5 degrees Winter (December - February) Temp: Average high is 45 degrees with a low of 30 degrees,USA
"5AD68231-8681-43F6-89B1-08E5AA4C7FE6",fobo,Fort Bowie,Fort Bowie National Historic Site,https://www.nps.gov/fobo/index.htm,"Fort Bowie witnessed almost 25 years of conflict between the Chiricahua Apache and the US Army, and remains a tangible connection to the turbulent era of the late 1800s. Explore the history of Fort Bowie and Apache Pass as you hike to the visitor center and old fort ruins. Today, this peaceful landscape stands in stark contrast to the violence that once gripped this land.",National Historic Site,32.14925942,-109.451132,AZ,"From Willcox, AZ / points west on I-10: drive 23 miles east of Willcox on Interstate 10 to the the town of Bowie. Exit at the first Bowie exit and drive through the town. Follow the signs for Fort Bowie National Historic Site and turn south on Apache Pass Road. Drive 13 miles to the Fort Bowie Trailhead (the last mile of the road is unpaved). Be prepared to walk the three miles round trip to the ruins and back to your car.",http://www.nps.gov/fobo/planyourvisit/directions.htm,"",USA
DE70B987-01A4-4BA5-9662-030BE3329AB3,foda,Fort Davis,Fort Davis National Historic Site,https://www.nps.gov/foda/index.htm,"Fort Davis is one of the best surviving examples of an Indian Wars' frontier military post in the Southwest. From 1854 to 1891, Fort Davis was strategically located to protect emigrants, mail coaches, and freight wagons on the Trans-Pecos portion of the San Antonio-El Paso Road and on the Chihuahua Trail.",National Historic Site,30.59930381,-103.8961904,TX,"We are approximately 2.5 hours south of Midland/Odessa starting on I-20 to HWY 17, 3.5 hours North West of Del Rio starting on HWY 90 to HWY 118, 4 hours east of El Paso starting on I-10 to HWY 118 and 7 hours west of San Antonio starting on I-10 to HWY 17.",http://www.nps.gov/foda/planyourvisit/directions.htm,Summer Temperatures average a High of 95 and low of 65. Winter Temperatures average a High of 60 and a low of 20. Wind is very common and heavy rainfall is very sporadic.,USA
"7DD7A9E8-E1E9-4759-A764-5FF81FC520ED",fodo,Fort Donelson,Fort Donelson National Battlefield,https://www.nps.gov/fodo/index.htm,"Brigadier General Ulysses S. Grant was becoming quite famous as he wrote these words following the surrender of Confederate Fort Donelson on Sunday, February 16, 1862. The Union victory at Fort Donelson elated the North, and stunned the South. Within days of the surrender, Clarksville and Nashville would fall into Union hands. Grant and his troops had created a pathway to victory for the Union.",National Battlefield,36.49019078,-87.92445695,"KY,TN","The main entrance is located at 120 Fort Donelson Park Road, in Dover Tennessee. It is advised to start a visitor experience here. Brochures and information are available at this location. Physical address for the park's Fort Heiman unit, in Calloway County, Kentucky: 654 Fort Heiman Road, New Concord, Kentucky. This site is not staffed daily, but exhibits and information are available for visitors.",http://www.nps.gov/fodo/planyourvisit/directions.htm,Fort Donelson National Battlefield traditionally experiences mild to moderate winters and hot summers with an average high of 90 degrees in the summer and 40 in winter; average lows in the winter are 30 degrees but single digits are not unusual. Rainfall in the area averages 53 inches a year with an additional 6 inches of ice/snow and violent thunderstorms can take place at any time of year.,USA
"3659D57D-BF06-4351-8B14-5F447120A389",fodu,Fort Dupont Park,Fort Dupont Park,https://www.nps.gov/fodu/index.htm,"This 361 acre wooded park was once home to an earthen fort built to protect Washington, DC, during the Civil War. Today, visitors can see the fort's earthworks and escape to the great outdoors. Activities include picnics, nature walks, biking, gardening, environmental education, music, and ranger-led programs.","",38.87731289,-76.94955824,DC,"Fort Dupont Park is located in Southeast Washington, DC, east of the Anacostia River. It is not near Dupont Circle. The closest metro rail stops are Potomac Avenue and Minnesota Avenue on the orange line, Benning Road on the blue line. Fort Dupont Park is served by several Metrobus routes. The most direct buses are the V7 and U2 buses on weekdays, or the V8 bus on weekends.",https://www.nps.gov/fodu/planyourvisit/directions.htm,"Open in all weather, unless otherwise noted under the alerts section of the parks website.",USA
"649C339B-35AE-4A4D-96A5-B54E46BA8D71",fofo,Fort Foote,Fort Foote Park,https://www.nps.gov/fofo/index.htm,"Fort Foote was constructed in 1863 atop Rozier's Bluff to strengthen the ring of fortifications that encircled Washington, D.C. Two of the Guns that protected Washington are still there along with the remains of the fort's earthworks.",Park,38.76901785,-77.02812387,MD,"From the Beltway (I495/I95), take Exit 3, Indian Head Highway south (MD210/Indian Head Highway) and drive for approximately 3.5 miles to Old Fort Road. Turn right for 1 mile to Fort Foote Road S, turn left. Follow the winding road through the residential area to entrance sight on the left for the fort. If driving north on MD210/Indian Head Highway turn left onto the 2nd Old Fort Road you come to (Old Fort Rd cross 210 twice). There will be a McDonald's on your left at the correct traffic light.",http://www.nps.gov/fofo/planyourvisit/directions.htm,"Summers are generally hot and humid, with daytime highs frequently above 90 degrees Fahrenheit and scattered afternoon thunderstorms. Please carry water while participating in physical activity and be prepared to take shelter from lightning. Winters are generally cold, with nighttime lows frequently near freezing and occasional snowfall. Weather during spring and fall is generally moderate, but can change quickly.",USA
"4301F6E9-750B-489D-B8E4-4204165894A1",fofr,Fort Frederica,Fort Frederica National Monument,https://www.nps.gov/fofr/index.htm,"War was imminent as James Oglethorpe established Fort Frederica in 1736, to help protect the British colonies from the Spanish in Florida. Fort Frederica illustrates the story of the War of Jenkins Ear (1739-1748) and how its British defenders fought off the Spanish Army. Today, archeology has uncovered the story of the 1,000 people that once lived here.",National Monument,31.2214699,-81.39452014,GA,"Directions from Torras Causeway: at end of causeway, get in left lane. Follow left lane to traffic light. Go straight at light. Follow Sea Island Road to Frederica Road. Turn left at traffic light onto Frederica Road. Follow Frederica to roundabout. Take second exit of roundabout (still on Frederica). Go approximately 1 mile. Turn left onto park entrance road. Across from Wesley United Methodist Church. For detailed directions, clink the link below.",http://www.nps.gov/fofr/planyourvisit/directions.htm,"The site enjoys mild climate from fall through early summer, followed by hot, humid summers.",USA
"53C5C818-EB7C-4FEB-B94F-892588205D64",fola,Fort Laramie,Fort Laramie National Historic Site,https://www.nps.gov/fola/index.htm,"Originally established as a private fur trading fort in 1834, Fort Laramie evolved into the largest and best known military post on the Northern Plains before its abandonment in 1890. This “grand old post” witnessed the entire sweeping saga of America’s western expansion and Indian resistance to encroachment on their territories.",National Historic Site,42.20301694,-104.5459112,WY,"The park is located in southeast Wyoming approximately 125 miles southeast of Casper, 100 miles north of Cheyenne and 55 miles west of Scottsbluff, Nebraska. From Interstate 25, take exit 92 to US Highway 26, proceed east to the town of Fort Laramie; turn right on State Route 160 and travel three miles to the park entrance. From westbound US 26, proceed west from Scottsbluff, Nebraska to the town of Fort Laramie; turn left on State Route 160 and continue three miles to the park entrance.",http://www.nps.gov/fola/planyourvisit/directions.htm,"Fort Laramie has mild weather for Wyoming. While summer days can be quite hot (over 100F/37C), average highs are in the 80s and 90s (30-35C) with cool nights and low humidity. Winters are often bitterly cold and windy with subzero wind chills. The region is semi-arid with a distinct winter dry season. About 70% of annual precipitation falls as thunderstorms during the spring and early summer. Breezy days are common year-round and peak in the winter when wind speeds can approach hurricane-strength.",USA
"6C6ABAB9-7F52-4172-8009-817612726CFF",fols,Fort Larned,Fort Larned National Historic Site,https://www.nps.gov/fols/index.htm,Discover a complete and authentic army post from the 1860s -1870s! This well-preserved fort on the Santa Fe Trail shares a tumultuous history of the Indian Wars era. The sandstone constructed buildings sheltered troops who were known as the Guardians of the Santa Fe Trail.,National Historic Site,38.18047491,-99.21836664,KS,"Fort Larned National Historic Site is located on KS Hwy 156, six miles west of Larned, Kansas.",http://www.nps.gov/fols/planyourvisit/directions.htm,"Central Kansas has a four-season climate. Winter tends to be cold and dry, with average daytime highs below 40F (4C). Foehn winds blowing across the Great Plains from the Southwest periodically raise temperatures above 80F (27C). Unsettled warmer air, higher winds, and severe weather arrive in the spring and often last through early July. Late summer days hover above 90F (32C) and readings over 100F (38C) are not uncommon. Fall is variable but generally milder with showers changing to snow and ice later.",USA
"31E84ADD-24C1-400B-9D8B-4588D8DC521C",foma,Fort Matanzas,Fort Matanzas National Monument,https://www.nps.gov/foma/index.htm,"Fort Matanzas National Monument preserves the fortified coquina watchtower, completed in 1742, which defended the southern approach to the Spanish military settlement of St. Augustine. It also protects approximately 300 acres of Florida coastal environment containing dunes, marsh, maritime forest, and associated flora and fauna, including threatened and endangered species.",National Monument,29.7121489,-81.23567535,FL,Fort Matanzas is 14 miles south of Saint Augustine on State Route A1A.,http://www.nps.gov/foma/planyourvisit/directions.htm,"Summers are hot and humid with afternoon thundershowers. Sunscreen, a hat, UV protective sunglasses, and are recommended. Drink plenty of water. Winters are cool to mild with some cold spells, especially with wind from the north or off the water. Fall and spring are temperate with temperatures around 70F-80F (21C-26C). During danger of lightning, the fort will be closed and ferry service will be suspended. June-November is hurricane season so check for tropical storms before visiting.",USA
B0DE766C-E87F-48BE-A94F-C9D774AD52FD,fomc,Fort McHenry,Fort McHenry National Monument and Historic Shrine,https://www.nps.gov/fomc/index.htm,"by the dawn's early light, a large red, white and blue banner? Whose broad stripes and bright stars... were so gallantly streaming...over Fort McHenry! The valiant defense of the fort during the Battle of Baltimore on September 13-14, 1814 inspired Francis Scott Key to write the words that became the U.S. national anthem. The fort's history holds many other stories too, from the Civil War to WWII.",National Monument and Historic Shrine,39.26395314,-76.58044165,MD,"The park is three miles southeast of the Baltimore Inner Harbor and just off I-95. Follow the brown Fort McHenry directional signs along all major routes to the park. From I-95 northbound, take Exit 55 Key Highway and follow Fort McHenry signs.",http://www.nps.gov/fomc/planyourvisit/directions.htm,"Temperatures and weather in the spring and fall months tend to be mild. Ice, snow, and freezing temperatures can occur during winter. Extreme heat can occur during the summer months. Inclement weather may impact park hours of operation year round. Refer to the park alerts or call ahead to confirm operating hours.",USA
BDE93DB8-0A71-4C18-9F10-489815E742CC,fomr,Fort Monroe,Fort Monroe National Monument,https://www.nps.gov/fomr/index.htm,"Fort Monroe's story spans from prehistory to the 2000s. Kecoughtan Indians occupied Old Point Comfort before the arrival of English colonists. The first enslaved Africans arrived in 1619. Those escaping slavery sought their freedom at the fort during the Civil War. The fort remained bastion of national defense until 2011, when it became a national park.",National Monument,37.01733343,-76.30103195,VA,"Take exit 268 from Interstate 64 (I-64) in Hampton, Virginia toward Fort Monroe. Turn left from the exit ramp onto South Mallory Street. Turn right at the second light onto East Mellen Street. Cross the bridge and turn left at the light onto Ingalls Road. The Fort Monroe Visitor & Education Center is on the left after about two-thirds of a mile. Park on Ingalls Road or in the lot behind the building.",http://www.nps.gov/fomr/planyourvisit/directions.htm,"Spring: Temperatures range from 40 F to 70 F with rain being common. Summer: Temperatures range from 75 F to 100 F with rain and sun equally common. On very sunny days, be prepared with plenty of water. Fall: Temperatures usually range from 40 F to 65 F. Hurricanes are more likely to threaten the are at this time of year. If planning a visit during this time, please be mindful of the storm activity. Winter: Temperatures range from 40 F to 50 F on average with snow being uncommon.",USA
D2E64293-4B46-4F1A-8902-7D0FCAD268C0,fone,Fort Necessity,Fort Necessity National Battlefield,https://www.nps.gov/fone/index.htm,"The battle at Fort Necessity in the summer of 1754 was the opening action of the French and Indian War. This war was a clash of British, French and American Indian cultures. It ended with the removal of French power from North America. The stage was set for the American Revolution.",National Battlefield,39.81306048,-79.59033344,PA,"The main unit of the park is located 11 miles east of Uniontown, Pennsylvania on U.S. Highway 40. The visitor center, reconstructed Fort Necessity, Mount Washington Tavern and picnic area are located in the main unit of the park.",http://www.nps.gov/fone/planyourvisit/directions.htm,"Weather varies considerably within each season. Be prepared with layered clothing. Precipitation is common throughout the year. Spring: Temperatures usually range from 25°F to 70°F. On average, May is the wettest month. Summer: Temperatures usually range from 50°F to 80°F. July is the warmest month. Fall: Temperatures usually range from 30°F to 70°F. Fall foliage is at its peak around mid-October. Winter: Temperatures range from 15°F to 40°F. January is the coldest month.",USA
"7FF57085-3B53-498D-86B5-96F5F1493A06",fopo,Fort Point,Fort Point National Historic Site,https://www.nps.gov/fopo/index.htm,"From its vantage point overlooking the spectacular Golden Gate, Fort Point defended the San Francisco Bay following California's Gold Rush through World War II. Its beautifully arched casemates display the art of 3rd system brick masonry and interacts gracefully with the Golden Gate Bridge.",National Historic Site,37.80837439,-122.473747,CA,"Fort Point is located at the south anchorage of the Golden Gate Bridge at the end of Marine Drive on the Presidio of San Francisco. By car take Highway 101 N or S, exit at the Golden Gate Bridge toll plaza at south end of bridge. From S turn right at end of exit ramp, or from N go straight on Merchant Drive. Turn left onto Lincoln Boulevard. Take a left onto Long Avenue and follow onto Marine Drive.",http://www.nps.gov/fopo/planyourvisit/directions.htm,Fort Point is typically cold and windy throughout the year. Fog is especially common in the summer months. Come prepared with layers and windbreakers for maximum comfort.,USA
"3249A652-F901-40F2-A608-635B0F41574B",fopu,Fort Pulaski,Fort Pulaski National Monument,https://www.nps.gov/fopu/index.htm,"For much of the 19th century, masonry fortifications were the United States’ main defense against overseas enemies. However, during the Civil War, new technology proved its superiority over these forts. Using rifled cannons, the U.S. Army compelled the Confederate garrison inside Fort Pulaski to surrender. The siege was a landmark experiment in the history of military science and invention.",National Monument,32.0308274,-80.93361681,GA,"From Interstate I-95, take Exit 99 onto Interstate I-16 East (James L Gillis Memorial Hwy) for 7 miles. Take Exit 164A onto Interstate I-516 East toward US-80 East. Take Exit 3 (US-17 S/US-80 E) toward US-80 East. Turn left onto Ocean Highway, Ogeechee Rd (US-17 N, US-80 East). Bear right onto West Victory Drive (US-80 East). Continue on US-80 East for 13 miles. GPS Coordinates for Fort Pulaski National Monument: N32° 01.680 W080° 53.525",http://www.nps.gov/fopu/planyourvisit/directions.htm,"Savannah has a humid sub tropical climate with over two hundred days of sunshine each year. Summers are typically hot, bright and humid with afternoon thunderstorms common. Temperatures often range from the lower 70s to the mid 90s F. Spring and autumn can be quite pleasant with temperatures ranging from the upper 50s into the 80s F. The winter months are usually dry. Temperatures can be cooler than one would expect, ranging from the upper 30s through the 60s F generally, though sudden cold snaps can occur.",USA
C84BCBF8-FC75-48BB-8032-6FF56AB2DCED,fora,Fort Raleigh,Fort Raleigh National Historic Site,https://www.nps.gov/fora/index.htm,"Amongst the shallow blue waters of the Outer Banks lies Fort Raleigh on Roanoke Island. Shaped by constant winds of change, Fort Raleigh has become a focal point of American history. From the first Algonquian-speaking people to the first English colonies, from formerly enslaved people starting anew to an inventor testing new radio technology, this island continues to be a place to forge new paths.",National Historic Site,35.93278602,-75.71496865,NC,"Fort Raleigh National Historic Site is located on the northern end of Roanoke Island, north of the town of Manteo, NC.",http://www.nps.gov/fora/planyourvisit/directions.htm,Weather on the Outer Banks varies seasonally and daily. Please check the National Weather Service at http://www.weather.gov/mhx/ for up-to-date weather forecast information.,USA
"8CA5777A-FFDF-45AE-9705-C4DE268D1BCC",fosc,Fort Scott,Fort Scott National Historic Site,https://www.nps.gov/fosc/index.htm,"Promises made and broken! Who deserves to be free? The fight for freedom! Soldiers fighting settlers! Each of these stories is a link in the chain of events that encircled Fort Scott from 1842-1873. All of the site's structures, its parade ground, and its tallgrass prairie bear witness to this era when the country was forged from a young republic into a united transcontinental nation.",National Historic Site,37.84358849,-94.70429174,KS,"Fort Scott National Historic Site is located in downtown Fort Scott, Kansas. U.S. Highways 69 and 54 intersect here. Fort Scott is about 90 miles south of Kansas City and 60 miles northwest of Joplin, Missouri. It is 4 miles from the Kansas-Missouri border. Signs directing visitors to Fort Scott are posted on Highway 69 for visitors coming from the north and the south and on Highway 54 for visitors coming from the east and the west.",http://www.nps.gov/fosc/planyourvisit/directions.htm,"Spring and autumn are pleasant with mild temperatures. Summers are generally hot and humid, while winters are mild with periods of cold weather, snowfall, and ice storms. Thunderstorms, some severe, are common throughout the spring and summer. During periods of severe weather, visitors should seek shelter, as the area is prone to lightning strikes Visitors are advised to check the weather prior to traveling.",USA
"54DC5EA0-2635-4154-BBD0-AF0F38D76933",fosm,Fort Smith,Fort Smith National Historic Site,https://www.nps.gov/fosm/index.htm,"Explore life on the edge of frontier and Indian Territory through the stories of soldiers, the Trail of Tears, scandals, outlaws, and lawmen who pursued them. From the establishment of the first Fort Smith on December 25, 1817, to the final days of Judge Isaac C. Parker's jurisdiction over Indian Territory in 1896, Fort Smith National Historic Site preserves almost 80 years of history.",National Historic Site,35.38834746,-94.43129079,"AR,OK","From Interstate 40 Eastbound: Exit at Roland and drive six miles on highway 64 to downtown Fort Smith. From Interstate 40 Westbound & from North Interstate 540 & Fayetteville: Take Interstate 40 Westbound to Interstate 540 south. Exit west on Rogers Ave and continue towards downtown Fort Smith. In the downtown area: On Rogers or Garrison Ave, turn south at 4th St. Turn right onto Garland Ave. Entrance to the main parking lot is at the end of the next block. Oversize parking is available.",http://www.nps.gov/fosm/planyourvisit/directions.htm,"Fort Smith weather includes four distinct, yet temperate seasons. Spring and fall are usually mild while late summer is hot and humid. During winter months, temperatures occasionally dip into the teens. Forecast often changes dramatically due to surrounding weather influences. Arkansas's central location allows weather systems from all directions to influence its climate. The area is prone to flash flooding and river flooding in rainy seasons.",USA
D57C8F0D-71E9-46D7-B00B-001BC7E39096,fost,Fort Stanwix,Fort Stanwix National Monument,https://www.nps.gov/fost/index.htm,"For centuries, the Oneida Carrying Place, a six-mile portage connecting the Mohawk River and Wood Creek, served as a vital link for those traveling by water from the ocean to the Great Lakes. When Europeans arrived, nations fought for control of the carry, the homelands of the Six Nations Confederacy, and the rich resources of North America. In this struggle, Fort Stanwix would play a vital role.",National Monument,43.21053441,-75.45557626,NY,"Take I-90 (NY Thruway) to Exit 33 (Verona-Rome). Turn Right onto Rt. 365 E. Follow Rt. 365, veering left as Rt. 365 merges with Rt 69 at the fork in the road. This will take you over an arterial bridge into the City of Rome. Fort Stanwix NM will be across Erie Blvd. on the right side of James Street.",http://www.nps.gov/fost/planyourvisit/directions.htm,"The Park lies within a temperate zone and experiences four full seasons. Summer can become very hot and humid. Snow is common as late as May and as early as October. The fort area can become muddy in all seasons. With most activities outdoors, good closed-toe walking shoes and low heels are advised. Air conditioning and heating is limited to park visitor center most times in the year. Water and extra layers of clothing in all seasons are always recommended!",USA
"372AF558-26C8-461F-B011-AF359276398D",fosu,Fort Sumter and Fort Moultrie,Fort Sumter and Fort Moultrie National Historical Park,https://www.nps.gov/fosu/index.htm,"Two forts stand at the entrance of Charleston Harbor. Patriots inside a palmetto log fort, later named Fort Moultrie, defeated the Royal Navy in 1776. As Charleston blazed a path towards secession to preserve slavery, construction on a new fort, Fort Sumter, proceeded. The Confederacy fired on the US garrison of Fort Sumter on April 12, 1861 opening the Civil War, which redefined American freedom.",National Historical Park,32.75654469,-79.87068744,SC,"Fort Sumter is accessible by ferry boat. Boats depart at scheduled times from two sites. The primary departure point is the Fort Sumter Visitor Center, 340 Concord Street, Charleston. Boats depart from Patriots Point, 40 Patriots Point Boulevard, Mount Pleasant. There is a fee for the concession-operated ferry. Fort Moultrie is accessible by car at 1214 Middle Street, Sullivan's Island. A park entrance fee is charged for the park. Details at: https://www.nps.gov/fosu/planyourvisit/directions.",https://www.nps.gov/fosu/planyourvisit/directions.htm,Mild winters. Hot and humid during the summer.,USA
FB1AE18D-522F-434B-9983-3D0194CE1995,foun,Fort Union,Fort Union National Monument,https://www.nps.gov/foun/index.htm,"Exposed to the wind, within a sweeping valley of short grass prairie, and along the eroded Santa Fe Trail, lie the adobe walled ruins of the largest 19th century military fort in the region. From 1851 to 1891, Fort Union functioned as an agent of change, desired or not, in the New Mexico Territory and throughout the Southwest.",National Monument,35.90700629,-105.0145185,NM,"Fort Union National Monument is located in the Northeastern portion of the state of New Mexico. 8 miles off of Interstate I-25 on State Highway NM 161. New Mexico: From Albuquerque (156 miles), Santa Fe (94 miles) or Las Vegas, NM (28 miles) take I-25 North, exit 366 at Watrous, 8 miles on NM 161. Colorado: From Denver (313 miles), Colorado Springs (243 miles) or Raton (95 miles) take I-25 South, exit 366 at Watrous, 8 miles on NM 161.",http://www.nps.gov/foun/planyourvisit/directions.htm,"Fort Union is situated at 6,760 feet above sea level. Daytime temperatures between June and September may exceed 90 degrees Fahrenheit. Winter temperatures often drop below 32 degrees Fahrenheit. Temperatures may vary within 50 degrees in a 24-hour period. During the winter, it is not uncommon for the temperatures to drop below 0°F (-18°C.) During the summer, expect high temperatures, intense sunlight and extremely low humidity.",USA
"60B1534B-5C3A-402A-ABC6-700B756F69A2",fous,Fort Union Trading Post,Fort Union Trading Post National Historic Site,https://www.nps.gov/fous/index.htm,"Between 1828 and 1867, Fort Union was the most important fur trade post on the Upper Missouri River. Here, the Assiniboine and six other Northern Plains Tribes exchanged buffalo robes and smaller furs for goods from around the world, including cloth, guns, blankets, and beads. A bastion of peaceful coexistence, the post annually traded over 25,000 buffalo robes and $100,000 in merchandise.",National Historic Site,48.00075828,-104.0375238,"MT,ND","Located on North Dakota Highway 1804 right at the Montana and North Dakota state line. From Williston, ND, approximately 25 miles to the southwest via ND Highways 2 & 1804. From Sidney, MT, approximately 25 miles to the northeast, via MT Highways 200 & 58. Commercial flights and rental cars are available in both Williston, ND and Sidney, MT. Amtrak passenger train service and rental cars are available in Williston, ND.",http://www.nps.gov/fous/planyourvisit/directions.htm,"Weather in western North Dakota can be harsh, with extremes in temperature and sudden, violent storms. Be prepared for rapidly changing conditions. Summers are warm with average high temperatures in the 80s-90s May through September. Winters are cold with average lows in the single digits December through February. Wind is considerable year-round. Conditions can change quickly. Travelers should be aware of the potential for violent thunderstorms in the summer and the possibility of blizzards.",USA
B13AB831-6806-4CBA-A93D-4E2FCC39F6F7,fova,Fort Vancouver,Fort Vancouver National Historic Site,https://www.nps.gov/fova/index.htm,"Located on the north bank of the Columbia River, in sight of snowy mountain peaks and a vibrant urban landscape, this park has a rich cultural past. From a frontier fur trading post, to a powerful military legacy, the magic of flight, and the origin of the American Pacific Northwest, history is shared at four unique sites. Discover stories of transition, settlement, conflict, and community.",National Historic Site,45.62234841,-122.6617043,"OR,WA","From I-5, take the Mill Plain Boulevard exit (Exit 1-C) and head east. Turn south onto Fort Vancouver Way. At the traffic circle, go east on Evergreen Boulevard and follow signs to the Fort Vancouver Visitor Center. From I-205, go west on Highway 14 about six miles, then take I-5 north. From I-5, take the Mill Plain Boulevard exit (Exit 1-C) and head east. At the traffic circle, go east on Evergreen Boulevard and follow signs to the Fort Vancouver Visitor Center.",http://www.nps.gov/fova/planyourvisit/directions.htm,"Fort Vancouver National Historic Site is located in a mild, temperate climate. However, in the case of severe weather, park alerts posted on the park's website will provide information about emergency closures.",USA
E49B3D75-8676-4417-BFAD-8B3E23B1418B,fowa,Fort Washington,Fort Washington Park,https://www.nps.gov/fowa/index.htm,"Built to defend the river approach to Washington, DC, Fort Washington has stood as silent sentry for over 200 years. As technologies advanced so did Fort Washington, from the brick and stone of the 19th century to the concrete and steel of the 20th century. Joining the National Park Service in 1946, the park continues to protect the Potomac River.",Park,38.7117,-77.0302,MD,"From I-95/495 take exit 3, Indian Head Highway South/MD 210. Travel about 4 miles to Fort Washington Road, turn right. The park is located at the end of the road. From Waldorf, MD: MD228 to Indian Head Highway/MD210 North. Turn left onto Old Fort Road. Continue to end of road, at the stop sign turn left onto Fort Washington Road, continue to park entrance.",http://www.nps.gov/fowa/planyourvisit/directions.htm,"Summers are generally hot and humid, with daytime highs frequently above 90 degrees Fahrenheit and scattered afternoon thunderstorms. Please carry water while participating in physical activity and be prepared to take shelter from lightning. Winters are generally cold, with nighttime lows frequently near freezing and occasional snowfall. Weather during spring and fall is generally moderate, but can change quickly.",USA
"57CCF213-6285-408F-AD58-CC2DB9D5B6C1",fobu,Fossil Butte,Fossil Butte National Monument,https://www.nps.gov/fobu/index.htm,"Some of the world's best-preserved fossils are found in the flat-topped ridges of southwestern Wyoming's cold sagebrush desert. Fossilized fishes, insects, plants, reptiles, birds, and mammals are exceptional for their abundance, variety, and detail of preservation. Most remarkable is the story they tell of ancient life in the warm, wet environment in and around a freshwater lake.",National Monument,41.85635223,-110.7624754,WY,"By car: Travel 9 miles west of Kemmerer, Wyoming on U.S. Highway 30. There is a highway sign near mile post 44; turn right onto Lincoln County Road 300. The Historic Quarry Trail is approximately 1/2 mile on the right. Continue west on County Road 300 for approximately 1.5 miles to Chicken Creek Road which provides access to the visitor center, scenic drive, Nature Trail and picnic area. Closest airports: Rock Springs, Wyoming (130 miles); Salt Lake City, Utah (150 miles).",http://www.nps.gov/fobu/planyourvisit/directions.htm,"Expect a variety of weather conditions no matter what time of year you visit. Spring, fall and winter can be very cold with snow and icy conditions. In spring, daytime temperatures usually range from 30 F to 65 F. Summer daytime temperatures range from 60 F to 90 F. Fall daytime temperatures range from 45 F to 70 F. Winter daytime temperatures range from -20 F to 30 F.",USA
"8F8CC788-D1BB-42BC-A41E-B442E2B001C8",frde,Franklin Delano Roosevelt Memorial,Franklin Delano Roosevelt Memorial,https://www.nps.gov/frde/index.htm,These words by President Franklin Delano Roosevelt ushered the United States into World War II and defined what it is to be an American. Stop by this secluded memorial and begin to understand the Roosevelt legacy.,"",38.88341274,-77.04311542,DC,"GPS Coordinates: 38.883625, -77.043868 Address: 400 West Basin Drive SW, Washington, D.C. Nearest Intersection: West Basin Drive SW & Ohio Drive. SW",http://www.nps.gov/frde/planyourvisit/directions.htm,Washington DC gets to see all four seasons. Humidity will make the temps feel hotter in summer and colder in winter. Spring (March - May) Temp: Average high is 65.5 degrees with a low of 46.5 degrees Summer (June - August) Temp: Average high is 86 degrees with a low of 68.5 degrees Fall (September - November) Temp: Average high is 68 degrees with a low of 51.5 degrees Winter (December - February) Temp: Average high is 45 degrees with a low of 30 degrees (Source: www.usclimatedata.com),USA
F6831504-A456-45C8-B87B-0FCE1D849A12,frdo,Frederick Douglass,Frederick Douglass National Historic Site,https://www.nps.gov/frdo/index.htm,"Frederick Douglass spent his life fighting for justice and equality. Born into slavery in 1818, he escaped as a young man and became a leading voice in the abolitionist movement. People everywhere still find inspiration today in his tireless struggle, brilliant words, and inclusive vision of humanity. Douglass's legacy is preserved here at Cedar Hill, where he lived his last 17 years.",National Historic Site,38.86298458,-76.98508147,DC,"The site can be reached by car, public transportation, or on foot. See the directions page of the website for more detailed information. There is parking on site.",http://www.nps.gov/frdo/planyourvisit/directions.htm,Winter: Temperatures usually range from 30 to 50 F. There is occasional snow. Spring: Temperatures usually range widely from 40 to 70 F. Rain is common. Summer: Temperatures usually range from 70 to 90 F. Humidity is usually high. Be prepared and drink plenty of water. There is a water fountain in the visitor center. Fall: Temperatures usually range widely from 40 to 70 F. Humidity can remain high in the earlier part of the season.,USA
CDC0FE7F-C249-466C-88B2-B81FC5279B91,frla,Frederick Law Olmsted,Frederick Law Olmsted National Historic Site,https://www.nps.gov/frla/index.htm,"Frederick Law Olmsted (1822-1903) is recognized as the founder of American landscape architecture and the nation's foremost parkmaker. Olmsted moved his home to suburban Boston in 1883 and established the world's first full-scale professional office for the practice of landscape design. During the next century, his sons and successors perpetuated Olmsted's design ideals, philosophy, and influence.",National Historic Site,42.32424266,-71.13202567,MA,"Site is located on the southwest corner of Warren and Dudley Streets in Brookline, south of Route 9, near the Brookline Reservoir. Site is 0.7 miles from the Brookline Hills MBTA stop on the Green Line, D Branch.",http://www.nps.gov/frla/planyourvisit/directions.htm,"Summer: Warm temperatures, average high temperature around 80 degrees Fahrenheit, often with humidity. July and August bring the hottest temperatures. Fall: Cooler temperatures, mean temperatures between 45 and 65 degrees Fahrenheit, sometimes rainy. Peak fall foliage is in mid-October. Winter: Cold, with snow, average low temperature around 25 degrees Fahrenheit. Spring: Cold to cool temperatures, average mean temperatures between 40 and 60 degrees Fahrenheit.",USA
"52430E36-3361-4BB8-BE6F-0F2834E50CB3",frsp,Fredericksburg & Spotsylvania,Fredericksburg & Spotsylvania National Military Park,https://www.nps.gov/frsp/index.htm,"Fredericksburg, Chancellorsville, Wilderness, and Spotsylvania, this is America's battleground, where the Civil War roared to its bloody climax. No place more vividly reflects the War's tragic cost in all its forms. A town bombarded and looted. Farms large and small ruined. Refugees by the thousands forced into the countryside. More than 85,000 men wounded; 15,000 killed--most in graves unknown.",National Military Park,38.29378,-77.46734,VA,"Fredericksburg and Spotsylvania National Military Park manages 4 battlefields and multiple historical sites across multiple counties. The park is located approximately 50 miles south of Washington DC. Different battlefields and historical sites are accessible via I-95 and VA Route 3. For directions and physical addresses for each of our sites, please visit the Directions & Transportation section of our website.",http://www.nps.gov/frsp/planyourvisit/directions.htm,"The regional climate is characterized by mild winters and warm, humid summers. The mean annual temperatures is 56 degrees Fahrenheit. The average summer temperature is 75 degrees Fahrenheit. Daytime highs during the summer can reach the 90s, and nighttime lows are in the lower 60s. Daytime highs in the winter are typically in the upper 40s, and nighttime lows in the middle 20s. Precipitation is well distributed throughout the year, with the minimum amount in August and the maximum in February.",USA
FFEB6894-949B-4C17-924D-646B63966718,frri,Freedom Riders,Freedom Riders National Monument,https://www.nps.gov/frri/index.htm,"In 1961, a small interracial band of “Freedom Riders” challenged discriminatory laws requiring separation of the races in interstate travel. They were attacked by white segregationists, who firebombed the bus. Images of the attack appeared in hundreds of newspapers, shocking the American public and spurring the Federal Government to issue regulations banning segregation in interstate travel.",National Monument,33.635269165,-85.9064331055,AL,"Directions to the Bus Burning Site, from Atlanta and Points East: From I-20, take exit 179 toward AL-202 E/US-78/Coldwater. Merge onto Alabama State Highway 202. Turn right onto Old Birmingham Hwy. The Bus Burning site is located on the right. Limited parking is available at the burn site with entry from the Old Birmingham Hwy. There is no authorized parking or pedestrian activity along State Route 202. For directions to the Anniston Greyhound Bus Depot, click on link below.",https://www.nps.gov/frri/planyourvisit/directions.htm,"Temperatures can soar to extremes of heat and humidity in the summer and fall to a damp, wet, cold in the winter. During the summer season visitors should dress in light, comfortable clothing, wear comfortable shoes and use sunscreen. Drink plenty of fluids to maintain hydration. In the spring and fall, visitors should have a light jacket available as temperatures can drop suddenly. Winter temperatures can be unpredictable, ranging from mild to extremely cold",USA
F6D0ABED-2C07-4194-8CB7-09476271EDB9,frhi,Friendship Hill,Friendship Hill National Historic Site,https://www.nps.gov/frhi/index.htm,"Albert Gallatin is best remembered for his thirteen year tenure as Secretary of the Treasury during the Jefferson and Madison administrations. In that time he reduced the national debt, purchased the Louisiana Territory and funded the Lewis & Clark exploration. Gallatin's accomplishments and contributions are highlighted at Friendship Hill, his restored country estate.",National Historic Site,39.77543423,-79.92504169,PA,"Friendship Hill NHS is located on PA 166 three miles north of Point Marion, Pennsylvania.",http://www.nps.gov/frhi/planyourvisit/directions.htm,"Weather varies considerably within each season. Be prepared with layered clothing. Precipitation is common throughout the year. Spring: Temperatures usually range from 25°F to 70°F. On average, May is the wettest month. Summer: Temperatures usually range from 50°F to 80°F. July is the warmest month. Fall: Temperatures usually range from 30°F to 70°F. Fall foliage is at its peak around mid-October. Winter: Temperatures range from 15°F to 40°F. January is the coldest month.",USA
BC195D18-71C8-4A99-BF8E-10BFAB849679,gaar,Gates Of The Arctic,Gates Of The Arctic National Park & Preserve,https://www.nps.gov/gaar/index.htm,"This vast landscape does not contain any roads or trails. Visitors discover intact ecosystems where people have lived with the land for over ten thousand years. Wild rivers meander through glacier-carved valleys, caribou migrate along age-old trails, endless summer light fades into aurora-lit night skies of winter. Virtually unchanged, except by the forces of nature.",National Park and Preserve,67.75961636,-153.2917758,AK,"Gates of the Arctic is a wilderness park, with no roads or trails into the park lands, so visitors must fly or hike into the park. Access begins in Fairbanks, Alaska & there are several small airlines that provide daily flights into the communities of Bettles, Anaktuvuk Pass, and Coldfoot. Most visitors access the park by air taxi or hike in from the Dalton Highway or from the village of Anaktuvuk Pass. River crossings are necessary from both locations.",http://www.nps.gov/gaar/planyourvisit/directions.htm,"The climate of Gates of the Arctic National Park & Preserve is generally classified as arctic and sub-arctic, with exceptionally cold winters, relatively mild summers, low annual precipitation, and generally high winds. The weather is influenced by many different systems, and can change rapidly.!!",USA
BD588493-EC77-4B97-B73E-3BA444864DC5,jeff,Gateway Arch,Gateway Arch National Park,https://www.nps.gov/jeff/index.htm,"Gateway Arch National Park commemorates President Jefferson’s vision of a continental nation, the individuals and cultural groups who helped shape its history, St. Louis’ role in westward expansion, and Dred and Harriet Scott, who sued for their freedom in the Old Courthouse.",National Park,38.6258069,-90.1892508,MO,For directions click on the provided link,http://www.nps.gov/jeff/planyourvisit/directions.htm,Normal Daily Mean Temperature (in degrees Fahrenheit)* January - 29.3 February - 33.9 March - 45.1 April - 56.7 May - 66.1 June - 75.4 July - 79.8 August - 77.6 September - 70.2 October - 58.4 November - 46.2 December - 33.9 Average Percent of Days with Sunshine* January - 50% February - 52% March - 54% April - 56% May - 59% June - 66% July - 68% August - 65% September - 63% October - 60% November - 46% December - 53% *Source: National Oceanic and Atmospheric Administration,USA
BBC5BE3F-E921-40B5-A850-F259D9FAF88C,gate,Gateway,Gateway National Recreation Area,https://www.nps.gov/gate/index.htm,"Spanning 27,000 acres from Sandy Hook in New Jersey to Breezy Point in New York City, the park is both the gateway from the ocean into New York Harbor, and the gateway to the National Park Service for millions of visitors every year. Gateway offers green spaces and beaches alongside historic structures and cultural landscapes. Every day, Gateway is open for you to explore, envision, and enjoy!",National Recreation Area,40.56536246,-73.9171087,"NY,NJ","Gateway is located in two states; NJ and NY, and has three units: Jamaica Bay, Sandy Hook and Staten Island. You can access most of our park by car and public transportation. Please visit our website for specific directions to all of our units",http://www.nps.gov/gate/planyourvisit/directions.htm,"Gateway National Recreation Area includes several separate land areas spread throughout the New York metropolitan area. The New York area experiences four distinct seasons. Temperatures are moderate in the spring and fall, but range from the high 90's during the summer to snow and sleet in winter.",USA
A1994071-1BCB-4C14-9C21-108348882067,gari,Gauley River,Gauley River National Recreation Area,https://www.nps.gov/gari/index.htm,"The 25 miles of free-flowing Gauley River and the six miles of the Meadow River pass through scenic gorges and valleys containing a wide variety of natural and cultural features. The Gauley River contains several class V+ rapids, making it one of the most adventurous white water boating rivers in the east.",National Recreation Area,38.20614947,-81.00420836,WV,"Plane The largest airport is at Charleston, about 65 miles from Summersville. There are also small airports at Summersville and Beckley. Car The main entrance to Gauley River National Recreation Area is located off US Route 19 south of Summersville and north of Fayetteville, West Virginia. Turn off US Route 19 onto WV Route 129 toward Summersville Dam. Take the second left after you cross over the dam and follow the signs to Gauley River.",http:www.gari/planyourvisit/directions.htm,"Weather in the Appalachian Mountains can be unpredictable and can change quickly. Always be prepared for the possibility of sudden storms. Weather in the mountains is often cooler and wetter than the surrounding area. On average, the warmest month is July. The maximum average precipitation also occurs in July.",USA
"99F1F4ED-5B14-4756-B0EB-FF251B1A12BD",gegr,General Grant,General Grant National Memorial,https://www.nps.gov/gegr/index.htm,"The final resting place of President Ulysses S. Grant and his wife, Julia, is the largest mausoleum in North America. It testifies to a people’s gratitude for the man who ended the bloodiest conflict in American history as Commanding General of the Union Army and then, as President of the United States, strove to heal a nation after a civil war and make rights for all citizens a reality.",National Memorial,40.81332817,-73.96331542,NY,"General Grant National Memorial is located in Riverside Park, on the upper west-side of Manhattan. The entrance to the mausoleum is between north-bound and south-bound Riverside Drive, near the intersection of West 122nd Street. The visitor center is located to the west, across south-bound Riverside Drive. Street parking is available but can be very hard to find. The area is well-served with both bus and subway, by the Metropolitan Transportation Authority of New York (http://www.mta.info/).",http://www.nps.gov/gegr/planyourvisit/directions.htm,http://forecast.weather.gov/MapClick.php?CityName=New+York&state=NY&site=OKX&lat=40.7198&lon=-73.993#.Vqj8OvkrJlZ,USA
"48C4BDA1-98A3-441A-87FF-BAAB3AA043AE",gero,George Rogers Clark,George Rogers Clark National Historical Park,https://www.nps.gov/gero/index.htm,"The British flag would not be raised above Fort Sackville Feb. 25, 1779. At 10 A.M., the garrison surrendered to American Colonel George Rogers Clark. His American army, aided by French residents of the Illinois country, had marched through freezing floodwaters to gain this victory. The fort’s capture assured United States claims to the frontier, an area nearly as large as the original 13 states.",National Historical Park,38.67912659,-87.53545212,IN,"The George Rogers Clark National Historical Park is located within the city of Vincennes, Indiana. Evansville is approximately 50 miles to the south and Terre Haute is approximately 50 miles to the north. Highway 41 provides good roads from the north or south. Highway 50 provides access from the east and west. From Hwy 50 east and west or from Hwy 41 from the north use the 6th Street exit. On Hwy 41 from the South use the Willow Street exit. From there follow the blue directional signs for the park.",http://www.nps.gov/gero/planyourvisit/directions.htm,"The weather in the area is quite typical for the Midwest. The average temperature for the winter months is in the mid 30s, but the summers can often be hot and humid with temperatures reaching into the 90s.",USA
"542D7CC3-B948-4891-9811-829661F30686",gewa,George Washington Birthplace,George Washington Birthplace National Monument,https://www.nps.gov/gewa/index.htm,George Washington Birthplace National Monument is located in the Northern Neck of Virginia. It encompasses 551 acres of land where seven generations of the Washington family lived and where George Washington was born in 1732. The park was also central to one of the earliest efforts to memorialize George Washington during the celebration of his bicentennial birth anniversary in 1932.,National Monument,38.19362603,-76.92079458,VA,"George Washington Birthplace is located two miles from Virginia State Highway 3 on Virginia State Route 204. The park is located 38 miles east of Fredericksburg, 11 miles west of Montross, and 10 miles west of Colonial Beach.",https://www.nps.gov/gewa/planyourvisit/directions.htm,George Washington Birthplace can be very warm and humid in the summer months while cold and rainy in the winter. Spring and fall are the best seasons to visit.,USA
"56A5A3B1-4F49-4517-86B8-AE2F272D0C42",gwca,George Washington Carver,George Washington Carver National Monument,https://www.nps.gov/gwca/index.htm,"The young child known as the ""Plant Doctor"" tended his secret garden while observing the day-to-day operations of a 19th century farm. Nature and nurture ultimately influenced George on his quest for education to becoming a renowned agricultural scientist, educator, and humanitarian.",National Monument,36.9871322,-94.35522737,MO,"From Interstate 44, drive south on either: Interstate 49: Exit at Diamond (exit 35), then drive five miles east on highway V, and drive ¾ mile south on Carver Road to the park entrance. Highway 59: In Diamond, turn west on highway V and drive for 2 miles, and drive ¾ mile south on Carver Road to the park entrance.",https://www.nps.gov/gwca/planyourvisit/directions.htm,George Washington Carver National Monument is located in southwestern Missouri just outside of Diamond and about 10 miles from Joplin. Summer temperatures generally range from 75-100 degrees with high humidity. Winter temperatures generally range from 0-50 degrees with periods of intermittent freezing.,USA
E6D5BB41-3251-469F-ABDA-7B43B966F0CF,gwmp,George Washington,George Washington Memorial Parkway,https://www.nps.gov/gwmp/index.htm,"The George Washington Memorial Parkway was designed for recreational driving. It links sites that commemorate important episodes in American history and preserve habitat for local wildlife. The parkway and its associated trails provide a scenic place to play and rest in the busy Washington, DC metropolitan area.",Memorial Parkway,38.9628,-77.1495,"DC,MD,VA","Directions to Parkway Headquarters From the south, take the George Washington Memorial Parkway north. Just past the CIA exit turn right into the parking lot for the US Park Police and parkway headquarters. Go through the chain link fence and take an immediate right. Follow the road down to a stop sign and turn right into the parking lot for the headquarters building.",http://www.nps.gov/gwmp/planyourvisit/directions.htm,"Summers on the parkway are generally hot and humid, with daytime highs frequently above 90 degrees Fahrenheit and scattered afternoon thunderstorms. Please carry water while participating in physical activity and be prepared to take shelter from lightning. Winters on the parkway are generally cold, with nighttime lows frequently near freezing and occasional snowfall. Please be alert for snowplows and icy spots on roadways. Weather during spring and fall is generally moderate, but can change quickly.",USA
"8C330DA3-6194-4034-8948-C6B6772B82A0",gett,Gettysburg,Gettysburg National Military Park,https://www.nps.gov/gett/index.htm,"The Battle of Gettysburg was a turning point in the Civil War, the Union victory that ended General Robert E. Lee's second and most ambitious invasion of the North. Often referred to as the ""High Water Mark of the Rebellion"", Gettysburg was the Civil War's bloodiest battle and was also the inspiration for President Abraham Lincoln's immortal ""Gettysburg Address"".",National Military Park,39.81557366,-77.23246758,PA,"Gettysburg National Military Park is located in Adams County, Pennsylvania. The museum and visitor center is located at 1195 Baltimore Pike (Route 97) with a back entrance from the Taneytown Road (State Rt. 134). From North or South, follow US 15 to Gettysburg and watch for signs to direct you to the National Park Service Museum and Visitor Center. From East or West, drive into Gettysburg on US Rt. 30, turn South on Baltimore Street (Rt. 97), and follow signs to the entrance of the visitor center.",http://www.nps.gov/gett/planyourvisit/directions.htm,https://www.nps.gov/gett/planyourvisit/weather.htm,USA
"1BB1F955-A830-4E85-A80F-5E940A143CE5",gicl,Gila Cliff Dwellings,Gila Cliff Dwellings National Monument,https://www.nps.gov/gicl/index.htm,"For thousands of years, groups of nomads used the caves above Cliff Dweller Creek as temporary shelter. In the late 1200s, people of the agricultural Mogollon (Southern Ancestral Pueblo) culture made it a home. They built rooms, crafted pottery and raised children in the cliff dwellings for one or two generations. By approximately 1300, the Mogollon had moved on, leaving the walls behind.",National Monument,33.22715258,-108.2706711,NM,"Passenger vehicles can drive north of Silver City, New Mexico to the monument on NM Hwy 15. The 46 mile trip can take up to two hours due to the narrow and mountainous curving nature of the road. RVs and vehicles pulling trailers should NOT use NM Hwy 15. From Silver City, take US Highway 180 to Santa Clara. Turn left onto NM Hwy 152 and drive to San Lorenzo. At San Lorenzo, turn left onto NM Hwy 35 and follow it to its termination at NM Hwy 15. Turn right on NM Hwy 15 and follow signs to the park.",http://www.nps.gov/gicl/planyourvisit/directions.htm,"Weather is extremely variable. Summers are usually around 90° F. but approach 100° F. Winters have occasional snow or temperatures near 0° F. Thunderstorms are common in the summer and early fall, usually in the afternoon. https://forecast.weather.gov/MapClick.php?lat=33.2296&lon=-108.2639#.YUX0_SuSmUk",USA
"3682DBDE-6746-4979-86CC-2358C5B72661",glba,Glacier Bay,Glacier Bay National Park & Preserve,https://www.nps.gov/glba/index.htm,"Covering 3.3 million acres of rugged mountains, dynamic glaciers, temperate rainforest, wild coastlines and deep sheltered fjords, Glacier Bay National Park is a highlight of Alaska's Inside Passage and part of a 25-million acre World Heritage Site—one of the world’s largest international protected areas. From sea to summit, Glacier Bay offers limitless opportunities for adventure and inspiration.",National Park and Preserve,58.80086718,-136.8407579,AK,"Glacier Bay National Park and Preserve lies west of Juneau, Alaska, and can only be reached by plane or boat. The only road in the area merely connects the small town of Gustavus and its airfield to park headquarters at Bartlett Cove (10 miles). Alaska Airlines provides daily jet service from Juneau to Gustavus in the summer months. Year-round scheduled air service is also provided by a variety of small air taxis and charters. The Alaska Marine Highway ferries also provide regular service from Juneau.",http://www.nps.gov/glba/planyourvisit/directions.htm,"Summer temperatures average 50° to 60° F (10° to 15° C). Rain is the norm in lush southeast Alaska. It is best to be prepared to enjoy the park in any kind of weather, especially rain. Suggested clothing includes waterproof boots, rain gear, a hat, gloves, wool or pile layers or a warm coat. Good rain gear is essential here. April, May and June are usually the driest months of the year. September and October tend to be the wettest.",USA
"2B5178C6-2446-488C-AC31-47E3CEBF7159",glac,Glacier,Glacier National Park,https://www.nps.gov/glac/index.htm,"A showcase of melting glaciers, alpine meadows, carved valleys, and spectacular lakes. With over 700 miles of trails, Glacier is a paradise for adventurous visitors seeking a landscape steeped in human culture. Relive the days of old through historic chalets, lodges, and the famous Going-to-the-Sun Road.",National Park,48.68414678,-113.8009306,MT,"Glacier National Park is located in the northwest corner of Montana along the spine of the Rocky Mountains. By car you can access Glacier via Highway 2, which runs along the southern boundary of the park. You can reach the east side of the park via Highway 89. The nearest airports are in Kalispell and Great Falls, Montana.",http://www.nps.gov/glac/planyourvisit/directions.htm,"Glacier's weather is highly variable and can be extreme. Expect warm, sunny summer days but be ready for any type of conditions. In the winter, temperatures can fall well below freezing and typically the park receives considerable amounts of snow. Glacier's geography, straddling the Continental Divide, sets the stage for clashes of two very different climates. Warm, wet Pacific air moves in from the west, and cold, dry Arctic air flows from the northeast. They meet at the Divide.",USA
F7EB51F0-240D-49BC-968C-792756A3B1A0,glca,Glen Canyon,Glen Canyon National Recreation Area,https://www.nps.gov/glca/index.htm,"Encompassing over 1.25 million acres, Glen Canyon National Recreation Area offers unparalleled opportunities for water-based & backcountry recreation. The recreation area stretches for hundreds of miles from Lees Ferry in Arizona to the Orange Cliffs of southern Utah, encompassing scenic vistas, geologic wonders, and a vast panorama of human history.",National Recreation Area,36.9357464677,-111.485594268,"AZ,UT",There are multiple districts in Glen Canyon very far away from each other. Avoid a two hundred mile detour and make sure you know which district you are going to before you begin travelling here.,http://www.nps.gov/glca/planyourvisit/directions.htm,"The weather in Glen Canyon National Recreation Area is usually typical for the high deserts. Summers are extremely hot with little, if any, shade. Winters are moderately cold with night time lows often below freezing. Spring weather is highly variable and unpredictable with extended periods of winds. Fall weather is usually nice and mild, a great time to beat the heat (and the crowds!).",USA
"3FBC6D2D-C61B-4399-BC35-1B00C92C406A",glec,Glen Echo,Glen Echo Park,https://www.nps.gov/glec/index.htm,"Glen Echo Park began in 1891 as a National Chautauqua Assembly ""to promote liberal and practical education."" By 1911, it transformed into DC's premier amusement park until it closed in 1968. Since 1971, the National Park Service has owned and operated the site and today, with the help of the Glen Echo Park Partnership for Arts and Culture, offers year-round cultural and recreational activities.",Park,38.96912315,-77.14012206,MD,"By Car: Capital Beltway (I-495), Maryland outer loop exit 40 Cabin John Parkway to Clara Barton Parkway; Virginia inner loop exit 41 Clara Barton Parkway East; follow Clara Barton Parkway to MacArthur Boulevard and Glen Echo exit, left onto MacArthur Boulevard, straight across traffic circle at Goldsboro Road, next left onto Oxford Road, end of street, parking lots on the left. By Metro: Red Line to Bethesda or Friendship Heights Station, transfer to Montgomery County Ride-On Bus # 29, Glen Echo stop.",http://www.nps.gov/glec/planyourvisit/directions.htm,"Weather for Washington, D.C. and Bethesda, Maryland areas.",USA
"4A2954A3-F00F-46E4-8FC7-BB2766350518",glde,Gloria Dei Church,Gloria Dei Church National Historic Site,https://www.nps.gov/glde/index.htm,Before Pennsylvania there was New Sweden. Discover this last historic link to a forgotten past. Visit the church's pastoral surroundings and its burial ground of patriots and ordinary citizens alike.,National Historic Site,39.93435005,-75.14398924,PA,"The Gloria Dei Church is accessed from Christian Street in South Philadelphia. As in any city, use your street smarts and do not leave any valuables visible in your car. Several SEPTA bus routes serve the vicinity of the site. Visit the website for more information.",http://www.nps.gov/glde/planyourvisit/directions.htm,"Summers are typically hot and muggy, fall and spring are generally mild, and winter is cold. Snowfall is highly variable, with some winters bringing only light snow and others bringing several major snowstorms, with the normal seasonal snowfall standing at 22.4 in (57 cm). Precipitation is generally spread throughout the year, with eight to twelve wet days per month.",USA
"0E797FA8-6E31-418B-A68F-13CEE37A2AF5",goga,Golden Gate,Golden Gate National Recreation Area,https://www.nps.gov/goga/index.htm,"Experience a park so rich it supports 19 distinct ecosystems with over 2,000 plant and animal species. Go for a hike, enjoy a vista, have a picnic or learn about the centuries of overlapping history from California’s indigenous cultures, Spanish colonialism, the Mexican Republic, US military expansion and the growth of San Francisco. All of this and more awaits you, so get out and find your park.",National Recreation Area,37.85982543,-122.6007386,CA,"Golden Gate National Recreation Area has many sites that span over 60 miles of mostly coastal areas north and south of San Francisco. Park areas can be reached by Highways 1, 101 and 280 from the north and south San Francisco Bay Area, and by Highway 80 from the East Bay. To access park headquarters at Fort Mason, please use the entrance at Franklin and Bay Streets in San Francisco.",http://www.nps.gov/goga/planyourvisit/directions.htm,"Winter is characterized by sporadic rain and cool weather punctuated by brilliant sunshine. In winter the grass greens. Trees and flowers dormant through winter start blooming in late February or early March and last until May or June. By July, summer fog predominates in most coastal areas of the park. Grasses and plants have now turned to the golden brown and muted grays characteristic of California summer and fall. September and October skies are clear and sunshine is abundant everywhere in the park.",USA
"8F858FBE-8E28-491A-BCBD-67E23D535EEA",gosp,Golden Spike,Golden Spike National Historical Park,https://www.nps.gov/gosp/index.htm,"One of the greatest technological achievements of the 19th century is the completion of the first transcontinental railroad across the United States. Visitors to the park can see the location of the Last Spike Site, 1869 railroad construction features, walk or drive on the original railroad grade, and get an up close view of Victorian era replica locomotives.",National Historical Park,41.61947508,-112.5242653,UT,"Golden Spike National Historical Park is 32 miles west of Brigham City, Utah. NB travelers on I-15: use exit 365 and drive west on Utah 13 and 83 through Corinne (follow brown directional signs) to Golden Spike Drive. Turn left and follow signs to the visitor center (8 miles). SB travelers on I-84: use Howell exit 26 and drive south on Utah 83 (follow brown directional signs) to Golden Spike Drive. Turn right and follow signs to the visitor center (8 miles). Lat/Long 41.617410,-112.550986",http://www.nps.gov/gosp/planyourvisit/directions.htm,"Golden Spike National Historical Park is located in a high desert environment in the Promontory Mountains near the north end of the Great Salt Lake. The temperatures can reach over 100 degrees in the summer and dip into single digits in the winter, with much of the park blanketed in snow. Visitors are recommended to check forecasts before coming to our site and come prepared for changing weather conditions.",USA
F7DA09B4-41C4-4372-9EBB-15AD1526B391,gois,Governors Island,Governors Island National Monument,https://www.nps.gov/gois/index.htm,"From 1794 to 1966, the U.S. Army on Governors Island was part of the social, political, and economic tapestry of New York City. It was home to the US Coast Guard from 1966 to 1996. Today, the island is a vibrant venue of art, culture, and performance against the backdrop of two centuries of military heritage and the skyline of one of the great cities of the world. The island is open to the public.",National Monument,40.69164233,-74.01670765,NY,"Governors Island is located in New York Harbor, 1/2 mile from the southern tip of Lower Manhattan and 400 yards west of the end of Brooklyn's Atlantic Avenue and Red Hook waterfront. It is accessible only via ferry. Ferry service from Manhattan is the main way to access the island. The ferry departs from Battery Maritime Building at 10 South Street, at South and Whitehall Streets (next to the Staten Island ferry terminal). Check www.govisland.com for ferry schedules.",https://nps.gov/gois/planyourvisit/directions.htm,"During the summer public access season from May to September, the weather is typical of the mid-Atlantic region. Thunderstorms can come quickly with short downpours. There may be extended periods of heat or humidity that might last a week or more. The island is generally a few degrees cooler than the city due to the fairly constant breeze.",USA
B7FF43E5-3A95-4C8E-8DBE-72D8608D6588,grca,Grand Canyon,Grand Canyon National Park,https://www.nps.gov/grca/index.htm,"Entirely within the state of Arizona, the park encompasses 278 miles (447 km) of the Colorado River and adjacent uplands. Located on the ancestral homelands of 11 present day Tribal Communities, Grand Canyon is one of the most spectacular examples of erosion anywhere in the world—a mile deep canyon unmatched in the incomparable vistas it offers visitors from both north and south rims.",National Park,36.0001165336,-112.121516363,AZ,"South Rim: Open all year, is located 60 miles north of Williams, Arizona (via route 64 from Interstate 40) and 80 miles northwest of Flagstaff (via route 180). Grand Canyon lies entirely within the state of Arizona. ---- North Rim: Open for the season between May 15 and October 15, 2025. The North Rim is located 30 miles south of Jacob Lake on Highway 67; the actual rim of the canyon is an additional 14 miles south. Jacob Lake, AZ is located in northern Arizona on Highway 89A, not far from the Utah border.",http://www.nps.gov/grca/planyourvisit/directions.htm,"Since Grand Canyon has elevations that range from 2,500 feet at the bottom to 8,400 feet on the North Rim, weather can vary significantly depending on the season and the specific location within the park. Winters tend to be cold and snowy, and summers have periods of excessive heat. High temperatures inside the canyon tend to be 20 to 30 degrees warmer then on the canyon's rims. Weather conditions can change rapidly, so it's wise to check forecasts before visiting.",USA
F614E6C5-1283-431A-AF44-15FC849D65FE,para,Grand Canyon-Parashant,Grand Canyon-Parashant National Monument,https://www.nps.gov/para/index.htm,"Despite the hardships created by rugged isolation and the lack of natural waters, Parashant has a long human history spanning more than 11,000 years, and an equally rich geologic history spanning almost two billion years. Full of natural splendor and a sense of solitude, this area remains remote and unspoiled, qualities that are essential to the protection of its scientific and historic resources.",National Monument,36.41535465,-113.6682797,AZ,"• The monument is located in the northwest corner of Arizona, bordering Nevada to the west and near the southern border of Utah. The monument has entry roads from Nevada, Utah and Arizona. • There are no paved roads or visitor services within the monument's million-plus acres. • Visitors should be prepared for travel on rugged dirt roads, with an appropriate high-clearance vehicle equipped with all-terrain tires. Spare tires should also be all-terrain rated.",https://www.nps.gov/para/planyourvisit/4x4-vehicles-and-off-pavement-travel-safety.htm,"Parashant is split between low elevation Mojave Desert on the west side and high elevation pinyon/juniper/ponderosa highlands on the east side. Expect sun on average 310 days per year. The summer months of June through September are very hot on the west side with highs above 100°F daily (80°F+ at night) below 2,500 feet. The high elevation east side is ~15°F cooler. Expect heavy afternoon monsoon storms June - September. Roads often stay muddy/icy above 5,500 feet December - February.",USA
E463E13F-FCD4-41B3-AEF3-BA3199E04399,grpo,Grand Portage,Grand Portage National Monument,https://www.nps.gov/grpo/index.htm,Travel into the past to discover the present. Explore the partnership between the Grand Portage Anishinaabe and the North West Company during the North American fur trade. Experience the sights and smells of a bustling depot reconstructed in its historic location. See how it shaped co-management with the NPS today. Follow pathways to the past to imagine a drum echo over Gichigami - Lake Superior.,National Monument,47.99294217,-89.75573031,MN,"Traveling northeast or southwest on MN Hwy 61 visitors will see signs alerting the approach to Grand Portage National Monument. A right turn exit lane or left turn from Hwy 61 at the Grand Portage Trading Post will take visitors onto Casino Road. Turn left at the first stop sign from Casino Road to Mile Creek Road. About 3/4 mile on Mile Creek Road, look for the large wooden entrance sign. Turn left up the short hill into the Heritage Center parking lot.",http://www.nps.gov/grpo/planyourvisit/directions.htm,"Short, warm summers and long, cold winters define the climate of northern Minnesota. Average range of summer temperature is from 55°F to 78°F in July and average range of winter temperatures is from –11°F to 12°F in January. Average annual precipitation in Grand Portage, MN is about 32 inches.",USA
FF73E2AA-E274-44E1-A8F5-9DD998B0F579,grte,Grand Teton,Grand Teton National Park,https://www.nps.gov/grte/index.htm,"Soaring over a landscape rich with wildlife, pristine lakes, and majestic alpine vistas, the Teton Range stands as a testament to generations of stewards. For over 11,000 years, communities have thrived in the valley known as Jackson Hole, turning these mountains into more than just peaks—they embody imagination and enduring human connection.",National Park,43.81853565,-110.7054666,WY,"Grand Teton National Park is located in northwestern Wyoming; north of the town of Jackson, Wyoming and south of Yellowstone National Park. By car from Salt Lake City, Utah is approximately 300 miles and about 5-6 hours from the park and from Denver, Colorado is approximately 550 miles and about 8-10 hours from the park. Grand Teton National Park is unique in that it is the only national park that has a commercial airport within its border, Jackson Hole Airport (JAC). For current road info:",http://www.nps.gov/grte/planyourvisit/directions.htm,"Grand Teton National Park has long, cold winters—snow and frost are possible any month. April, May, & June - Mild days and cool nights alternate with rain and snow. July & August - Warm days and cool nights prevail, with afternoon thundershowers common. September, October, & November - Sunny days and cold nights alternate with rain and occasional snowstorms. December to April - Between storms the days are sunny and nights are frigid. Snow blankets the mountains and valley.",USA
"72A30002-12FA-4738-BCA7-1FA8062214CB",grko,Grant-Kohrs Ranch,Grant-Kohrs Ranch National Historic Site,https://www.nps.gov/grko/index.htm,"Wide open spaces, the hard-working cowboy, his spirited cow pony, and vast herds of cattle are among the strongest symbols of the American West. Once the headquarters of a 10 million acre cattle empire, Grant-Kohrs Ranch National Historic Site preserves these symbols and commemorates the role of cattlemen in American history.",National Historic Site,46.41358923,-112.7467024,MT,"Arriving from the east: Take Interstate 90, exit 187. Drive through town, approximately 2.5 miles. Turn left onto Grant Circle and enter the park. Arriving from the west: Take Interstate 90, exit 184. Turn right. Drive approximately 3/4 of a mile. Turn right on to Grant Circle and enter the park.",http://www.nps.gov/grko/planyourvisit/directions.htm,"Spring: Temperatures can fluctuate greatly. Sub-freezing temperatures in the morning can give way to mild days. Snow in early spring, rain in late season. Summer: Temperatures can average 70-80 F, but can reach highs of 100 F. Rain rare. Dry and hot. Fall: Temperatures can fluctuate greatly. Sub-freezing mornings can give way to mild days. Rain in early fall likely. Winter: Temperature can fall to -30 F, with highs of 10-20 F. Snow is possible. Cold weather gear is highly recommended.",USA
"4C1A549B-080F-4522-9CA7-67BB5A0845CA",grba,Great Basin,Great Basin National Park,https://www.nps.gov/grba/index.htm,"From the 13,063-foot summit of Wheeler Peak to the sagebrush-covered foothills, Great Basin National Park hosts a sample of the incredible diversity of the larger Great Basin region. Come and partake of the solitude of the wilderness, walk among ancient bristlecone pines, bask in the darkest of night skies, and explore mysterious subterranean passages. There's a lot more than just desert here.",National Park,38.94617378,-114.2579782,NV,"From the East or West: From U.S. Highway 6 & 50, turn south on Nevada State Highway 487 and travel 5 miles to Baker, NV. In Baker turn west on Highway 488 and travel 5 miles to the park. From the South (Utah): Travel north on Utah State Highway 21 through Milford, UT and Garrison, UT, Highway 487. Turn west on Highway 488 in Baker and travel 5 miles to the park. From the South (Nevada): Travel north on U.S. Highway 93. No public transportation is available to, or in, Great Basin National Park.",http://home.nps.gov/grba/planyourvisit/directions.htm,"There is almost an 8,000 ft (2,400 m) difference in elevation between Wheeler Peak and the valley floor. Weather conditions in the park vary with elevation. In late spring and early summer, days in the valley may be hot, yet the snow pack may not have melted in the higher elevations. The Great Basin is a desert, with low relative humidity and sharp drops in temperature at night. In the summer, fierce afternoon thunderstorms are common. It can snow any time of the year at high elevations.",USA
"5B1021C9-5F48-4747-B0E4-6F508FDF96AE",greg,Great Egg Harbor River,Great Egg Harbor River,https://www.nps.gov/greg/index.htm,"The River gradually widens as it picks up the waters of 17 tributaries on its way to Great Egg Harbor and the Atlantic Ocean. Established by Congress in 1992, nearly all of this 129-mile river system rests within the Pinelands National Reserve. This National Park Service unit is unusual in that local jurisdictions continue to administer the lands.","",39.3042,-74.6497,NJ,"Estell Manor Park, where visitors can see the Great Egg Harbor National Scenic and Recreational River, is located 3.5 miles South of Mays Landing, New Jersey, off of Route 50. It is approximately 17 miles west of Atlantic City. There is a stamper for Passport Stamp Books at the Fox Nature Center, and a stamp can be obtained at the mailing address provided below.",http://www.aclink.org/PARKS/mainpages/estell.asp,"Temperate, with a moderating influence of the Atlantic Ocean.",USA
"4DC6F018-E87E-46AE-8F05-BA30D3B82FF9",grfa,Great Falls,Great Falls Park,https://www.nps.gov/grfa/index.htm,"At Great Falls, the Potomac River builds up speed and force as it falls over a series of steep, jagged rocks and flows through the narrow Mather Gorge. The Patowmack Canal offers a glimpse into the early history of this country. Great Falls Park has many opportunities to explore history and nature, all in a beautiful 800-acre park only 15 miles from the Nation's Capital.",Park,38.98776107,-77.25128326,VA,"From I-495, take exit 44 for route 193 west; continue 4 miles. Turn right on Old Dominion Drive.",http://www.nps.gov/grfa/planyourvisit/directions.htm,"The Washington, D.C. area has a four-season Mid-Atlantic climate. Summertime is warm and humid, while winter can be cold and snowy. Precipitation averages 2-4” monthly, year-round.",USA
"461D40CC-4379-4C1B-ADB8-3563147F61A1",grsa,Great Sand Dunes,Great Sand Dunes National Park & Preserve,https://www.nps.gov/grsa/index.htm,"Open 24/7 year round! There are no timed entries or reservations to visit. The tallest dunes in North America are the centerpiece in a diverse landscape of grasslands, wetlands, forests, alpine lakes, and tundra. Stay on a moonless night to experience countless stars in this International Dark Sky Park!",National Park and Preserve,37.79256812,-105.5919572,CO,"To access the main park area, including the Dunes Parking Lot, Visitor Center, and Pinon Flats Campground, take US 160 to CO 150 from the south, or CO 17 to Lane 6 to CO 150 from the west. The national park is at the north end of CO 150.",https://www.nps.gov/grsa/planyourvisit/directions.htm,"Temperatures are relatively cool all year, thanks to the park and preserve's high elevation. Conditions are most often calm, but winds can arise, especially in spring and during storm fronts. Daytime temperatures feel warmer here year round due to intense high-altitude sunlight, and a scorching mid-day summer sand surface. Plan to explore the dunes morning or evening during summer. Nights are cool in summer, and frigid in winter. Visit the Great Sand Dunes website for the most accurate weather forecasts.",USA
D9819727-18DF-4A84-BDDE-D4F2696DE340,grsm,Great Smoky Mountains,Great Smoky Mountains National Park,https://www.nps.gov/grsm/index.htm,"Ridge upon ridge of forest straddles the border between North Carolina and Tennessee in Great Smoky Mountains National Park. World renowned for its diversity of plant and animal life, the beauty of its ancient mountains, and the quality of its remnants of Southern Appalachian mountain culture, this is America's most visited national park. Plan your visit today!",National Park,35.60116374,-83.50818326,"NC,TN","Great Smoky Mountains National Park straddles the borders of the states of Tennessee and North Carolina. The three main entrances to the park are in Gatlinburg, TN; Townsend, TN; and Cherokee, NC.",http://www.nps.gov/grsm/planyourvisit/directions.htm,"Elevations in the park range from approximately 875 feet (267 meters) to 6,643 feet (2,025 meters) and the topography can drastically affect local weather. Temperatures can vary by 10-20 degrees Fahrenheit from mountain base to top, and clear skies lower down do not guarantee equally pleasant weather at higher elevations.",USA
"67B6A06A-1B09-44DE-BCA4-C013EE30DDD0",grsp,Green Springs,Green Springs,https://www.nps.gov/grsp/index.htm,"Green Springs National Historic Landmark District in Virginia’s Piedmont encompasses over 14,000 acres. Its landscapes and structures, privately owned today but viewable from public roads, offer a continuum of rural vernacular architecture with minimal alteration. Many of the farmsteads, often dating to the 19th century and connecting to one another visually, are preserved through easements.","",38.037099,-78.189823,VA,"Green Springs National Historic Landmark District is privately owned, includes no public facilities, but is visible from public highways. It sits astride Route 15 in Louisa County, Virginia.",http://www.nps.gov/grsp/planyourvisit/directions.htm,"Louisa County, Virginia enjoys a temperate climate with hot, humid summers and cool winters.",USA
"8CEE28AB-50AE-4AC6-ACEF-B209A5346743",gree,Greenbelt,Greenbelt Park,https://www.nps.gov/gree/index.htm,"Enjoy affordable camping, hiking, and peaceful forest surroundings just ten miles from Washington, DC!",Park,38.98328267,-76.89722133,MD,"Off I-95 South Take Exit 23 Route 201 Kenilworth Avenue South(toward Bladensburg). (this will be a left). Drive on Kenilworth Avenue (Route 201). Once crossing over I-95, you will see sign for Route 193 Greenbelt Road. Veer right to Take Route 193 East. Take a left on Greenbelt Road . (Greenbelt Road is Route 193 and is an overpass over Route 201) The park entrance is a quarter mile on the right hand side.",http://www.nps.gov/gree/planyourvisit/directions.htm,"The Washington, D.C. area has a four-season Mid-Atlantic climate. Summertime is warm and humid, while winter can be cold and snowy. Spring: During these months of transition, the weather can alternate from warm, humid air coming from the south to cold, dry air coming from the northwest. Be prepared for changing conditions. Summer: The warmest months are June, July, and August, with average highs in the 80s (~31 ?) combined with high humidity. Fall: Expect a drop in temperature and humidity in September",USA
"6510001B-685D-4688-A963-4ECE7AB609DB",gumo,Guadalupe Mountains,Guadalupe Mountains National Park,https://www.nps.gov/gumo/index.htm,"Come experience mountains and canyons, desert and dunes, night skies and spectacular vistas within a place unlike any other. Guadalupe Mountains National Park protects the world's most extensive Permian fossil reef, the four highest peaks in Texas, an environmentally diverse collection of flora and fauna, and the stories of lives shaped through conflict, cooperation and survival.",National Park,31.92304462,-104.885527,TX,"Guadalupe Mountains National Park is located on the north side of US Hwy 62/180. If you are traveling east from El Paso, TX, we are 110 miles East of the city. Follow US Hwy 62/180 North to the Pine Springs Visitor Center. If you are traveling from Van Horn, TX, you will travel north on US 54 and make a right-hand turn at the junction of US 62/180 to arrive at the park. If you are traveling west from Carlsbad, NM, you will travel on US Hwy 62/180 South and cross into Texas. Follow signs to the park.",http://www.nps.gov/gumo/planyourvisit/directions.htm,"The Guadalupe Mountains are known for high winds year-round; gusts can reach 60MPH or higher. In winter the mountains experiences occasional, light snowfalls which seldom last more than a day. From May through October, temperatures vary with highs between 80F-100F+ with lows in the 40F-60F range. November to April is generally milder with highs in between 50F-70F with lows in the 30F-50F range. Elevations above 8,000’ will be about 10F cooler than headquarters, with corresponding wind-chill.",USA
D1417003-3F9E-4FE0-9C6B-8ECE50855C7B,guco,Guilford Courthouse,Guilford Courthouse National Military Park,https://www.nps.gov/guco/index.htm,"""I never saw such fighting since God made me. The Americans fought like demons."" - Lt. General Charles, Earl Cornwallis On March 15, 1781, six years into the American Revolution, General Greene and Lord Cornwallis' troops faced off at a small courthouse community. The battle would change the course of the Southern Campaign of the American Revolution.",National Military Park,36.13225478,-79.8424561,NC,"Guilford Courthouse National Military Park is located along US 220 and New Garden Road. To reach the Visitor Center, drive East on New Garden Road and turn right into the parking lot when you see the stone sign “Guilford Courthouse National Military Park.” If you drive down Old Battleground Road, do not drive through the Forest Lawn cemetery, this is a dead end and is not connected to the National Park. If you drive on Old Battleground, turn left onto New Garden Road Lat / Long: 36.1316499 / -79.8471879",https://www.nps.gov/guco/planyourvisit/directions.htm,https://www.nps.gov/guco/planyourvisit/weather.htm Summers are warm to hot and humid with the occasional thunderstorm. Spring and Fall are cool with rainy periods. Winter is mild and cold with snow and ice possible in January and February. Wear comfortable clothing for the season and good walking shoes year round!,USA
ACA78E27-3C26-4C8B-8CCB-9F0B5BED247F,guis,Gulf Islands,Gulf Islands National Seashore,https://www.nps.gov/guis/index.htm,"Millions of visitors are drawn to the Gulf of Mexico for Gulf Islands National Seashore's emerald coast waters, magnificent white beaches, fertile marshes and historical landscapes. Come explore with us today!",National Seashore,30.3211,-87.2304,"FL,MS","Gulf Islands National Seashore is a place of myriad riches - blue-green, sparkling waters, magnificent white beaches, and fertile coastal marshes. Its 13 areas include historic forts, shaded picnic areas, trails, and campgrounds. From Cat Island, Mississippi, it stretches eastward 160 miles tot he Okaloosa Area east of For Walton Beach, Florida.",http://www.nps.gov/guis/planyourvisit/directions.htm,"Weather along the northern coast of the Gulf of Mexico can change quickly. During the winter temperatures range from 40-70 degrees fahrenheit, rain is less common than other seasons. Snow and freezing temperatures are not common. During the summer temperatures range from 70-100+ degrees fahrenheit. Rain is common during the summer with many thunderstorms. Hurricanes impact the area during the tropical storm season between June and November. Tornadoes can impact the area during the Spring and Fall.",USA
BEE3E4AA-D61B-4197-A2A0-567D15734766,hafo,Hagerman Fossil Beds,Hagerman Fossil Beds National Monument,https://www.nps.gov/hafo/index.htm,"During the Pliocene, this place looked quite different. Lush wetlands, forests, and grasslands provided excellent habitat for a variety of animals. From fascinating, now-extinct creatures like the saber-toothed cat, mastodon, and ground sloth, to more familiar animals like horses, beavers, and birds, the scientific study of Pliocene fossils is the key to Hagerman.",National Monument,42.79074114,-114.9443074,ID,The Thousand Springs Visitor Center is located about one mile north of downtown Hagerman on US Highway 30.,http://www.nps.gov/hafo/planyourvisit/directions.htm,"Hagerman, Idaho, gets 10 inches of rain per year. On average, there are 213 sunny days per year in Hagerman, Idaho. The July high is around 94 degrees. The January low is 22. Our comfort index, which is based on humidity during the hot months, is a 78 out of 100, where higher is more comfortable. The US average on the comfort index is 44.",USA
"4930BAEB-A3BF-4825-9796-DCD0FD1C3BD5",hale,Haleakalā,Haleakalā National Park,https://www.nps.gov/hale/index.htm,"This special place vibrates with stories of ancient and modern Hawaiian culture and protects the bond between the land and its people. The park also cares for endangered species, some of which exist nowhere else. Come visit this special place - renew your spirit amid stark volcanic landscapes and sub-tropical rain forest with an unforgettable hike through the backcountry.",National Park,20.70693015,-156.1591775,HI,"Located on the island of Maui, Haleakalā National Park extends from the 10,023 foot (3055m) summit of Haleakalā down the southeast flank of the mountain to the Kīpahulu coast near Hana. These two sections of the park are not directly connected by road, but both can be reached from Kahului. There are no gas stations within the park.",https://www.nps.gov/hale/planyourvisit/directions.htm,"On any given day, the temperatures in the park can range from a high of 80°F (27°C) in Kīpahulu to a low of 30°F (-1°C) at the summit. In either area clouds and rain can quickly replace warm sunshine. Weather in the high-elevation summit and wilderness areas of the park is highly unpredictable and changes often. Cool temperatures, intense solar radiation, and rapidly moving clouds are characteristic. On average, the temperature drops about 3°F for every 1,000 foot rise in elevation.",USA
"4E169088-14AC-41DB-A6B2-BB3925B1CF0A",hagr,Hamilton Grange,Hamilton Grange National Memorial,https://www.nps.gov/hagr/index.htm,"Merchant’s clerk, Revolutionary War soldier, first Secretary Treasury of the United States: Alexander Hamilton’s life is memorialized at The Grange, the home he built on a country estate in uptown Manhattan. A faithful testament to early American architecture, it stands today as a tribute to its first owner’s many accomplishments.",National Memorial,40.81871605,-73.94878487,NY,"Hamilton Grange National Memorial is in Saint Nicholas Park in Manhattan. It is located at 414 West 141st Street, between Convent Avenue and St. Nicholas Avenue. There is no parking available on-site, and street parking in the area is very limited.",http://www.nps.gov/hagr/planyourvisit/directions.htm,"New York City has a temperate climate, and temperatures in northern Manhattan are frequently several degrees cooler than those in the southern part of the city.",USA
"5FD56750-4A13-4615-B987-793AC356B320",hamp,Hampton,Hampton National Historic Site,https://www.nps.gov/hamp/index.htm,"Hampton National Historic Site preserves what remains of a once 25,000-acre enslavement plantation. For hundreds of years, enslaved people, indentured servants, tenant farmers, paid laborers, and the Ridgely family all made their own contributions to Hampton, creating a space where cruelty and decadence collide to provide a complex history of the United States.",National Historic Site,39.4175296,-76.58781182,MD,"Hampton is easy to get to because it's close to three interstate highways--routes 695, 70, and 95. From the Baltimore Beltway (I 695) eastbound or westbound: Take Exit 27B, Dulaney Valley Road northbound. Take the first right turn onto Hampton Lane. The park will be on your right, about one mile from the intersection. PUBLIC TRANSPORTATION: Bus #11 stops at Goucher College, less than one mile from Hampton. The Light Rail stop at Lutherville is approximately three miles from Hampton NHS.",http://www.nps.gov/hamp/planyourvisit/directions.htm,Weather during the spring and fall months tend to be mild. Visitors can expect mild to severe seasonal weather during the winter and summer months. Inclement weather may impact park hours of operation year round. Refer to the park alerts or call ahead to confirm operating hours.,USA
"211E9758-FA5F-4BAA-AABF-D939B7C07A79",haha,Harmony Hall,Harmony Hall,https://www.nps.gov/haha/index.htm,"The 18th century Harmony Hall mansion is located on a 62.5-acre open pasture land estate along the Potomac River. This estate was purchased by the National Park Service in 1966, to preserve southern Maryland cultural heritage. Surrounded by a rich landscape, it offers visitors many chances to connect with Colonial History. The park also home to the remains of the Want Water House and canal.","",38.74646351,-77.00377069,MD,"From the Capital Beltway (I495/95) take Exit 3 to MD 210 South/Indian Head Highway, travel approximately 4 miles to Fort Washington Road, turn right. At the traffic light, Livingston Road, turn right. The Harmony Hall Regional Center will be on your left. That is where you will need to park. After parking, when facing Livingston Road, go to your left and the park entrance is the next driveway.",http://www.nps.gov/haha/planyourvisit/directions.htm,"Summers are generally hot and humid, with daytime highs frequently above 90 degrees Fahrenheit and scattered afternoon thunderstorms. Winters are generally cold, with nighttime lows frequently near freezing and occasional snowfall. Weather during spring and fall is generally moderate, but can change quickly..",USA
"2828F5DF-F4E9-48DE-9D4D-2EC39E0276B2",hafe,Harpers Ferry,Harpers Ferry National Historical Park,https://www.nps.gov/hafe/index.htm,"At the confluence of the Shenandoah and Potomac rivers, on the ancestral home of the Tuscarora and Shawnee people, lies Harpers Ferry. Here you can explore John Brown's Raid against slavery. Find your connection to the struggle for freedom, education, and civil rights at Storer College. Discover miles of trail in the Blue Ridge and along Civil War battlefields.",National Historical Park,39.31865949,-77.74088546,"WV,VA,MD","Harpers Ferry NHP's Visitor Center is located along US Route 340 in West Virginia. The park entrance is 8 miles east of Charles Town, WV and 20 miles southwest of Frederick, MD.",http://www.nps.gov/hafe/planyourvisit/directions.htm,"Harpers Ferry experiences all four seasons - the cold and snow of winter, the rain and flowers of spring, the humidity and sunshine of summer, and the chill and leaf change of fall. We will strive to keep you up-to-date as Harpers Ferry's landscape changes with the seasons. To see the current weather or the forecasted weather for Harpers Ferry, please visit the National Weather Service site and set the zip code to 25425.",USA
"067468EC-25DB-447C-91A8-068C167EEF32",hart,Harriet Tubman,Harriet Tubman National Historical Park,https://www.nps.gov/hart/index.htm,"Harriet Tubman was guided by a deep faith and devotion to family, freedom, and community. After emancipating herself and members of her family, she moved them from Ontario, Canada to Fleming and Auburn, New York in 1859. Central New York was a center for progressive thought, abolition, and women’s suffrage where Tubman continued to fight for human rights and dignity until she died in 1913.",National Historical Park,42.9128920287,-76.5646715462,NY,"Harriet Tubman National Historical Park includes the Thompson Memorial African Methodist Episcopal Zion Church and parsonage. The legislative boundary of the park also includes properties at 180 South Street which are operated by the Harriet Tubman Home, Inc. A related Tubman site separate from the National Historical Park is Fort Hill Cemetery, where Tubman is buried. View directions to these sites on our directions page.",http://www.nps.gov/hart/planyourvisit/directions.htm,"Auburn, New York has four distinct seasons. Fall and spring are usually mild and summers tend to be sunny, warm, and humid. Winter weather is variable and conditions can change quickly. Snow in November is not uncommon. The heaviest snowfall tends to be in January with an average of 33”.",USA
"380E7DFB-6F37-499F-8996-356EC5F0DDE5",hatu,Harriet Tubman Underground Railroad,Harriet Tubman Underground Railroad National Historical Park,https://www.nps.gov/hatu/index.htm,Harriet Tubman was a deeply spiritual woman who lived her ideals and dedicated her life to freedom. She is the Underground Railroad’s best known conductor and before the Civil War repeatedly risked her life to guide 70 enslaved people north to new lives of freedom. This new national historical park preserves the same landscapes that Tubman used to carry herself and others away from slavery.,National Historical Park,38.4548643511,-76.1373451376,MD,"The Harriet Tubman Underground Railroad Visitor Center is located approximately 11 miles south of Cambridge, Maryland. From US 50, turn south on Route 16. Follow Route 16 to Church Creek about 7 miles; turn south on Route 335 / Golden Hill Road. Follow Route 335 about 4.5 miles, and the visitor center is on the right. Latitude/Longitude: 38.4445934, -76.1426984",http://www.nps.gov/hatu/planyourvisit/directions.htm,"Cambridge, Maryland generally experiences warm, humid summers and mild winters. Average summertime highs are in the 80s, with evening lows in the 60s. Winter temperatures usually range from the 30s to the 50s. Spring and fall are variable, but tend to be in the 50s and 60s. Precipitation is spread throughout the year. For more information, see: http://forecast.weather.gov/MapClick.php?lat=38.37100441991913&lon=-76.13347536809295#.WCNeYWorLIU",USA
"76F393BA-D39F-43E9-B0A3-F746E2FEAD85",hstr,Harry S Truman,Harry S Truman National Historic Site,https://www.nps.gov/hstr/index.htm,"President Harry S Truman took America from its traditional isolationism into the age of international involvement. Despite his power, he never forgot where he came from. Today, visitors can experience the surroundings Truman knew as a young man of modest ambition through his political career and final years as a former president.",National Historic Site,38.92711967,-94.5162488,MO,"The Visitor Center is located at 223 North Main Street. From the north or south, take I-435 to Truman Road (State Hwy 12), exit 60. Travel east on Truman Road three miles; you'll pass the Truman Home at Delaware Street. From the east or west, take I-70 to the Noland Road exit (12). Travel north on Noland Road four miles to Truman Road. Turn west on Truman Road and travel two blocks. The Truman Home is five blocks to the west of the visitor center.",http://www.nps.gov/hstr/planyourvisit/directions.htm,"Located on the western edge of Missouri, the park enjoys each of the four seasons. Early spring brings frequent and rapid fluctuations in weather. The summer season has warm days, periods of high heat and humidity, and mild nights. The fall season is normally mild with sunny days and cool nights. Winters can be cold. The January low averages 21 degrees. The area receives a yearly average of 37 inches of rain per year and around 18 inches of snow. Our zip code is 64050 if you wish to go to www.weather.gov",USA
D9BF4288-9AC3-4526-9598-BE8920839ACC,havo,Hawaiʻi Volcanoes,Hawaiʻi Volcanoes National Park,https://www.nps.gov/havo/index.htm,"Hawai‘i Volcanoes National Park protects some of the most unique geological, biological, and cherished cultural landscapes in the world. Extending from sea level to 13,680 feet, the park encompasses the summits of two of the world's most active volcanoes - Kīlauea and Mauna Loa - and is a designated International Biosphere Reserve and UNESCO World Heritage Site.",National Park,19.3355036,-155.4700257,HI,"Hawai‘i Volcanoes National Park is located on the island of Hawai‘i. From Hilo: 30 miles southwest on Highway 11 (45 minute drive); from Kailua-Kona: 96 miles southeast on Highway 11 (2 to 2.5 hour drive), or 125 miles through Waimea and Hilo via highways 19 and 11 (2.5 to 3 hours).",http://www.nps.gov/havo/planyourvisit/directions.htm,"The weather at Kīlauea's summit (4000' elevation) varies daily and may be rainy and chilly any time of the year. Temperature varies by elevation. At the summit of the volcano, temperatures may be 12 to 15 degrees cooler than at sea level. The coastal plain at the end of Chain of Craters Road, where lava crossed the road in 2003, is often hot, dry, and windy with the possibility of passing showers.",USA
"43AC146A-0903-4E4A-BD7D-7169655009C7",heho,Herbert Hoover,Herbert Hoover National Historic Site,https://www.nps.gov/heho/index.htm,"Orphaned at age nine, Herbert Hoover left West Branch never to live here again. In later years, he returned to his humble birthplace to celebrate his long career of public service. A memorial landscape remains to tell his story: how community, hard work, honesty, and usefulness to others opened a world of opportunity— and the presidency of the United States— to a child of simple beginnings.",National Historic Site,41.66793558,-91.35232139,IA,"Take exit 254 off Interstate 80 to West Branch, Iowa. The Visitor Center is 0.3 mile north of Interstate 80.",http://www.nps.gov/heho/planyourvisit/directions.htm,"Spring and fall are mild with moderate temperatures. Average high temperatures in the spring and fall are between 50° and 60° F, with lows from 40° F to 50° F. Summer is hot and humid with average highs around 85° F. Winter can be cold, windy, and snowy with highs averaging 30° F or lower. Rain and thunderstorms are most frequent in the spring and summer.",USA
"9CFF594A-8DB1-4377-BE2A-10CC2B0C47E1",jame,Historic Jamestowne,Historic Jamestowne Part of Colonial National Historical Park,https://www.nps.gov/jame/index.htm,"Walk in the steps of Captain John Smith and Pocahontas where a successful English colonization of North America began. Despite early struggles to survive, the 1607 settlement evolved into a prosperous colony. As the colony expanded, the Virginia Indians were pushed out of their homeland. In 1619, the arrival of Africans was recorded, marking the origin of slavery in English North America.",Part of Colonial National Historical Park,37.2065,-76.7538,VA,"Situated on the banks of the James River, Jamestown is a short distance from many major roadways and highways. For a google map search or GPS, use the following address: 1368 Colonial Parkway, Jamestown, Virginia 23081.",http://www.nps.gov/jame/planyourvisit/directions.htm,http://www.nps.gov/jame/planyourvisit/weather.htm,USA
BBA0A580-E05B-42DD-A64F-7C6F958091C5,hofr,Home Of Franklin D Roosevelt,Home Of Franklin D Roosevelt National Historic Site,https://www.nps.gov/hofr/index.htm,"Home to the 32nd and longest-serving president of the United States, Franklin D. Roosevelt returned to Hyde Park often, drawing on this place to renew his spirit during times of personal and political crisis. Explore the Roosevelt saga in the homes of Franklin and Eleanor Roosevelt, the exhibits at the nation’s first Presidential Library, and over a thousand acres of gardens and trails.",National Historic Site,41.76639758,-73.92516857,NY,"The Home of Franklin D. Roosevelt National Historic Site is located in the town of Hyde Park, NY, approximately 5 miles north of Poughkeepsie along Route 9, midway between New York City and Albany, about a 1.5 hour drive from either direction. Located on the east bank of the Hudson River, the park is easily reached by either the Taconic State Parkway or Route 9, and the New York State Thruway west of the Hudson River.",http://www.nps.gov/hofr/planyourvisit/directions.htm,"Spring: Temperatures usually range from 40°F to 70°F. Rain is not uncommon. Summer: Temperatures usually range from 70° F to 100° F. Humidity can be high throughout the summer months with periods of rain. Fall: Temperatures usually range from 40° F to 70° F. Peak leaf season is mid-October. Rain is not uncommon. Winter: Temperatures usually range from 30° F to 50°F. Ice, Freezing Rain and Snow are not uncommon.",USA
"3E1E316B-2F1A-4F08-8BD0-AE64761D68C2",home,Homestead,Homestead National Historical Park,https://www.nps.gov/home/index.htm,"The Homestead Act of 1862 transformed the world. Millions were invited to file claims including families, women, immigrants, and formerly enslaved people. Over 10 percent of the United States was homesteaded! The land, long inhabited by indigenous cultures, changed forever. Homesteaders created settlements and farms, drove industrial advancement, and built our nation chasing the American Dream.",National Historical Park,40.28802381,-96.83387781,NE,"The park is 4 miles west of Beatrice on State Highway 4. From the U.S. 77 and U.S. 136 intersection in downtown Beatrice take U.S. 136 approximately 1.2 miles west. Turn right onto Nebraska Highway 4 and follow the signs. After the road has curved west and you have traveled 4 miles, you will enter Homestead National Historical Park and see signs for the different buildings at the park.",http://www.nps.gov/home/planyourvisit/directions.htm,"Homestead NHP's weather can vary quite a bit, even in a single day. In the summer, average daytime highs can exceed 80°F (27°C), only to drop 20 or more degrees when a thunderstorm rolls through. Winter lows fluctuate day to day and year to year, but average lows were measured at about 16°F (-9°C) for January and February over a 20-year period. Wind is common throughout the year.",USA
"88F37F00-EAD0-44C4-88D1-F42D52BF661B",hono,Honouliuli,Honouliuli National Historic Site,https://www.nps.gov/hono/index.htm,"Although not yet open to the public, Honouliuli National Historic Site will tell the history of incarceration, martial law, and the experience of prisoners of war in Hawai‘i during World War II. Honouliuli National Historic Site will be a place to reflect on wartime experiences and recommit ourselves to the pursuit of freedom and justice.",National Historic Site,21.38817536,-158.0574991,HI,There are currently no directions to the Honouliuli National Historic Site as the monument remains closed to the public due to accessibility issues in the process of being resolved.,http://www.nps.gov/hono/planyourvisit/directions.htm,The temperature ranges from 70°F/22°C to 85°F/29°C year round with light tropical showers common.,USA
BE344FC9-4366-493D-B881-4E5AD4973CF5,hocu,Hopewell Culture,Hopewell Culture National Historical Park,https://www.nps.gov/hocu/index.htm,"Nearly 2000 years ago, American Indians built dozens of monumental mounds and earthen enclosures in southern Ohio. These earthwork complexes were ceremonial landscapes used for feasts, funerals, rituals, and rites of passage associated with an American Indian religious movement that swept over half the continent for almost 400 years. Come walk among the earthworks and experience the past.",National Historical Park,39.31594374,-83.08049456,OH,"Take U.S. 23. Exit U.S. 23 at State Route 207 and turn right. Continue on S.R. 207 for 2 miles until it merges with S.R. 104 (Make no turns, continue straight on road as it turns into S.R. 104). Follow S.R. 104, turn left into park (approximately 1.8 miles past the S.R. 104 & S.R. 207 intersection), follow entrance road to visitor center.",http://www.nps.gov/hocu/planyourvisit/directions.htm,"The park lies in a humid continental zone with a generally temperate climate. Winters are mildly cold with average temperatures around 30 degrees (F). Summers are hot and humid with an average temperature around 75 degrees (F). Average annual total rainfall is just under 38"". Snowfall in the winter is generally light with an average total snowfall of less than 24"".",USA
D709F8AB-E094-4C58-8B9E-2E4958AA2BF2,hofu,Hopewell Furnace,Hopewell Furnace National Historic Site,https://www.nps.gov/hofu/index.htm,"Hopewell Furnace showcases an early American landscape of industrial operations from 1771-1883, Hopewell and other iron plantations laid the foundation for the transformation of the United States into an industrial giant for the time. The park's 848 acres and historic structures illustrate the business, technology and lifestyle of our growing nation.",National Historic Site,40.20610637,-75.76766355,PA,"On PA Route 345, 5 miles South of Birdsboro, Pennsylvania.",http://www.nps.gov/hofu/planyourvisit/directions.htm,"Summers are generally humid with daily temps. averaging 83 degrees (F) for a high and 60 degrees (F) for a low. Daily temps. in January average 38 degrees (F) for a high and 20 degrees (F) for a low. Precipitation averages 3-5 inches of rain per month during spring, summer and autumn. During winter conditions can be icy with snow accumulating up to several inches.",USA
"7565F317-EA13-4E07-9059-D6831CA7E4A9",hobe,Horseshoe Bend,Horseshoe Bend National Military Park,https://www.nps.gov/hobe/index.htm,"On 27 March 1814, Major General Andrew Jackson ‘s army of 3,300 men attacked Chief Menawa’s 1,000 Red Stick Creek warriors fortified in a horseshoe shaped bend of the Tallapoosa River. Over 800 Red Sticks died that day. The battle ended the Creek War, resulted in a land cession of 23,000,000 acres to the United States and created a national hero of Andrew Jackson.",National Military Park,32.97668879,-85.73413589,AL,"Located in northeastern Tallapoosa County, Horseshoe Bend National Military Park is accessible from US Highway 280, as well as AL Highways 22 and 49. The Park is located 5 miles south of the town of Newsite, AL and 12 miles north of the city of Dadeville, AL.",http://www.nps.gov/hobe/planyourvisit/directions.htm,"Summers can be extremely hot and humid and winters can be damp, wet, and cold, with occasional hard freezes. During the summer season visitors should dress in light, comfortable clothing, wear comfortable shoes and use sunscreen and insect repellant. Stay hydrated to avoid risk of heat cramps, heat exhaustion and heatstroke. A bottle refill station is available in the visitor center. In the spring and fall visitors should have a light jacket available as temperatures can drop suddenly.",USA
ED9C0322-68FB-4DE1-A884-61C623281C9D,hosp,Hot Springs,Hot Springs National Park,https://www.nps.gov/hosp/index.htm,"Hot Springs National Park has a rich cultural past. The grand architecture of our historic bathhouses is equally matched by the natural curiosities that have been drawing people here for hundreds of years. Ancient thermal springs, mountain views, incredible geology, forested hikes, and abundant creeks – all in the middle of town – make Hot Springs National Park a unique and beautiful destination.",National Park,34.52414366,-93.06332936,AR,"From Little Rock: Take I-30W towards Texarkana. Exit 111 for US 70W/Hot Springs. Turn Right onto Spring St. Turn Right onto Central Ave. Drive North, the Park will be on the right after Reserve St. From Texarkana: Take 1-30E. Exit 78 for AR-7 and turn left under the highway. Follow AR-7 North for 31 miles. AR-7 becomes Central Ave., the Park will be on the right after Reserve Street.",http://www.nps.gov/hosp/planyourvisit/directions.htm,"Average temperatures in Hot Springs can range from about 90°F (32°C) to less than 27°F (-2.7°C). Summer days can be hot and humid, with heat index values up to 110ºF (43ºC). Winter wind chills can make temperatures feel much colder, as low as 15ºF (-9.4ºC). Spring and fall typically have the most rainfall. Generally, Hot Springs experiences mild weather throughout the year.",USA
BA84404E-743C-4841-9F83-87CEDA164E5B,hove,Hovenweep,Hovenweep National Monument,https://www.nps.gov/hove/index.htm,"Once home to over 2,500 people, Hovenweep includes six prehistoric villages built between A.D. 1200 and 1300. Explore a variety of structures, including multistory towers perched on canyon rims and balanced on boulders. The construction and attention to detail will leave you marveling at the skill and motivation of the builders.",National Monument,37.39134092,-109.0047977,"CO,UT","Do not use GPS to find your way. There are numerous paved and dirt roads intersecting each other in this remote corner of Utah. The Hovenweep Visitor Center is located 40-45 miles from Cortez, Colorado, and Blanding and Bluff, Utah. Follow driving directions on our webpage.",http://www.nps.gov/hove/planyourvisit/directions.htm,"Hovenweep is part of the Colorado Plateau, a ""high desert"" region that experiences wide temperature fluctuations, sometimes over 40 degrees in a single day. The temperate (and most popular) seasons are spring (April-May) and fall (mid-September-October), when daytime highs average 60 to 80 F and lows average 30 to 50 F. Summer temperatures often exceed 100 F, making strenuous exercise difficult. Winters are cold, with highs averaging 30 to 50 F, and lows averaging 0 to 20 F.",USA
E2A4E070-D68B-42D6-8353-4438ED2F43AB,hutr,Hubbell Trading Post,Hubbell Trading Post National Historic Site,https://www.nps.gov/hutr/index.htm,"Wóshdę́ę́, please come in where the squeaky wooden floors greet your entry into the oldest operating Trading Post on the Navajo Nation. As your eyes adjust to the dim light in the ""bullpen"", you'll find you've just entered a mercantile. Hubbell's in Ganado has been selling goods and trading Native American Art since 1878. Discover Hubbell Trading Post NHS, sheep, rugs, jewelry and so much more...",National Historic Site,35.70727324,-109.5599515,AZ,"Hubbell Trading Post National Historic Site is located at mile post 446.3 on AZ state route 264. Visitors traveling on I-40 can take U.S. Highway 191 North to Ganado and drive west on Hwy. 264. If you are traveling from Gallup, New Mexico, you may take U.S. Highway 491 North to U.S. Highway 264 west toward Ganado, through Window Rock,Arizona. When you are driving south from Chinle, Arizona on Hwy. 191 you will drive east when you reach Hwy. 264.",http://www.nps.gov/hutr/planyourvisit/directions.htm,Spring is normally windy. Summer can reach into high 90s with thunderstorms beginning in July into August. Fall is cooling off. Last couple of Winters have been dry and with a couple of inches of snow.,USA
"07D9E506-B86A-4762-801F-2D333F369D5D",iafl,Ice Age Floods,Ice Age Floods National Geologic Trail,https://www.nps.gov/iafl/index.htm,"At the end of the last Ice Age, 18,000 to 15,000 years ago, an ice dam in northern Idaho created Glacial Lake Missoula stretching 3,000 square miles around Missoula, Montana. The dam burst and released flood waters across Washington, down the Columbia River into Oregon before reaching the Pacific Ocean. The Ice Age Floods forever changed the lives and landscape of the Pacific Northwest.",National Geologic Trail,46.5669309008,-118.992564971,"WA,OR,ID,MT","To Trail Headquarters from Spokane Take I-90 West At Exit 277, merge onto US-2 toward Davenport/Fairchild AFB/Spokane Airport Just past Wilbur, turn right onto WA-21 Stay left onto Highway 174 Turn right onto WA-155 Stay on WA-155 past Grand Coulee Dam and into the town of Coulee Dam Cross the Columbia River and continue on WA-155 Turn right onto Crest Drive and follow up the hill. The HQ Office is located on the left",https://www.nps.gov/iafl/planyourvisit/directions.htm,"The National Geologic Trail is a collection of sites stretched across a four state area, the weather will vary from site to site. Please check the weather for your local region, or the region you'll be visiting, through their respective sites.",USA
DED290D0-879A-4134-BBC3-54980D80959E,iatr,Ice Age,Ice Age National Scenic Trail,https://www.nps.gov/iatr/index.htm,"The Ice Age National Scenic Trail spans 1,200 miles, traverses some of Wisconsin's finest geologic and glacial features, and passes through the ancestral lands of 15 Tribes. The Trail is built, managed and maintained by dedicated volunteers, Ice Age Trail Alliance, Wisconsin Department of Natural Resources, local partners, and the National Park Service.",National Scenic Trail,43.9895697794,-89.5612021706,WI,"Ice Age National Scenic Trail spans nearly 1,200 miles across Wisconsin. Major commercial airports are located in cities and regional hubs throughout the state, offering access to the trail. Numerous trailheads with parking are available, allowing you to explore the trail at various entry points along the route.",http://www.nps.gov/iatr/planyourvisit/directions.htm,"Wisconsin has four distinct seasons. Summers are generally warm, while winters are cold, often bringing significant snowfall. Weather conditions can vary widely throughout the year and location on the trail. Prepare accordingly for each season when visiting the Ice Age National Scenic Trail.",USA
CF35CC35-12CE-473D-9E4C-703916105B78,inde,Independence,Independence National Historical Park,https://www.nps.gov/inde/index.htm,"The park represents the founding ideals of the nation, and preserves national and international symbols of freedom and democracy, including Independence Hall and the Liberty Bell. The Declaration of Independence and U.S. Constitution were both debated and signed inside Independence Hall, a UNESCO World Heritage Site.",National Historical Park,39.94746112,-75.14794157,PA,"Independence National Historical Park is located in an urban area served by Interstates 95 and 676. The park is also easily accessible by public transportation, including SEPTA and PATCO mass transit routes. Whether you choose driving, the bus or the train, we recommend that you start your visit at the Independence Visitor Center at 6th and Market Streets. See the park's website for specific directions.",http://www.nps.gov/inde/planyourvisit/directions.htm,"Summers are typically hot and muggy, fall and spring are generally mild, and winter is cold. Snowfall is highly variable, with some winters bringing only light snow and others bringing several major snowstorms, with the normal seasonal snowfall standing at 22.4 in (57 cm). Precipitation is generally spread throughout the year, with eight to twelve wet days per month.",USA
"473EFACE-EE15-4A4F-AA6C-666810A9E27D",indu,Indiana Dunes,Indiana Dunes National Park,https://www.nps.gov/indu/index.htm,"Lake Michigan's might has influenced Indiana Dunes for millennia. Wind and waves have shaped the land, leaving a rich mosaic of habitats along these 15 miles of Indiana coast. Over 50 miles of trails lead through shifting sand dunes, quiet woodlands, sunny prairies and lush wetlands. Known for its striking plant and bird diversity, it's easy to find inspiration throughout the park’s 15,000 acres.",National Park,41.63765525,-87.09647445,IN,"Visitors can access the national park via Interstate 94, the Indiana Toll Road (Interstate 80/90), U.S. Highway 12, U.S. Highway 20, Indiana State Road 49, and various other local roads. The Indiana Dunes Visitor Center is located on Indiana State Road 49, between U.S. Highway 20 and Interstate 94 (1215 IN-49, Porter, IN 46304). For a driving map to the Indiana Dunes Visitor Center or other locations, check out our maps page.",http://www.nps.gov/indu/planyourvisit/directions.htm,"On average, the warmest month is July and the highest recorded temperature was 105F in 1934. The coolest month is January, with the lowest recorded temperature of -25F in 1985. June sees the most precipitation with an average rainfall of 4.66 Inches.",USA
"0F6893CF-FC15-4AC5-8C95-E70FC9C21B1A",isro,Isle Royale,Isle Royale National Park,https://www.nps.gov/isro/index.htm,"Explore a rugged, isolated island far from our connected communities. Isle Royale offers adventures for backpackers, hikers, boaters, paddlers, and divers. Cross Lake Superior and make a commitment: Become a part of this island, and let it become a part of you. Find peace and refuge in island wilderness – because Isle Royale, in turn, finds refuge in us. Help Isle Royale stay wild.",National Park,48.01145819,-88.82780657,MI,"Isle Royale National Park headquarters is located in Houghton, MI. Visit the Houghton page on the Isle Royale National Park website for additional information and a map on how to access the visitor center.",http://www.nps.gov/isro/planyourvisit/houghton.htm,"Isle Royale National Park is a remote island wilderness in the middle of Lake Superior. Weather influences traveling to and from the island, as well as your trip once you arrive. For the most up-to-date weather information, call (906) 482-0984 or email isro_parkinfo@nps.gov prior to your trip.",USA
"622B7696-B7D8-41D8-A3C9-C82A60D0CD12",inup,Iñupiat Heritage Center,Iñupiat Heritage Center,https://www.nps.gov/inup/index.htm,"On the rooftop of the world, the Iñupiat Heritage Center in Barrow, Alaska, tells the story of the Iñupiat people. They have thrived for thousands of years in one of the most extreme climates on Earth, hunting the bowhead, or ""Agviq."" In the 19th century, the quiet northern seas swarmed with commercial whalemen from New England, who also sought the bowhead for its valuable baleen and blubber.","",71.29832445,-156.7535863,AK,"The Inupiat Heritage Center is located in Barrow, Alaska, the largest city in the North Slope Borough and the northernmost city in the United States. Barrow can be reached via commercial and charter flights from Anchorage and Fairbanks.",http://www.nps.gov/inup/planyourvisit/directions.htm,"Owing to its location 320 miles (515 km) north of the Arctic Circle, Barrow's climate is cold and dry, classified as a polar climate (Köppen ET). Winter weather can be extremely dangerous because of the combination of cold and wind, while summers are cool even at their warmest.",USA
DE848801-6FFA-4961-901A-CBE120F569F5,jaga,James A Garfield,James A Garfield National Historic Site,https://www.nps.gov/jaga/index.htm,"A front porch can serve many purposes. For some, it is a place to enjoy the breeze on a warm summer night. For others, a perch from which to keep eyes on what's happening in their neighborhood. In 1880, James Garfield used his front porch as a platform to greet thousands of well-wishers during his presidential campaign. Today, the porch serves as a gateway to the story of the Garfield family.",National Historic Site,41.66486549,-81.35086557,OH,From Interstate 90 - exit at Route 306 and head north to Route 20. East on Route 20 about 1.5 miles. Site is on north side of Mentor Avenue. From Route 2 - exit at Route 306 and head south to Route 20. East on Route 20 about 1.5 miles. Site is on the north side of Mentor Avenue.,http://www.nps.gov/jaga/planyourvisit/directions.htm,"Winter tends to be cold with snow and ice from January - early March. Summers are comfortable, but can be humid and reach into the 90's. There is a 100 yard walk between the Visitor Center and Garfield home; visitors are advised to check weather conditions prior to their visit.",USA
ED57A2B1-2560-471C-82A7-7EF6BC3486F8,jela,Jean Lafitte,Jean Lafitte National Historical Park and Preserve,https://www.nps.gov/jela/index.htm,"In Jean Lafitte's day, silver and gold filled a pirate's treasure chest, but today's treasures are people, places, and memories. Discover New Orleans’ rich cultural mix. Learn Cajun traditions from people who live them. Watch an alligator bask on a bayou’s bank. Walk in the footsteps of the men who fought at 1815’s Battle of New Orleans. Follow the link to discover the treasure of Jean Lafitte.",National Historical Park and Preserve,29.81739855,-90.1402241,LA,"Jean Lafitte's headquarters and the park's French Quarter Visitor Center is located at 419 Decatur St. in New Orleans. There are five other park sites scattered throughout south Louisiana. For information on all of the park sites and visitor centers, see the Directions URL.",http://www.nps.gov/jela/planyourvisit/directions.htm,"All temperatures in degrees Fahrenheit. Note that relative humidity, especially in summer months, can reach 90%, so temperatures can feel 10-20 degrees hotter than actual temperature. Spring (March, April, May) average high 77, low 61 Summer (June, July, August) average high 89, low 75 Fall (September, October, November) average high 78, low 64 Winter (December, January, February) average high 64, low 48",USA
A71EF659-5A33-4CCC-93CE-340F23A88E3E,jeca,Jewel Cave,Jewel Cave National Monument,https://www.nps.gov/jeca/index.htm,"Immerse yourself in one of the longest caves in the world. With over 220 miles of mapped and surveyed passages, this underground wilderness appeals to human curiosity. Its splendor is revealed through fragile formations and glimpses of brilliant color. Its maze of passages lures explorers, and its scientific wealth remains a mystery. This resource is truly a jewel in the National Park Service.",National Monument,43.73102945,-103.829994,SD,"By car: Jewel Cave National Monument is located 13 miles west of Custer, South Dakota and 24 miles east of Newcastle, Wyoming on U.S. Highway 16. The monument is about 54 miles from Rapid City, South Dakota via U.S. Highway 16 / 385. By plane: The nearest major airport, Rapid City Regional Airport, is 63 miles away.",http://www.nps.gov/jeca/planyourvisit/directions.htm,"Weather in the Black Hills varies significantly throughout the year and may be drastically different from the northern hills to the southern hills. The temperatures listed are for average lows to average highs in the location of Custer, South Dakota. Spring ~ Temp. Range of 29°F to 53°F / Summer ~ Temp. Range of 54°F to 80°F / Fall ~ Temp. Range of 33°F to 58°F / Winter ~ Temp. Range of 14°F to 37°F The yearly average rain is 19 in., with May being the wettest month. The yearly average snow is 48 in.",USA
F63CFF21-C861-422D-A725-B8F3ECFF6EAE,jica,Jimmy Carter,Jimmy Carter National Historical Park,https://www.nps.gov/jica/index.htm,"Few U.S. Presidents have had such close ties with where they were born and raised. The rural southern culture of Plains, Georgia, that revolves around farming, church and school, had a large influence in molding the character and in shaping the political policies of the 39th President of the United States.",National Historical Park,32.03611,-84.3924,GA,In Americus take US 280W/ W Forsyth St. until it becomes US-19 S/US-280 W/S Martin Luther King Blvd. Turn left and go .08 mile. Turn right onto US-280 W and travel 8.9 miles. Turn right onto North Bond Street/ Hwy 45 North. Plains High School Visitor Center and Museum will be on the right side of the road 500 feet from the intersection.,http://www.nps.gov/jica/planyourvisit/directions.htm,Weather in Southwest Georgia can change in the blink of an eye during the summer months. Thunderstorms and high temperatures can make it unpleasant for visitors. Check the local forecast and dress appropriately.,USA
B2577D2A-A33E-4DCF-B6F8-C299E1DFEC19,joda,John Day Fossil Beds,John Day Fossil Beds National Monument,https://www.nps.gov/joda/index.htm,"Large rhino-like brontotheres roam a semitropical forest. Dog-sized, three-toed horses dart between the trees. The cat-like nimravid and bear dogs stalk their prey. The climate cools and forests alter to dryer grasslands. Saber tooth cats and camels get replaced by mountain lions and deer. Paleontologists learn more about the ancient animals and environment with every new fossil they discover.",National Monument,44.62566508,-119.8811491,OR,"John Day Fossil Beds encompasses 14,000 acres in three geographically separated units in Oregon: Sheep Rock Unit, Painted Hills Unit, and Clarno Unit. The Sheep Rock Unit is located between the towns of Dayville and Kimberly. The Painted Hills Unit is located 9 miles northwest of of the town of Mitchell. The Clarno Unit is located on Highway 218 twenty miles west of the town of Fossil.",http://www.nps.gov/joda/planyourvisit/directions.htm,"Weather conditions at John Day Fossil Beds National Monument are highly variable in this semi-arid desert landscape. Summer highs can climb into the 110's. Winters tend to be fairly mild, with occassional snow and ice and lows occasionally dipping into the single digits.",USA
"13E32BB8-D80B-45FA-ABF7-9C0CA5417ADC",jofi,John Fitzgerald Kennedy,John Fitzgerald Kennedy National Historic Site,https://www.nps.gov/jofi/index.htm,"JFK’s parents never expected that their second son would grow up to be president. Yet in his birthplace home he learned values that inspired a life in public service. His mother, Rose Kennedy, recreated her family’s first home to share her memories of those early years with visitors. We commemorate not only his early life, but the ideas and principles he left behind.",National Historic Site,42.34693694,-71.12323846,MA,"By Subway: Take Green line (""C"" -Cleveland Circle) trolley to Coolidge Corner stop. Walk four blocks north on Harvard Street, turn right on Beals Street and continue to number 83. By Car: From Exit 18 (I-90 E) or Exit 20 (1-90 W) follow the Allston/Brighton exit ramp, merge onto Cambridge Street and go one mile. At the fourth light, turn left on Harvard Street and proceed about one mile. Turn left on Beals Street and go to number 83. Limited Street Parking available.",http://www.nps.gov/jofi/planyourvisit/directions.htm,"Typical New England Weather: Warm, humid summers and cold winters. Any available outdoor programs take place rain or shine but may be modified or canceled due to high heat index.",USA
F339067B-A588-4BF3-9D90-1C1BA1249203,jomu,John Muir,John Muir National Historic Site,https://www.nps.gov/jomu/index.htm,"John Muir played many roles in his life, all of which helped him succeed in his role as an advocate for Nature. As America’s most famous naturalist and conservationist, Muir fought to protect the wild places he loved, places we can still visit today. Muir’s writings convinced the U.S. government to protect Yosemite, Sequoia, Grand Canyon and Mt. Rainier as national parks.",National Historic Site,37.9828422,-122.1326097,CA,Please visit our main website for specific directions to our park. You may call the John Muir Visitor Center for additional information.,http://www.nps.gov/jomu/planyourvisit/directions.htm,"The Mediterranean climate of Martinez features hot, dry summers with lower temperatures near 60º F and upper temperatures near 100º F. The heat gives way to cool, rainy winters with lows near 45º F and highs near 75º F. Fall and spring can bring rain and temperatures from 55-80º F. March to April: wet/dry, 60-80º F May to September: very dry, 60-100º+ F October to November: dry/wet, 55-80º F December to February: wet, 45-75º F",USA
A8C04CA4-FEFF-4FDD-99C4-5BA801AA2DB5,jofl,Johnstown Flood,Johnstown Flood National Memorial,https://www.nps.gov/jofl/index.htm,"The South Fork Dam failed on Friday, May 31, 1889, and unleashed 20,000,000 tons of water that devastated Johnstown, PA. The flood killed 2,209 people but it brought the nation and the world together to aid the ""Johnstown sufferers."" The story of the Johnstown Flood reminds us all, ""...that we must leave nothing undone for the preservation and protection of our brother men.""",National Memorial,40.34584534,-78.77448601,PA,Take US Route 219 to the St Michael/Sidman exit. At the end of the exit ramp head East on PA 869 (there is a park sign at the end of the exit ramp). Travel approximately 1.5 miles on PA 869 watching for a left turn onto Lake Road at the sign for Johnstown Flood National Memorial. Follow Lake Road 1.5 miles until the visitor center appears on your right. Please park safely in the designated parking lot and not block any emergency access roads.,http://www.nps.gov/jofl/planyourvisit/directions.htm,"Winters can be cold and severe. Spring can be seasonable and wet. Summer can be hot with potentials for thunderstorms. Fall can be seasonal, with cold temperatures into October and November.",USA
F5CD58FB-05DC-4074-99DA-F327A537F1BC,jotr,Joshua Tree,Joshua Tree National Park,https://www.nps.gov/jotr/index.htm,"Two distinct desert ecosystems, the Mojave and the Colorado, come together in Joshua Tree National Park. A fascinating variety of plants and animals make their homes in a land sculpted by strong winds and occasional torrents of rain. Dark night skies, a rich cultural history, and surreal geologic features add to the wonder of this vast wilderness in southern California. Come explore for yourself!",National Park,33.91418525,-115.8398125,CA,"From I-10, take exit 117 for CA Hwy 62 toward 29 Palms/Yucca Valley. This will allow you to access the West Entrance, the North Entrance, Black Rock, and Indian Cove. Take exit 168 off I-10 to come in at the park's South Entrance.",http://www.nps.gov/jotr/planyourvisit/directions.htm,"Days are typically clear with less than 25% humidity. Temperatures are most comfortable in the spring and fall, with an average highs around 85°F (29°C) and average lows around 50°F (10°C) respectively. Winter brings cooler days, around 60°F (15°C), and freezing nights. It occasionally snows at higher elevations. Summers are hot, over 100°F (38°C) during the day and not cooling much below 75°F (24°C) at night.",USA
"062F89B7-8DB4-4ACD-88D1-573669E63091",juba,Juan Bautista de Anza,Juan Bautista de Anza National Historic Trail,https://www.nps.gov/juba/index.htm,"The Juan Bautista de Anza National Historic Trail covers over 1200 miles through the homelands of 70+ Tribal communities. It follows the historic route of the 1775-76 Spanish colonizing expedition from Sonora, Mexico to San Francisco, CA. Whether urban or rural, the trail offers adventure, diverse cultural perspectives, and an opportunity to experience history.",National Historic Trail,33.8743390994,-117.224179857,"AZ,CA","Details listed are for the Richmond, California administrative office of the Anza Trail (administrative office is not currently open to the public). The 1,210-mile Anza Trail connects historic, cultural, and recreation sites from Nogales, AZ, to the San Francisco Bay Area that reveal the legacy of our Spanish colonial heritage. Each site along the Anza Trail is managed independently. Contact individual sites for hours, directions, and other details.",http://www.nps.gov/juba/planyourvisit/placestogo.htm,"The 1,200-mile Anza Trail connects historic, cultural, and recreation sites from Nogales, AZ, to the San Francisco Bay Area. To learn more, visit http://www.nps.gov/juba. Each site along the Anza Trail is managed independently. Contact individual sites for hours, directions, and other details.",USA
"3C869976-DF2E-4D99-9918-366DFE637846",kala,Kalaupapa,Kalaupapa National Historical Park,https://www.nps.gov/kala/index.htm,"When Hansen's disease (leprosy) was introduced to the Hawaiian Islands, King Kamehameha V banished all afflicted to the isolated Kalaupapa Peninsula on the north shore of Molokai. Since 1866, more than 8,000 people, mostly Hawaiians, have died at Kalaupapa. Once a prison, Kalaupapa is now a refuge for the few remaining residents who are cured but were forced to live their lives in isolation.",National Historical Park,21.1731108,-156.9511609,HI,"Kalaupapa is an extremely isolated place, surrounded on three sides by ocean and two-thousand foot cliffs on the fourth. Consequently, there is no road access into the peninsula. Kalaupapa cannot be reached by automobile. To get to the park, visitors must travel by air, mule, or on foot. See the park's Direction and Transportation webpage for additional information.",http://www.nps.gov/kala/planyourvisit/directions.htm,"Hawaii enjoys warm temperatures year-round, although site conditions at the park can vary depending on weather and time of year. The rainy season is in the winter with the more hot and humid days in the summer. Trade winds are fairly constant and typically blow from the northeast. Daytime temperatures range from 65–75° F in the winter to 80-90°F in the summer. Nighttime temperatures are often in the 60-70°F range.",USA
C8B7FCAD-0176-4ABC-8774-90A264E646F1,kaho,Kaloko-Honokōhau,Kaloko-Honokōhau National Historical Park,https://www.nps.gov/kaho/index.htm,"To survive in a hot and arid environment the native Hawaiians (kanaka maoli) used ancient fishing skills, including the building of fishponds, and the knowledge of the location of precious fresh water (wai) that flows into the many brackish pools throughout the park. The spirit of the people (poe) and the knowledge of the elders (kupuna) created a tradition of respect and reverence for this area.",National Historical Park,19.68083237,-156.0306932,HI,"Kaloko-Honokōhau National Historical Park is located on the west coast of the island of Hawai'i, approximately 3 miles south of the Keahole International Airport (Kailua-Kona AIrport) and 3 miles north of the town of Kailua-Kona, on the ocean side of Highway 19. The visitor center, Hale Ho'okipa, is located half a mile north of the entrance to Honokōhau Harbor. The Kaloko road gate is located across the highway from the Kaloko New Industrial Park (across from the big yellow ""Kona Trade Center"" building).",http://www.nps.gov/kaho/planyourvisit/index.htm,"The weather in the park is typically hot and sunny, with temperatures in the upper 80's.",USA
"406F7D87-F34F-41C9-9CCE-9FD53ABBA9A7",kaww,Katahdin Woods and Waters,Katahdin Woods and Waters National Monument,https://www.nps.gov/kaww/index.htm,"Spread across a wild landscape offering spectacular views of Katahdin, Katahdin Woods and Waters invites discovery of its rivers, streams, woods, flora, fauna, geology, and the night skies that have attracted humans for millennia.",National Monument,45.9567565918,-68.7122879028,ME,"Katahdin Woods and Waters National Monument is located in north central Maine. Drive approximately 1.5 hours north of Bangor, Maine to reach Route 11 (Katahdin Woods and Waters Scenic Byway). Route 11 is the main route to the entrances to the park. Take Route 11 to Route 159 and Grand Lake Road to access the North Entrance. Follow Route 11 to Swift Brook Road to enter the South Entrance. Take Route 11 to Route 159 and American Thread Road to access the Seboeis Parcel.",https://www.nps.gov/kaww/planyourvisit/directions.htm,"Northern Maine experiences all four seasons. Summer temperatures range from 45-90F (7-30C). Fall temperatures range from 30-70F (-1-21C). Typically, the first frost is in mid-October and first snowfall begins in November and can continue through April with an average accumulation of 73 inches (185 cm). Winter temperatures range from 14-35F (-10 - 2C). Spring temperatures range from 30-70F (-1-21C).",USA
B712CB0C-B3DD-48A6-AA4F-CCD72C87F48B,katm,Katmai,Katmai National Park & Preserve,https://www.nps.gov/katm/index.htm,"A landscape is alive underneath our feet, filled with creatures that remind us what it is to be wild. Katmai was established in 1918 to protect the volcanically devastated region surrounding Novarupta and the Valley of Ten Thousand Smokes. Today, Katmai National Park and Preserve also protects 9,000 years of human history and important habitat for salmon and thousands of brown bears.",National Park and Preserve,58.62235668,-155.0126574,AK,"Katmai National Park & Preserve is located on the northern Alaska Peninsula, northwest of Kodiak Island and southwest of Homer, Alaska. The park’s headquarters is in King Salmon, about 290 air miles southwest of Anchorage. Unlike most national parks in the United States, Katmai is almost exclusively accessed by plane or boat.",http://www.nps.gov/katm/planyourvisit/directions.htm,"Located between the stormy north Pacific Ocean and the even stormier Bering Sea, the Katmai region is often a battleground between weather systems. When you visit, be prepared to encounter all types of weather. On average, wet and cool conditions predominate in spring, summer, and fall. Winters are drier and colder.",USA
"11E73438-0CCC-4441-A76A-1995F67F2D89",kefj,Kenai Fjords,Kenai Fjords National Park,https://www.nps.gov/kefj/index.htm,"At the edge of the Kenai Peninsula lies a land where the ice age lingers. Nearly 40 glaciers flow from the Harding Icefield, Kenai Fjords' crowning feature. Wildlife thrives in icy waters and lush forests along the fjords once carved by the vast expanse of ice. Today, shrinking glaciers bear witness to the effects of our changing climate.",National Park,59.81804414,-150.106502,AK,"Kenai Fjords National Park is located just outside the town of Seward in south-central Alaska, 126 miles south of Anchorage. Even though the park is often inaccessible during the winter months, Seward is accessible year-round via the Seward Highway, a National Scenic Byway. Follow the Seward Highway (AK-1) south from Anchorage. It will become AK-9 around mile 35 (87 miles from Anchorage) with AK-1 heading to Homer and Kenai. Continue on AK-9 to Seward.",http://www.nps.gov/kefj/planyourvisit/directions.htm,"The weather in Kenai Fjords is difficult to predict and can change rapidly. The area generally enjoys a relatively temperate maritime climate, primarily due to the influence of warmer ocean currents that flows through the Gulf of Alaska. Summer daytime temperatures range from the mid 40s°F to the low 70s°F. Overcast and cool rainy days are frequent. Winter temperatures can range from the low 30s°F to -20°F.",USA
A1901BAE-94DB-44E4-96D4-1E07422EDF6E,keaq,Kenilworth Park & Aquatic Gardens,Kenilworth Park & Aquatic Gardens,https://www.nps.gov/keaq/index.htm,"Deep within Kenilworth lies an oasis, hidden behind trees and cattails. It's a place where beavers build their homes and turtles sleep on logs. Lotus blooms rise from the muck and lilies sit on the water. The wind dances with the dragonflies, rustling through the trees, carrying the song of the birds until it brushes across your face, fading to a whisper, saying ""come join.""","",38.9128,-76.9434,DC,The park is located in North East Washington D.C. south of route 50 and just off the Baltimore Washington Parkway. The park is also within the D.C. Kenilworth community and the Anacostia river runs along the park boundary. Interstate 295 runs parallel to the park. The park is within half a mile from the Deanwood Metro station on the orange line. There is free parking at the park.,https://www.nps.gov/keaq/planyourvisit/directions.htm,"June-September expect warm and humid weather. Average high temperatures are in the 80s, though often in the low 90s. On humid days, showers and thunderstorms often build in the late afternoon. July and August are the warmest months. The coldest month is January, with average daytime highs in the low 40s and overnight lows in the upper 20s.",USA
AA1E3B48-8B98-4F47-A642-C266A92AB523,kemo,Kennesaw Mountain,Kennesaw Mountain National Battlefield Park,https://www.nps.gov/kemo/index.htm,"Kennesaw Mountain National Battlefield Park is a 2,965 acre National Battlefield that preserves a Civil War battleground of the Atlanta Campaign. Opposing forces maneuvered and fought here from June 19, 1864 until July 2, 1864. Although most famous as a Civil War battlefield, Kennesaw Mountain has a much richer story.",National Battlefield Park,33.95370717,-84.59214186,GA,"Kennesaw Mountain NBP is fairly spread out with multiple parking lots. Many visitors begin their visit at the Visitor Center located at 900 Kennesaw Mountain Dr. and orient themselves to the park with Ranger or Volunteer. For more detailed directions, please see link below.",http://www.nps.gov/kemo/planyourvisit/directions.htm,"Before you start your trip to the mountain, check the local weather forecast to be sure that you will have a dry time. Though we are located north of Atlanta, we're still have the same hot summers and mild winters as our neighbors. The mountain top generally ranges 8-10 degrees cooler than at the base. In fall and winter, be prepared with a light weight jacket on hand. After planning your activities, check back to see what the weather will have in store for your day.",USA
E25D6277-11D8-425F-8498-718C98B13854,kewe,Keweenaw,Keweenaw National Historical Park,https://www.nps.gov/kewe/index.htm,"The stories of people and copper in the Keweenaw Peninsula have been intertwined for more than 7,000 years. Indigenous Peoples made copper into tools and trade items. Investors and immigrants arrived in the 1800s in a great mineral rush, developing thriving industries and cosmopolitan communities. Though the mines have since closed, their mark is still visible on the land and people.",National Historical Park,47.1792308,-88.52275344,MI,"Keweenaw National Historical Park is located is located on the Keweenaw Peninsula, the northernmost part of Upper Michigan.",http://www.nps.gov/kewe/planyourvisit/directions.htm,"Summer: Keweenaw summers are usually mild, with average highs in the 70s, but can reach into the 80s and 90s. Nighttime temperatures are typically cool, but can also dip into the 40s or stay in the 70s. Summer months are dry, with occasional rain or severe thunderstorms. Winter: Again influenced by Lake Superior, winter temperatures are mild with highs in the 20s. Cold spells can occur with subzero temperatures. Lake effect snow is common, and 300 inches of snow can fall in a season.",USA
C7C40543-5879-48FC-8E55-C26F3E0B4CCD,kimo,Kings Mountain,Kings Mountain National Military Park,https://www.nps.gov/kimo/index.htm,"Thomas Jefferson called it ""The turn of the tide of success."" The battle of Kings Mountain, fought October 7th, 1780, was an important American victory during the Revolutionary War. The battle was the first major patriot victory to occur after the British invasion of Charleston, SC in May 1780. The park preserves the site of this important battle.",National Military Park,35.13900723,-81.38978712,SC,"Kings Mountain National Military Park is located on South Carolina Highway 216. From Greenville, SC travel on I-85 North to NC Exit #2. Turn right onto Hwy 216. From Charlotte, NC travel on I- 85 South to NC Exit #2. Turn left onto Hwy 216.",http://www.nps.gov/kimo/planyourvisit/directions.htm,Temperatures for the area range from very hot and humid in the summer to cool and moderate in the winter.,USA
"0529BC85-CD42-4DA9-AC60-CAD7C40C3525",klse,Klondike Gold Rush - Seattle Unit,Klondike Gold Rush - Seattle Unit National Historical Park,https://www.nps.gov/klse/index.htm,"Seattle flourished during and after the Klondike Gold Rush. Merchants supplied people from around the world passing through this port city on their way to a remarkable adventure in the Yukon Territory of Canada. Today, the park is your gateway to learn about the Klondike Gold Rush, explore the area's public lands, and engage with the local community.",National Historical Park,47.5993663,-122.3319664,WA,The park and visitor center are located on the northwest corner of 2nd Ave South and South Jackson Street in the former Cadillac Hotel. The Pioneer Square neighborhood is serviced by several public transportation options. Visit your directions page for more information about parking.,http://www.nps.gov/klse/planyourvisit/directions.htm,"Warm dry summers from mid-July through mid-Sept, all the rest of the year, mainly rainy and cool.",USA
"5D4AA834-B601-44A8-B786-FF3306BA8A39",klgo,Klondike Gold Rush,Klondike Gold Rush National Historical Park,https://www.nps.gov/klgo/index.htm,"Headlines screamed ""Gold!"" The dream of a better life catapulted thousands of people to Alaska and the Yukon Territory. Their journey shaped them, and changed the people they encountered and the north forever. Today, the park remembers the trails, boomtowns, and stories of the Klondike Gold Rush.",National Historical Park,59.61042373,-135.2618535,AK,"Park headquarters and visitor center are located at 2nd and Broadway in Skagway, Alaska. To get to Skagway by car: you can access the park via the Alaska Marine Highway or the South Klondike Highway. By plane: you can fly into the Skagway Airport. By water: You can visit the park by cruise ship, tour boat, or ferry. The park visitor center is less than half a mile from all docks.",http://www.nps.gov/klgo/planyourvisit/directions.htm,Skagway has a highly variable climate with frequent rain and high winds. Average temperatures May through September range from 47-60ºF. Average temperatures October through April range from 28-38ºF.,USA
"0103833B-8114-4483-9754-11B5171BCB20",knri,Knife River Indian Villages,Knife River Indian Villages National Historic Site,https://www.nps.gov/knri/index.htm,"Earthlodge people hunted bison and other game, but were in essence farmers living in villages along the Missouri and its tributaries. The site was a major Native American trade center for hundreds of years prior to becoming an important market place for fur traders after 1750.",National Historic Site,47.3540219,-101.3860533,ND,"Plane Fly into Bismarck or Minot, ND. Hazen, ND (15 miles from site) has an airport for small planes. Car One-half mile north of Stanton, ND on County Road 37. One hour northwest of Bismarck, ND and one and a half hours southwest of Minot, ND. Public Transportation Charter and tour bus parking available at Visitor Center parking lot.",http://www.nps.gov/knri/planyourvisit/directions.htm,"Summers are warm and sunny with temperatures occasionally reaching 100 degrees F and frequent afternoon thunderstorms. Winters are invigorating, with extremely cold temperatures as low as -35 degrees F. High winds and sunny skies are common in winter. Snow is sporadic in the relatively dry climate, but blizzards are common.",USA
"691831BF-F280-4E02-BF4A-FF476BC66B23",kova,Kobuk Valley,Kobuk Valley National Park,https://www.nps.gov/kova/index.htm,"Caribou, sand dunes, the Kobuk River, Onion Portage - just some of the facets of Kobuk Valley National Park. Thousands of caribou migrate through, their tracks crisscrossing sculpted dunes. The Kobuk River is an ancient and current corridor for people and wildlife. For 9000 years, people came to Onion Portage to harvest caribou as they swam the river. Even today, that rich tradition continues.",National Park,67.35631336,-159.2002293,AK,"Kobuk Valley National Park is very remote. There are no roads to provide access, so planes take care of most transportation needs. Commercial airlines provide service from Anchorage to Kotzebue, or from Fairbanks to Bettles. Once in Kotzebue or Bettles, you must fly to the park with authorized air taxis.",http://www.nps.gov/kova/planyourvisit/directions.htm,"Snow, rain, and freezing temperatures can occur any time of the year. Always travel with good quality rain gear and warm layers. Be especially careful to stay dry. Hypothermia can set in on a windy, wet day, even when it doesn't feel that cold.",USA
"0DEA542F-01B7-4631-8AAD-124161D7B7E6",kowa,Korean War Veterans Memorial,Korean War Veterans Memorial,https://www.nps.gov/kowa/index.htm,"At the Korean War Veterans Memorial, ""Our nation honors her sons and daughters who answered the call to defend a country they never knew and a people they never met.""","",38.88784226,-77.04773857,DC,"GPS Coordinates: 38.887778, -77.047660 Address: 10 Daniel French Dr, SW, Washington, D.C. Nearest Intersection: Independence Ave. & Daniel Chester French Dr. SW",http://www.nps.gov/kowa/planyourvisit/directions.htm,Washington DC gets to see all four seasons. Humidity will make the temps feel hotter in summer and colder in winter. Spring (March - May) Temp: Average high is 65.5 degrees with a low of 46.5 degrees Summer (June - August) Temp: Average high is 86 degrees with a low of 68.5 degrees Fall (September - November) Temp: Average high is 68 degrees with a low of 51.5 degrees Winter (December - February) Temp: Average high is 45 degrees with a low of 30 degrees (Source: www.usclimatedata.com),USA
D50B95B0-11C7-4F0A-8B3A-9BAC66E8F1A7,lyba,LBJ Memorial Grove on the Potomac,LBJ Memorial Grove on the Potomac,https://www.nps.gov/lyba/index.htm,"From this distance the seat of national power appears pristine across the river, so President Johnson came here often when he needed to escape from the stresses of building a Great Society. After he died, his wife chose this place for his memorial. A landscape of serpentine paths, white pines, a granite monolith, and an open meadow honors his legacy of social justice and conservation legislation.","",38.87858036,-77.05145832,DC,"From the southbound lanes of the George Washington Memorial Parkway, follow the sign to turn right to enter the parking lot. This entrance to the park can only be reached from the southbound lanes of the parkway.",http://www.nps.gov/lyba/planyourvisit/directions.htm,"Summers in the park are generally hot and humid, with daytime highs frequently above 90 degrees Fahrenheit and scattered afternoon thunderstorms. Please carry water while participating in physical activity and be prepared to take shelter from lightning. Winters in the park are generally cold, with nighttime lows frequently near freezing and occasional snowfall. Please be alert for snowplows and icy spots on roadways. Weather during spring and fall is generally moderate, but can change quickly.",USA
"5F76F85B-23F4-4616-AA0B-A26E8DE76593",lacl,Lake Clark,Lake Clark National Park & Preserve,https://www.nps.gov/lacl/index.htm,"Lake Clark National Park and Preserve is a land of stunning beauty. Volcanoes steam, salmon run, bears forage, and craggy mountains reflect in shimmering turquoise lakes. Here, too, local people and culture still depend on the land and water. Venture into the park to become part of the wilderness.",National Park and Preserve,60.57405857,-153.55535,AK,"Lake Clark is located on the Alaska Peninsula southwest of Anchorage and north of Katmai National Park. It is not on the road system; therefore, in order to get here you must travel either via plane or by boat. A one to two-hour flight from Anchorage, Kenai, or Homer will provide access to most points within Lake Clark. Fixed-wing aircraft are allowed to land on all suitable lakes, rivers, beaches, gravel bars, and open ground in both the park and preserve unless the area is closed or otherwise restricted.",http://www.nps.gov/lacl/planyourvisit/directions.htm,"Lake Clark has two distinct climate areas: the coast and the interior. The coast is wetter and experiences milder temperatures. The interior gets half to one fourth as much precipitation, but temperatures are hotter in summer and colder in winter. Frost and snow can occur any time parkwide, but are most common from September to early June. Lakes here typically begins freezing in November and melting in April. Ice conditions dictate whether planes need floats or skis to land on lakes.",USA
"7B43EA5B-298C-4BAB-B22D-860B852B40A5",lake,Lake Mead,Lake Mead National Recreation Area,https://www.nps.gov/lake/index.htm,"Experience outdoor thrills amongst striking landscapes and brilliant blue waters. Hike, swim, boat, cycle, camp, fish, volunteer, and learn! This year-round national park spreads across 1.5 million acres of mountains, canyons, valleys and two vast lakes. Just a stone's throw from the dazzling lights of Las Vegas, this extraordinary playground beckons with a symphony of possibilities.",National Recreation Area,35.96622528,-114.3469067,"AZ,NV","By car you can drive to one of the park's many entrances. The six main entrances to Lake Mead are as follows: Northshore, Lake Mead Boulevard, Lake Mead Parkway, and Boulder, Temple Bar, and Meadview. For the southern sections of the park, near Lake Mohave, there are entrance stations at Willow Beach, Katherine Landing and Cottonwood Cove.",http://www.nps.gov/lake/planyourvisit/directions.htm,"Spring (April, May and June): Daytime highs 80 °F to 98 °F. Nighttime lows 50 °F to 66 °F Summer* (July, August and September): Daytime highs 89 °F to 103 °F (It can get up to 117 °F.) Fall (October, November and December): Daytime highs 59 °F to 83 °F. Nighttime lows 32 °F to 50 °F. Winter (January, February and March) Daytime highs 57 °F to 69 °F. Nighttime lows 30 °F to 40 °F. *Summer can be a dangerous time due to excessive heat. Some trails are closed for public safety.",USA
AC3B46AA-B4C2-4555-A82A-D4CF790DF81D,lamr,Lake Meredith,Lake Meredith National Recreation Area,https://www.nps.gov/lamr/index.htm,"Within the dry plains of the Texas Panhandle lies a hidden oasis, a haven where wildlife and people can find relief from the dry grasslands above. Through this plain, the Canadian River has cut dramatic 200-foot canyons, or breaks, where humans lived many years ago. Lake Meredith occupies these hidden coves and provides 7 different habitats for migratory birds and other wildlife.",National Recreation Area,35.61926203,-101.6820066,TX,"There are several ways to arrive at Lake Meredith. If you are coming from Amarillo, exit Loop 335 North, then exit Hwy 136 North to Fritch, Texas. Headquarters is located at 419 E. Broadway in Fritch. If coming from the North, take FM 1913 from the Dumas Highway or FM 1913 from US 287. The Amarillo Airport is approximately 35 miles south of Lake Meredith, if traveling by air. Rental cars are available in Amarillo.",http://www.nps.gov/lamr/planyourvisit/directions.htm,"This area of the Texas Panhandle has a wide variety of weather conditions throughout the year. Winters are cold and windy, with summers being hot and dry. Weather can change rapidly on Lake Meredith. It is usually a good idea to check the weather report and dress accordingly.",USA
B548FF88-8155-4E56-8E77-FB140D06E1EC,laro,Lake Roosevelt,Lake Roosevelt National Recreation Area,https://www.nps.gov/laro/index.htm,"The ancient geologic landscape of the upper Columbia River cradles Lake Roosevelt in walls of stone carved by massive ice age floods. Come explore the shorelines and learn the stories of American Indians, traders and trappers, settlers and dam builders who called this place home. Swim, boat, hike, camp, and fish at this hidden gem in Northeast Washington, created by the Grand Coulee Dam.",National Recreation Area,48.17148735,-118.3513713,WA,"From Spokane Take I-90 West. At Exit 277, merge onto US-2 toward Davenport/Fairchild AFB/Spokane Airport. Just past Wilbur, turn right onto WA-21. Stay left onto Highway 174. Turn right onto WA-155. Stay on WA-155 past Grand Coulee Dam and into the town of Coulee Dam. Cross the Columbia River and continue on WA-155. Turn right onto Crest Drive and follow up the hill. The Headquarters Office is located on the left.",http://www.nps.gov/laro/planyourvisit/directions.htm,"Lake Roosevelt is generally a cool or cold place from fall through spring with overcast skies. In the summer, the skies clear and present warm to hot days. More information on weather can be found under Alerts and Conditions.",USA
"9AA4A53C-0331-43CC-99F5-379BC929FFB2",lavo,Lassen Volcanic,Lassen Volcanic National Park,https://www.nps.gov/lavo/index.htm,"Lassen Volcanic National Park is home to steaming fumaroles, meadows freckled with wildflowers, clear mountain lakes, and numerous volcanoes. Jagged peaks tell the story of its eruptive past while hot water continues to shape the land.",National Park,40.49354575,-121.4075993,CA,"From Interstate 5 (Redding), take Hwy 44 - 48 miles east to the junction of Hwy 89. Follow Hwy 89 south 1 mile to the north entrance of the park. From Interstate 5 (Red Bluff) take Hwy 36 E - 51 miles east to the junction of Hwy 89. Follow Hwy 89 north 6 miles to south entrance of the park.",http://www.nps.gov/lavo/planyourvisit/directions.htm,"Weather at Lassen can vary dramatically throughout the year. Average January temperatures are a high of 40.4 °F (4.7 °C) and a low of 20.8 °F (-6.2 °C). Average July temperatures are a high of 88.4 °F and a low of 49.8 °F. Temperatures reach 90 °F or higher on an average of 36.9 days, and drop to 32 ° or lower on an average of 164 days days annually.",USA
"10AEFADA-AFA0-4998-A9E5-3F504F351AAB",labe,Lava Beds,Lava Beds National Monument,https://www.nps.gov/labe/index.htm,"Lava Beds National Monument is a land of turmoil, both geological and historical. Over the last half-million years, volcanic eruptions on the Medicine Lake shield volcano have created a rugged landscape dotted with diverse volcanic features. More than 800 caves, Native American rock art sites, historic battlefields and campsites, and a high desert wilderness experience await you!",National Monument,41.75915823,-121.5172189,CA,"Lava Beds is a truly remote park, in a corner of California most people never visit. Most roads into this area wind through mountains, and along rivers, and travel may take longer than expected. Services are few and far between and winter driving conditions can be encountered anytime between fall and spring.",http://www.nps.gov/labe/planyourvisit/directions.htm,"Park elevations range from 4,000 to 5,700 feet. Cold weather is possible any time of year, and snow has been recorded in all months. Winter day­time highs average 40°F; lows average 20°F. Morning fog is frequent from autumn through spring. Summer daytime highs average 75° to 80°F; lows average 50°F. Occasional thunderstorms occur in summer.",USA
"5D443C5F-19A0-4A06-9CE4-30534A3DD81A",lecl,Lewis & Clark,Lewis & Clark National Historic Trail,https://www.nps.gov/lecl/index.htm,"The Lewis and Clark National Historic Trail winds nearly 4,900 miles through the homelands of more than 60 Tribal nations. It follows the historic outbound and inbound routes of the Lewis and Clark Expedition of 1803-1806 from Pittsburgh, Pennsylvania to the Pacific Ocean. Follow the trail to find the people, places, and stories that make up the complex legacy of the expedition.",National Historic Trail,41.2646141052,-95.9245147705,"IA,ID,IL,IN,KS,KY,MO,MT,NE,ND,OH,OR,PA,SD,WA,WV","Lewis & Clark National Historic Trail Headquarters Visitor Center is located inside DOI, National Park Service, Interior Region 3,4,5 Office. We are right on the Missouri River next to the Bob Kerrey Pedestrian Bridge in downtown Omaha, NE.",https://www.nps.gov/lecl/,"In winter, watch for ice on trails and sidewalks. In summer, make sure to drink plenty of water and wear sunscreen on hot days. Keep in mind the Trail covers 16 states, use www.weather.gov to look up the specific area you plan to visit.",USA
"2666104A-6685-4F93-9412-8091007BEF6C",lewi,Lewis and Clark,Lewis and Clark National Historical Park,https://www.nps.gov/lewi/index.htm,Explore the timeless rainforests and majestic coastal vistas. Discover the rich heritage of the native people. Unfold the dramatic stories of America's most famous explorers. The park encompasses sites along the Columbia River and the Pacific Coast. Follow in the footsteps of the explorers and have an adventure in history.,National Historical Park,46.21178735,-123.9638583,"OR,WA","The main site of Fort Clatsop is located south of Astoria just over Youngs Bay, east of the town of Warrenton, and approximately 14 miles north of Seaside. Our satellite sites include: Netul Landing, located 1.25 miles south of the main Fort Clatsop site. Middle Village, located on the 101 left off the Astoria-Megler Bridge. Dismal Nitch, located on the 401 right off the Astoria-Megler Bridge. The Salt Works, located off the Lewis and Clark Way in Seaside, Oregon. Keep an eye out for brown signs.",http://www.nps.gov/lewi/planyourvisit/directions.htm,"We see an average of 70 inches of rain a year and we are the foggiest location in the Lower 48 states. Summer months are usually nice with days ranging from 55-70 degrees. Winters are wet and mild, usually 40-55 degrees. During the 106 days the Lewis and Clark Expedition wintered at Fort Clatsop in 1806 it rained all but 12 days and they saw the sun 6 times. While we are usually not so dreary make sure to prepare for rain or shine.",USA
E9A0608F-46D6-4072-939F-C81E27AAB236,libo,Lincoln Boyhood,Lincoln Boyhood National Memorial,https://www.nps.gov/libo/index.htm,Abraham Lincoln grew from youth to manhood on this southern Indiana soil. Many character and moral traits of one of the world's most respected leaders was formed and nurtured here. Explore Lincoln's boyhood and learn about the boy who would one day become the leader of our nation.,National Memorial,38.11817004,-86.99656861,IN,"From the east or west - From Interstate 64, exit onto US 231, (exit 57A). Travel south on US 231 to Indiana Highway 162. Take the Santa Claus/Gentryville exit. Turn west (right) on Indiana Highway 162; go 1-1/2 miles to the park entrance on the right. From the north or south - From US 231 take the Santa Claus/Gentryville exit. Turn west on Indiana Highway 162; go 1-1/2 miles to the park entrance on the right.",http://www.nps.gov/libo/planyourvisit/directions.htm,"Southern Indiana has a moderate climate, characterized by warm, yet moist conditions. Summers are usually warm, and winters cool. Much of the area's average 46 inches of precipitation falls in spring, the rainiest season.",USA
FF52F034-53E3-4F36-AA31-4BEBCC5F007A,liho,Lincoln Home,Lincoln Home National Historic Site,https://www.nps.gov/liho/index.htm,"Abraham Lincoln believed in the ideal that everyone in America should have the opportunity to improve their economic and social condition. Lincoln’s life was the embodiment of that idea. We know him as the sixteenth president but he was also a spouse, parent, and neighbor who experienced the same hopes, dreams, and challenges of life that are still experienced by many people today.",National Historic Site,39.79715642,-89.64513397,IL,The Visitor Center is located at 426 South Seventh Street. The 4-block Lincoln Home Neighborhood is open to pedestrians and closed to vehicles.,http://www.nps.gov/liho/planyourvisit/directions.htm,"Temperatures at our site can range from 0°F (-18°C) in the winter to 95°F (35°C) or warmer in the summer. Summers can be very humid, with both intense sun, rainstorms, and thunderstorms. Winter sees clear skies as well as snow. Please dress appropriate for potential weather conditions. We recommend wearing shoes comfortable for walking.",USA
"1EAEF5FA-8CD4-40D7-8B09-07F20E3E5AA5",linc,Lincoln Memorial,Lincoln Memorial,https://www.nps.gov/linc/index.htm,"""...as in the hearts of the people for whom he saved the Union, the memory of Abraham Lincoln is enshrined forever."" Beneath these words, the 16th president of the United States sits immortalized in marble as an enduring symbol of unity, strength, and wisdom.","",38.88927229,-77.05017778,DC,"GPS Coordinates: 38.889321, -77.050166 Address: 2 Lincoln Memorial Circle, NW, Washington, D.C. Nearest Intersection: Independence Ave. SW & Daniel Chester French Dr. SW",http://www.nps.gov/linc/planyourvisit/directions.htm,"Washington, DC experiences all four seasons. Humidity will make the temps feel hotter in summer and colder in winter. Spring (March - May) Temp: Average high is 65.5 degrees with a low of 46.5 degrees Summer (June - August) Temp: Average high is 86 degrees with a low of 68.5 degrees Fall (September - November) Temp: Average high is 68 degrees with a low of 51.5 degrees Winter (December - February) Temp: Average high is 45 degrees with a low of 30 degrees (Source: www.usclimatedata.com)",USA
"415AA3E1-CE8A-4A24-BD69-451C87107AA4",libi,Little Bighorn Battlefield,Little Bighorn Battlefield National Monument,https://www.nps.gov/libi/index.htm,"This area memorializes the US Army's 7th Cavalry, Crow, and Arikara scouts and the Lakotas, Cheyennes, and Arapaho in one of the American Indian's last armed efforts to preserve their way of life. Here on June 25 and 26 of 1876, 263 soldiers, including Lt. Col. George A. Custer and attached personnel of the US Army, died fighting several thousand Lakota, Cheyenne, and Arapaho warriors.",National Monument,45.55633048,-107.4183614,MT,"Take Interstate I-90 and exit at the Crow Agency Exit 510 at Jct. 212. To reach Little Bighorn Battlefield National Monument, turn right at the park entrance onto Battlefield Tour Road 756.",http://www.nps.gov/libi/planyourvisit/directions.htm,Little Bighorn Battlefield National Monument average weather: Spring: 50-60 (F) degree days/ 30+/- (F) degree nights Summer: 70-100 (F) degree days/ 45-60+ (F) degree nights Fall: 40-50 (F) degree days/ 25+/- (F) degree nights Winter: 20-30 (F) degree days/ 0+/- (F) degree nights,USA
C03CF86E-BFB5-470E-AFF3-C1798A61FFE5,liri,Little River Canyon,Little River Canyon National Preserve,https://www.nps.gov/liri/index.htm,"Little River is unique because it flows for most of its length atop Lookout Mountain in northeast Alabama. Forested uplands, waterfalls, canyon rims and bluffs, pools, boulders, and sandstone cliffs offer settings for a variety of recreational activities. Natural resources and cultural heritage come together to tell the story of the Preserve, a special place in the Southern Appalachians.",National Preserve,34.41461863,-85.61734327,AL,"Little River Canyon National Preserve follows along the Little River and covers approximately 40 miles from the northeast corner to the southwest corner. The easiest way to access the park is by Alabama Highway 35 about 10 miles east out of Fort Payne, Alabama. Interstate 59 is the closest interstate.",http://www.nps.gov/liri/planyourvisit/directions.htm,"The weather in Fort Payne, Alabama is mild. The average temperature in the winter is in the 50's. The average summer temperature is in the high 80's with high humidity. We receive about 55 inches of rain each year. Snowfall varies, but only lasts a few days per event.",USA
"5C51E54A-BCDA-4186-96C3-1B896C3CDFCB",chsc,Little Rock Central High School,Little Rock Central High School National Historic Site,https://www.nps.gov/chsc/index.htm,"In 1957, Little Rock Central High School was the epicenter of confrontation and a catalyst for change as the fundamental test for the United States to enforce African American civil rights following Brown v. Board of Education. Learn how the sacrifice and struggle endured by the Little Rock Nine have provided opportunities and opened doors for those seeking equality and education around the world.",National Historic Site,34.7369465,-92.29987899,AR,"From I-630, take Exit 2B (Dr. Martin Luther King Drive). Go south (away from the Arkansas State Capitol) to W. Daisy L. Gatson Bates Drive. Turn right (head west) and continue 0.5 miles. The Visitor Center is on the right at the corner of W. Daisy Bates Drive and Little Rock Nine Way. Parking lot entrance is located just before the intersection with Park Street, directly across from the historic Magnolia/Mobil Gas Station and diagonally across from Central High School (still a functioning high school).",http://www.nps.gov/chsc/planyourvisit/directions.htm,"Arkansas weather can change quickly. While the state is in a moderate temperate zone, it does experience strong thunderstorms, tornadoes and flash floods. In winter, ""snow"" events tend to quickly turn to thin ice which can be difficult to see and to clear. Summer temperatures and humidity can lead to dehydration, heat exhaustion and heat stroke. Visitors are advised to dress in layers and be prepared for precipitation.",USA
CE9470A1-A8D7-49DE-A555-1A32FBBAB0FF,long,Longfellow House Washington's Headquarters,Longfellow House Washington's Headquarters National Historic Site,https://www.nps.gov/long/index.htm,"Longfellow House-Washington's Headquarters National Historic Site preserves a remarkable Georgian house whose occupants shaped our nation. It was a site of colonial enslavement and community activism, George Washington’s first long-term headquarters of the American Revolution, and the place where Henry Wadsworth Longfellow wrote his canon of 19th-century American literature.",National Historic Site,42.37698854,-71.12636956,MA,"Longfellow House-Washington's Headquarters NHS is located in a residential section of Cambridge, MA. There is very little public parking in the area and onsite parking is limited to vehicles with handicapped parking permits. However, the site is a short walk from Harvard Square, where there are paid parking lots and a station for the MBTA Red Line and numerous bus routes. The use of public transportation to the site is highly recommended. Follow the link for detailed instructions.",http://www.nps.gov/long/planyourvisit/directions.htm,"New England weather is highly variable. Temperatures in the winter can be very cold with high snowfall. Fall and spring are generally pleasant. Summer temperatures are generally mild, with periods of heat and humidity. However, the house is air conditioned and heated for collection care and the comfort of the visitor.",USA
FA6450A4-D2F1-4B35-9817-EA01918597A6,lowe,Lowell,Lowell National Historical Park,https://www.nps.gov/lowe/index.htm,"Lowell’s water-powered textile mills catapulted the nation – including immigrant families and early female factory workers – into an uncertain new industrial era. Nearly 200 years later, the changes that began here still reverberate in our shifting global economy. Explore Lowell, a living testament to the dynamic human story of the industrial revolution.",National Historical Park,42.6455371,-71.31588673,MA,"From Interstate Route 495 take Exit 89C on to the Lowell Connector. From Route 3 take Exit 80A if traveling southbound, Exit 80B if traveling northbound. • Take the Lowell Connector to Exit 5B (Thorndike Street) • Continue right on to Thorndike Street, which becomes Dutton Street • At the third traffic light continue straight under the overpass • At the next light turn right. Free parking is available at the City garage. Follow signs and walk through the mill courtyard to reach the Visitor Center",http://www.nps.gov/lowe/planyourvisit/directions.htm,"Summer: Throughout the summer, temperatures range from the mid 60s to mid 90s during the day, with rain and thunderstorms more common in the months of July and August. Boats and trolleys operate rain or shine and are only cancelled in cases of extreme weather or the presence of thunder and lightning. Winter: Winters are typically cold with temperatures in the mid 30s and 40s (with occasional single digit temperatures) and snow storms with a few inches accumulation occur frequently throughout the season.",USA
"64FF65B7-0847-4495-9464-667CAFBF4D16",lode,Lower Delaware,Lower Delaware National Wild and Scenic River,https://www.nps.gov/lode/index.htm,"The Delaware River, the largest free-flowing river in the eastern United States, runs past forests, farmlands and villages. It also links some of the most densely populated regions in America. In 2000, the National Wild and Scenic River System incorporated key segments of the lower Delaware River to form this unit of the National Park System.",National Wild and Scenic River,40.4000389,-74.983737,"PA,NJ","The Lower Delaware National Wild and Scenic River is located between Interstate 80 (at Portland, Pennsylvania and Columbia, New Jersey) and Interstate 95 (at exit 51 in Washington Crossing, Pennsylvania and exit 1 in Washington Crossing, New Jersey). In Pennsylvania, follow PA-611 and PA-32 to drive along the river. In New Jersey, follow NJ-29 south of Frenchtown for a drive along the river.",http://www.nps.gov/lode/planyourvisit/directions.htm,Spring: Temperatures usually range from lows of 26 F to highs of 80 F with average rainfall of 5 inches. Summer: Temperatures usually range from lows of 55 F to highs of 85 F with average rainfall of 4 inches. Fall: Temperatures usually range from lows of 30 F to highs of 83F. Fall foliage is at its peak sometime in October as daily mountain temperatures vary frequently and influence the change. Winter: Temperatures usually range from lows of 15 F to highs of 49 F.,USA
"3725FD28-4693-481E-888C-855484E73800",loea,Lower East Side Tenement Museum,Lower East Side Tenement Museum National Historic Site,https://www.nps.gov/loea/index.htm,"The Tenement Museum tells the stories of working-class tenement residents, who moved to New York City from other countries and other parts of the country. Their work helped build the city and nation, and their stories help us understand our history. The museum shares these stories through guided tours of recreated tenement apartments, neighborhood walking tours, and virtual tours and programs.",National Historic Site,40.7187683,-73.99001245,NY,"The Lower East Side Tenement Museum, is located at 97 and 103 Orchard Street in the Lower East Side neighborhood of Manhattan, New York City,.",https://www.tenement.org/plan-a-visit/#,Check out the 10 day forecast for New York City!,USA
ECDFABE2-6448-46EA-886E-FE79ACBBF16E,lyjo,Lyndon B Johnson,Lyndon B Johnson National Historical Park,https://www.nps.gov/lyjo/index.htm,"---Lyndon Baines Johnson Lyndon B. Johnson National Historical Park tells the story of our 36th President beginning with his ancestors until his final resting place on his beloved LBJ Ranch. This entire ""circle of life"" gives the visitor a unique perspective into one of America's most noteworthy citizens by providing the most complete picture of any American president.",National Historical Park,30.2519655,-98.60692433,TX,"By car to National Park Headquarters and the Visitor Center in Johnson City: From Austin, take Highway 290 west. From San Antonio, take Highway 281 north. From Fredericksburg, take Highway 290 east. By car to the LBJ Ranch and LBJ State Park and Historic Site: From Johnson City, take Highway 290 fourteen miles west to the LBJ State Park. From Fredericksburg, take Highway 290 sixteen miles east to the LBJ State Park. The nearest major airports are in Austin and San Antonio.",http://www.nps.gov/lyjo/planyourvisit/directions.htm,"Overall, the park enjoys a sunny, mild climate during three seasons of the year. Spring: Temperatures range from 45 F to 85 F (7 C/29 C). Rain is common in April and May. Summer: Temperatures range from 70 F to 95 F (21 C/35 C). Temperatures can exceed 100 F (38 C) in July and August. Lightweight clothing and sunscreen are advisable. Be prepared with plenty of water. Fall: Temperatures range from 45 F to 85 F (7 C/29 C). Winter: Temperatures range from 35 F to 65 F (2 C/18 C) . Snow and ice are rare.",USA
"70090004-4DA3-4E20-8F70-9DE064C2AA69",mawa,Maggie L Walker,Maggie L Walker National Historic Site,https://www.nps.gov/mawa/index.htm,"Maggie Lena Walker devoted her life to civil rights advancement, economic empowerment, and educational opportunities for Jim Crow-era African Americans and women. As a bank president, newspaper editor, and fraternal leader, Walker served as an inspiration of pride and progress. Today, Walker’s home is preserved as a tribute to her enduring legacy of vision, courage, and determination.",National Historic Site,37.54781499,-77.43746979,VA,"Coming west on I-64, take exit 75 to 3rd street, turn right on Leigh St., park on 2nd street. Coming south on I-95, take exit 79 east onto I-64 east to Norfolk, then follow directions coming from the west. Coming east on I-64, take exit 190 to 5th St., Downtown, continue straight on 5th St., turn right on Jackson St., left on 3rd St., right on Leigh St., then right on 2nd St. Coming north on I-95, take exit 76A for Chamberlayne Ave, turn left on Chamberlayne Pkwy, left on Leigh St., then left on 2nd St.",http://www.nps.gov/mawa/planyourvisit/directions.htm,"Summer is hot and humid, spring and winter are pleasant/mild, winter can be cold and occasionally snowy.",USA
A609887A-BB48-47AA-A6F6-4C7F77346FC6,maac,Maine Acadian Culture,Maine Acadian Culture,https://www.nps.gov/maac/index.htm,"Maine Acadians share beliefs and experiences tying them to a common religion, languages, and history. The St. John River, land, and family are essential to their culture. The National Park Service supports the Maine Acadian Heritage Council, an association of historical societies, cultural clubs, towns, and museums that work together to support Maine Acadian culture in the St. John Valley.","",47.25102114,-68.59447532,ME,"The Saint John Valley is located in northern Aroostook County, Maine, 200 miles north of Bangor at the northern terminus of ME 1. It is best reached by private vehicle. From Interstate 95, use exits at Sherman or Smyrna Mills for Route 11 to Fort Kent, or the exit at Houlton for U.S. Route 1 North.",http://www.nps.gov/maac/planyourvisit/directions.htm,"Located in remote northern Maine, Aroostook County experiences all four seasons. Summers temperatures average highs near 75° F (23° C) while winter temperatures average lows often below 0° F (-17° C). Snow falls typically from November through April and averages well over 100 inches of snow per winter.",USA
"6A1737A1-6848-4087-AAF7-68A427247357",maca,Mammoth Cave,Mammoth Cave National Park,https://www.nps.gov/maca/index.htm,"Rolling hills, deep river valleys, and the world's longest known cave system. Mammoth Cave National Park is home to thousands of years of human history and a rich diversity of plant and animal life, earning it the title of UNESCO World Heritage Site and International Biosphere Reserve.",National Park,37.19760458,-86.13090198,KY,DO NOT FOLLOW YOUR GPS! From the North: Take Interstate 65 to Exit 53 (Cave City Exit). Turn right onto KY-70. Follow 70/255 as it becomes the Mammoth Cave Parkway in the park. Follow the Mammoth Cave Parkway to the Visitor Center. From the South: Take Interstate 65 to Exit 48 (Park City Exit). Turn left onto KY-255 and follow 255 as it becomes the Park City Road into the park. Follow Park City Road until it joins the Mammoth Cave Parkway; turn left. Follow the Mammoth Cave Parkway to the Visitor Center.,http://www.nps.gov/maca/planyourvisit/directions.htm,"Kentucky has a moderate climate with warm, yet moist conditions. Summers average in the high 80s; winters average in the low 40s. Southern Kentucky, where Mammoth Cave is located, receives the highest average precipitation for the state, about 50 inches per year, mostly in spring. Winter can bring mild to moderate snow and ice. Storms happen year-round, and can include tornadoes and flooding in low-lying areas, but severe weather is infrequent. The temperature deep in the cave is a constant 54°F (12°C).",USA
"75E4B06E-24C5-4F04-AAB3-F41CF0F55B7A",mana,Manassas,Manassas National Battlefield Park,https://www.nps.gov/mana/index.htm,"On July 21, 1861, two armies clashed for the first time on the fields overlooking Bull Run. Heavy fighting swept away any notion of a quick war. In August 1862, Union and Confederate armies converged for a second time on the plains of Manassas. The Confederates won a solid victory bringing them to the height of their power.",National Battlefield Park,38.81710063,-77.5353468,VA,"Located right off Interstate 66, just 26 miles west of Washington, DC.",http://www.nps.gov/mana/planyourvisit/directions.htm,"Spring: Mild weather, with average low/high temperatures from 33 F to 75 F. Variable rainfall, with May being the wettest month of the year on average. Summer: Warm and humid weather, with average temperatures from 61 F to 88 F. Variable rainfall, with occasional downpours during storms. Fall: Mild weather, with average temperatures from 35 F to 79 F. Variable rainfall. Winter: Mild to cool weather, with average temperatures from 24 F to 47 F. Annual snowfall averages about 22 inches.",USA
E777590D-C086-4A88-B5A2-AAE47DBD6A6F,mapr,Manhattan Project,Manhattan Project National Historical Park,https://www.nps.gov/mapr/index.htm,"The Manhattan Project is one of the most transformative events of the 20th century. It ushered in the nuclear age with the development of the world’s first atomic bombs. The building of atomic weapons began in 1942 in three secret communities across the nation. As World War II waned in 1945, the United States dropped the atomic bombs on Hiroshima and Nagasaki, Japan—forever changing the world.",National Historical Park,35.88096,-106.30214,"NM,WA,TN","Manhattan Project National Historical Park is located in three states: New Mexico, Tennessee, and Washington. For more information on accessing each of these three units, visit our Directions & Transportation page.",https://www.nps.gov/mapr/planyourvisit/directions.htm,"The Manhattan Project National Historical Park has units in Hanford, WA, Los Alamos, NM, and Oak Ridge, TN. Check local weather conditions at each unit before you visit.",USA
"249AF67F-BB6C-4D0A-B632-07BEE855D24B",manz,Manzanar,Manzanar National Historic Site,https://www.nps.gov/manz/index.htm,"In 1942, the United States government ordered more than 110,000 men, women, and children to leave their homes and detained them in remote, military-style camps. Manzanar War Relocation Center was one of ten camps where the US government incarcerated Japanese immigrants ineligible for citizenship and Japanese American citizens during World War II.",National Historic Site,36.72559195,-118.1547177,CA,"Manzanar is located on the west side of U.S. Highway 395, 9 miles north of Lone Pine, California and 6 miles south of Independence, CA.",http://home.nps.gov/manz/planyourvisit/directions.htm,"Manzanar is located in the Owens Valley at 4,000' elevation, at the eastern base of the Sierra Nevada. We get little precipitation but we do have four distinct seasons. Summer temperatures can soar over 100 degrees. Winter highs are usually in the 40's. Nighttime temperatures year round are 30 to 40 degrees less than daytime highs. High winds are common in any season.",USA
AB289D4C-AC48-4C83-8643-45E1FCAAAEB1,mabi,Marsh - Billings - Rockefeller,Marsh - Billings - Rockefeller National Historical Park,https://www.nps.gov/mabi/index.htm,"Experience Vermont’s only National Park while it is bejeweled in vibrant fall colors. Take in the yellows, oranges and reds of hard wood forests while you experience the changing season and reflect on the story of stewardship, of people taking care of places. Hike the trails and participate in the many fall programs and share in an enduring connection to the land.",National Historical Park,43.63348732,-72.53424638,VT,"Parking is at the Billings Farm & Museum Overflow Parking lot. If using a GPS, please enter ""69 Old River Rd, Woodstock, VT 05091"". If you'd like to watch the park film, begin your visit at the Billings Farm & Museum Visitor Center. To enter the National Park, take the paved path to the right of the Billings Farm & Museum Visitor Center, walk up and cross the street, and then take the left fork to reach the Marsh-Billings-Rockefeller National Historical Park Carriage Barn Visitor Center.",http://www.nps.gov/mabi/planyourvisit/directions.htm,"The weather in Vermont is dramatic and varied depending on location, terrain, distance from a body of water like Lake Champlain, and elevation and can change from year to year. In the Woodstock area, summer daily high temperatures range between 60 to 80 degrees, with some days reaching into the 90s. Winter is Vermont's longest season and temps in winter vary more than those in summer. Common to experience freezing temperatures from Nov to March, many sub-zero days, seasonal snowfall averages 80 inches.",USA
"855C9CDC-89B3-4143-9496-D9E6AE292CA1",mlkm,"Martin Luther King, Jr. Memorial","Martin Luther King, Jr. Memorial",https://www.nps.gov/mlkm/index.htm,"Located in downtown Washington, DC, the memorial honors Martin Luther King, Jr.'s legacy and the struggle for freedom, equality, and justice. A prominent leader in the modern civil rights movement, Dr. King was a tireless advocate for racial equality, working class, and the oppressed around the world.","",38.8862276865,-77.0442195534,DC,"GPS Coordinates: 38.886298, -77.044415 GPS navigation: 1850 West Basin Drive SW, Washington, D.C. 20024 Nearest Intersection: West Basin Drive SW & Independence Ave. SW",http://www.nps.gov/mlkm/planyourvisit/directions.htm,Washington DC gets to see all four seasons. Humidity will make the temps feel hotter in summer and colder in winter. Spring (March - May) Temp: Average high is 65.5 degrees with a low of 46.5 degrees Summer (June - August) Temp: Average high is 86 degrees with a low of 68.5 degrees Fall (September - November) Temp: Average high is 68 degrees with a low of 51.5 degrees Winter (December - February) Temp: Average high is 45 degrees with a low of 30 degrees (Source: www.usclimatedata.com),USA
"59636FCE-DE81-4D98-890C-585BD48F9AD0",malu,"Martin Luther King, Jr.","Martin Luther King, Jr. National Historical Park",https://www.nps.gov/malu/index.htm,"Welcome to Martin Luther King, Jr. National Historical Park & Preservation District A young boy grows up in a time of segregation… He is moved by destiny into leadership of the modern civil rights movement. This was Martin Luther King, Jr. Explore his roots, walk in his footsteps, visit the home of his birth, and where he played as a child. Hear his voice in the church where he changed the world.",National Historical Park,33.75618241,-84.37256768,GA,The park is accessible via public transportation and by car.,http://www.nps.gov/malu/planyourvisit/directions.htm,Summers typically are warm and humid with average afternoon high temperatures are in the lower 90s. During winter the high temperatures average from the mid-50s to the lower 60s. Lows average in the mid-30s. Spring and Autumn seasons are characterized by much variability from day to day and from year to year. The average date of first freeze is in mid-November and the date of the last freeze is mid to late March.,USA
C1713EAF-0437-4CE1-8CFB-04147E1318F3,mava,Martin Van Buren,Martin Van Buren National Historic Site,https://www.nps.gov/mava/index.htm,"Today, Martin Van Buren is an obscure man, often little more than a footnote. In pre-Civil War America, however, it was impossible not to have an opinion of him. Van Buren was central to the creation of America's political parties and to the largest crisis of his time, slavery. The above quote is from Davy Crockett, one of many Americans trying to understand the Red Fox of Kinderhook.",National Historic Site,42.36819596,-73.70834257,NY,The park entrance road is located off of route 9H about two miles south of Kinderhook Village. GPS Coordinates: 42° 22' 52'' N -73° 42' 13'' W,http://www.nps.gov/mava/planyourvisit/directions.htm,The weather at Martin Van Buren National Historic Site is typical of the northeast United States; it varies considerably throughout the year. Always check the forecast prior to your visit and dress accordingly. Be sure to wear comfortable walking shoes.,USA
"1D530576-5363-4264-9A26-1C0809DB0B6A",mamc,Mary McLeod Bethune Council House,Mary McLeod Bethune Council House National Historic Site,https://www.nps.gov/mamc/index.htm,"Mary McLeod Bethune achieved her greatest recognition at the Washington, DC townhouse that is now this National Historic Site. The Council House was the first headquarters of the National Council of Negro Women (NCNW) and was Bethune’s last home in Washington, DC. From here, Bethune and the NCNW spearheaded strategies and developed programs that advanced the interests of African American women.",National Historic Site,38.90819107,-77.03096742,DC,From Baltimore and Points North: Take the Baltimore-Washington Parkway south to US Route 50 west (which becomes New York Avenue). Take New York Avenue to Massachusetts Avenue and continue west. Turn right onto 13th Street. Go one block and turn left onto 'N' Street. Go another block and turn right onto Vermont Avenue. 1318 is one half block up the street on the left. Street parking is limited and restricted. Please read the street signs carefully.,http://www.nps.gov/mamc/planyourvisit/directions.htm,Winter: Temperatures usually range from 30 to 50 F. There is occasional snow. Spring: Temperatures usually range widely from 40 to 70 F. Rain is common. Summer: Temperatures usually range from 70 to 90 F. Humidity is usually high. Be prepared and drink plenty of water. There is a water fountain in the visitor center. Fall: Temperatures usually range widely from 40 to 70 F. Humidity can remain high in the earlier part of the season.,USA
"01DE3F7C-354D-4468-AC36-2CF5274AB68E",memy,Medgar and Myrlie Evers Home,Medgar and Myrlie Evers Home National Monument,https://www.nps.gov/memy/index.htm,"Medgar and Myrlie Evers were partners in the civil rights struggle. The assassination of Medgar Evers in the carport of their home on June 12, 1963, was the first murder of a nationally significant leader of the American Civil Rights Movement, and it became a catalyst for passage of the Civil Rights Act of 1964. Myrlie Evers continued to promote issues of racial equality and social justice.",National Monument,32.34096274,-90.21264553,MS,"The national monument is located in Jackson, Mississippi, off Medgar Evers Blvd., approximately 1.5 miles southeast of I-220. If you wish to collect an NPS passport cancellation stamp, visit Mississippi Civil Rights Museum at 222 North Street, less than 5 miles drive from the national monument.",http://www.nps.gov/memy/planyourvisit/directions.htm,Spring: Temperatures usually range from 50 F to 83 F. Rain is common. Summer: Be prepared for heat and humidity. Temperatures usually range from 70 F to 95 F. Thunderstorms are common. Fall: Temperatures usually range from 55 F to 79 F. Winter: Temperatures range from 40 F to 63 F. Rain is common.,USA
BE3A981E-BB55-474D-8A0E-D711408682DC,meve,Mesa Verde,Mesa Verde National Park,https://www.nps.gov/meve/index.htm,"For over 700 years, the Ancestral Pueblo people built thriving communities on the mesas and in the cliffs of Mesa Verde. Today, the park protects the rich cultural heritage of 27 Pueblos and Tribes and offers visitors a spectacular window into the past. This World Heritage Site and International Dark Sky Park is home to over a thousand species, including several that live nowhere else on earth.",National Park,37.23908345,-108.4624032,CO,"Mesa Verde National Park is in Southwest Colorado. The park entrance and the Visitor and Research Center are located ten miles east of Cortez, nine miles west of Mancos, and about 35 miles west of Durango, Colorado along Hwy 160. Mesa top ancestral sites, Cliff dwellings, tours, and the Mesa Verde Museum are 20 to 21 miles (approximately 45 minutes) south along the park road which which is steep, narrow, and winding.",http://www.nps.gov/meve/planyourvisit/directions.htm,"SPRING: This season offers a range of weather including clear skies, wind, rain, cloudy days and temperatures from 40–70°F (4–21° C). Snow may fall into May. SUMMER: Most days are sunny and temperatures can reach above 90°F (32°C) . Thunderstorms are common in July and August. FALL: Temperatures range from 50–75°F (10–24°C). Snow may fall as early as October. WINTER: Temps range from the teens to low 30s F (below -1°C) . Icy roads are common. Snow tires, all-wheel drive, or chains may be required.",USA
"0260D050-761A-4446-AB05-641986F9FDFB",misp,Mill Springs Battlefield,Mill Springs Battlefield National Monument,https://www.nps.gov/misp/index.htm,The US won a significant victory early in the Civil War at the Battle of Mill Springs. Explore the rolling fields of Kentucky where the battle took place and learn about that state's strategic importance to both sides of the fight.,National Monument,37.0688158602,-84.7375361304,KY,"The address of the Visitor Center and Museum is 9020 West Highway 80, Nancy, Kentucky 42544. The Visitor Center and Museum is located approximately eight miles west of Somerset, Kentucky along KY-80. Next door is the Mill Springs National Cemetery. Zollicoffer Park (Core Battlefield) is one mile due south of the Visitor Center along KY-235. From the Visitor Center, turn right onto KY-80 W head 0.3 of a mile. Turn left onto State Hwy 235 go 1 mile, Zollicoffer Park will be on your left.",https://www.nps.gov/misp/planyourvisit/directions.htm,"Nancy, Kentucky, on average, gets 50 inches of rain per year and 11 inches of snow. July is usually the warmest month with temperatures around 86 F. January can reach a low of 25 F.",USA
FE52067B-EBB9-4FD2-B613-FE778985BAD9,miin,Minidoka,Minidoka National Historic Site,https://www.nps.gov/miin/index.htm,"During World War II, over 120,000 people of Japanese ancestry were forcibly removed from their homes and incarcerated without due process of law. Although little remains of the barbed-wire fences and tar-papered barracks, the Minidoka concentration camp once held over 13,000 Japanese Americans in the Idaho desert. Minidoka preserves their legacy and teaches the importance of civil liberties.",National Historic Site,42.678,-114.2465,"ID,WA","Minidoka National Historic Site is located between the towns of Twin Falls and Jerome, Idaho in south central Idaho.",http://www.nps.gov/miin/planyourvisit/directions.htm,"Jerome and Twin Falls, Idaho, gets 10 inches of rain per year. On average, there are 213 sunny days per year here. The July high is around 94 degrees. The January low is 22. High winds are common, and little shade is available at the site.",USA
"3AB31FA9-E174-4A03-952D-397944D3A3C8",mima,Minute Man,Minute Man National Historical Park,https://www.nps.gov/mima/index.htm,"At Minute Man National Historical Park the opening battle of the Revolution is brought to life as visitors explore the battlefields and structures associated with April 19, 1775, and witness the American revolutionary spirit through the writings of the Concord authors.",National Historical Park,42.4562778,-71.30738884,MA,"Minute Man National Historical Park is located just off of I-95, exit 46B (old exit 30B), Rt 2A west, starting in Lexington, then west through Lincoln and into Concord.",https://www.nps.gov/mima/planyourvisit/directions-transportation.htm,"New England weather can be quite unpredictable, so check the regional weather forecasts before you plan your trip. Winters can range in temperature from 20 - 50 degrees Fahrenheit. Summers are quite humid and range in temperature from 60 - 90 degrees Fahrenheit. Beware of ticks as they can be active year round.",USA
"5DE19B04-85AD-4C3A-93BF-A0D484B1AD91",mimi,Minuteman Missile,Minuteman Missile National Historic Site,https://www.nps.gov/mimi/index.htm,"During the Cold War, a vast arsenal of nuclear missiles were placed in the Great Plains. Hidden in plain sight, for thirty years 1,000 missiles were kept on constant alert; hundreds remain today. The Minuteman Missile remains an iconic weapon in the American nuclear arsenal. It holds the power to destroy civilization, but is meant as a nuclear deterrent to maintain peace and prevent war.",National Historic Site,43.89558013,-102.0272131,SD,"Minuteman Missile National Historic Site is located at three sites along a fifteen mile stretch of Interstate 90 in western South Dakota. The Visitor Center is located immediately north of I-90, exit 131. The two historic sites which make up the park are four miles (Launch Control Facility Delta-01) and 15 miles (Launch Facility Delta-09) from the Visitor Center. No public transportation systems serve the park.",http://www.nps.gov/mimi/planyourvisit/directions.htm,"Rapid weather changes are common in the western South Dakota area where Minuteman Missile National Historic Site is located. Variations from season to season and from year to year are great. Characteristics of the climate are hot dry summers and bitterly cold winters. Wind is a constant on the Great Plains, winds in excess of 50 mph not uncommon. During the winter season, winds typically blow from the north-northwest and have been known to cause wind chills in excess of -40 degrees.",USA
"913100E9-987E-4659-8124-DFCEE3158FCB",miss,Mississippi,Mississippi National River & Recreation Area,https://www.nps.gov/miss/index.htm,"In the middle of a bustling urban setting, this 72 mile river park offers quiet stretches for fishing, boating and canoeing, birdwatching, bicycling, and hiking. And there are plenty of visitor centers and trails that highlight the fascinating human history of the Mississippi River. This a great place to start your exploration of this important river.",National River and Recreation Area,44.942487,-93.098712,MN,"Limited metered street parking is available on nearby streets near park headquarters. Several parking ramps are available nearby including the Kellogg Square parking ramp. The Mississippi River Visitor Center is located in the lobby of the Science Museum of Minnesota (120 Kellogg Blvd West, St. Paul, MN).",http://www.nps.gov/miss/planyourvisit/directions.htm,"Minnesota has a continental climate characterized by cold winters and warm summers. Spring brings moderate temperatures and low humidity. Summer days may reach temperatures of more than 100°F (38°C), but are usually pleasant with temperatures in the low to mid-80°F (25-30°C). Autumn brings dry, warm days, cool nights and gorgeous fall colors. Winter daytime highs are around 25°F (-3°C). Rarely, winter daytime high temperatures may not get above -10°F (-23°C), sometimes with strong winds.",USA
D43C7439-5C0B-4F4F-9D5B-65080F13AD28,mnrr,Missouri,Missouri National Recreational River,https://www.nps.gov/mnrr/index.htm,"Imagine a 100-mile stretch of North America's longest river, a vestige of the untamed American West. The Missouri National Recreational River is where imagination meets reality. Two free flowing stretches of the Missouri make up the National Park. Relive the past by exploring the wild, untamed and mighty river that continues to flow as nature intended.",National Recreational River,42.7882189,-97.59077822,"SD,NE","The National Park Service headquarters is located at 508 East Second Street in Yankton, South Dakota.",http://www.nps.gov/mnrr/planyourvisit/directions.htm,"Rapid weather changes are common along the Missouri National Recreational River corridor. Variations from season to season and from year to year are great. Characteristics of the climate are hot summers and cold winters. Sunshine is abundant, particularly in the summer months. Average annual rainfall is 25 inches. Thunderstorms can be dangerous and visitors should be prepared for them, especially from June until late August. Winter snowfall averages 34 inches annually.",USA
D509DC08-53AD-4661-A2EA-FC69BE456E50,moja,Mojave,Mojave National Preserve,https://www.nps.gov/moja/index.htm,"Mojave preserves a diverse mosaic of ecological habitats and a 10,000 year history of human connection with the desert. Offering extensive opportunities to experience desert landscapes, the preserve promotes understanding and appreciation for the increasingly threatened resources of the Mojave Desert. This remote preserve encourages a sense of discovery and a connection to wild places.",National Preserve,35.12485941,-115.5168258,CA,"Note: There is no fuel inside the Preserve. Please fill up with gas BEFORE you enter. Park headquarters in Barstow, California is 60 miles from the Preserve, and offers maps, a bookstore and information. Our main visitor center, Kelso Depot, is located inside the Preserve, 95 miles east of Barstow, and 90 miles west of Las Vegas, at the intersection of Kelso-Cima and Kelbaker Roads.",http://www.nps.gov/moja/planyourvisit/directions.htm,"Mojave Desert experiences change with the seasons. In winter, freezing temperatures and strong winds can be expected, with rain and snow in the mountains. With enough moisture, spring wildflowers may carpet the desert floor with vivid colors. Summers are hot, and temperatures above 100 degrees Fahrenheit are typical. In summer, adventurers head for the higher elevations such as Mid-Hills and the New York Mountains. The cooler temperatures of fall mark hunting season.",USA
"8F17B3D6-BFA2-49F2-B553-C10B2B3A3EED",mono,Monocacy,Monocacy National Battlefield,https://www.nps.gov/mono/index.htm,"During the summer of 1864, the Confederacy carried out a bold plan to turn the tide of the Civil War in their favor. They planned to capture Washington, DC and influence the election of 1864. On July 9, however, Federal soldiers outnumbered three to one, fought gallantly along the banks of the Monocacy River in an effort to buy time for Union reinforcement to arrive in Washington, DC.",National Battlefield,39.36084236,-77.39637677,MD,From the North (U.S. 15) or West (Hagerstown): Use I-70 east and take Exit 54. Bear right then take a left onto Rt. 355. The visitor center will be on the left. From the East (Baltimore): Use I-70 west and take Exit 54. Bear left then take a left onto Rt. 355. The visitor center will be on the left. From the South (Washington): Use I-270 north to I-70 east and take Exit 54. Bear right then take a left onto Rt. 355. The visitor center will be on the the left.,http://www.nps.gov/mono/planyourvisit/directions.htm,Spring (March - May) Temperatures: Average high is 67 degrees with a low of 53 degrees Summer (June - August) Temperatures: Average high is 87 degrees with a low of 65 degrees Fall (September - November) Temperatures: Average high is 68 degrees with a low of 48 degrees Winter (December - February) Temperatures: Average high is 45 degrees with a low of 27 degrees (Source: www.usclimatedata.com),USA
D87E3D6F-8007-46F0-971A-B3BC191CC888,moca,Montezuma Castle,Montezuma Castle National Monument,https://www.nps.gov/moca/index.htm,"Established December 8, 1906, Montezuma Castle is the third National Monument dedicated to preserving Native American culture. This 20 room high-rise apartment, nestled into a towering limestone cliff, tells a story of ingenuity, survival and ultimately, prosperity in an unforgiving desert landscape.",National Monument,34.62237771,-111.8147857,AZ,"Montezuma Castle: Follow I-17 to exit 289 (90 minutes north of Phoenix, 45 minutes south of Flagstaff). Drive east (through two traffic circles) for approximately 1/2 mile to the blinking red light. Turn left onto Montezuma Castle Road. Montezuma Well: Follow I-17 to exit 293 (north of the exit for Montezuma Castle). Continue through the towns of McGuireville and Rimrock, following the signs for 4 miles to the entrance to the Well.",http://www.nps.gov/moca/planyourvisit/directions.htm,"Summer: Hot. Temperatures range from 95°F (35°C) to 115°F (46°C). Nighttime temperatures can be much cooler, around 70°F (21°C). From late June through early August, heavy rains called monsoons are common in the afternoons. Winter: Cool. Highs average around 55°F (13°C); lows may be in the teens (-10°C). Snow is rare, but possible. For detailed information, visit the National Weather Service: http://forecast.weather.gov/MapClick.php?lat=34.61151944900047&lon=-111.8389592099997#.Vi_FZX6rSUk",USA
"617A3B73-D7CD-449D-8E27-41DE3BF149A6",mocr,Moores Creek,Moores Creek National Battlefield,https://www.nps.gov/mocr/index.htm,"In the early morning hours of February 27, 1776, Loyalist forces charged across a partially dismantled Moores Creek Bridge. Beyond the bridge, nearly 1,000 North Carolina Patriots waited quietly with cannons and muskets poised to fire. This battle marked the last broadsword charge by Scottish Highlanders and the first significant victory for the Patriots in the American Revolution.",National Battlefield,34.45820776,-78.11031134,NC,"Moores Creek National Battlefield is located 20 miles NW of Wilmington, North Carolina. · From Highway 17, follow US 421 to NC 210, then West on NC 210 · From Interstate 40, take exit 408 (NC 210) West at Rocky Point. · From Interstate 95 North, take exit 13-A for NC 74 East towards Wilmington. · From Interstate 95 South: take exit 81-B for I-40 East towards Wilmington. · From Fayetteville, North Carolina, take Interstate 95 South to Exit 13-A Questions please call us as 910-283-5591 x2234",http://www.nps.gov/mocr/planyourvisit/directions.htm,"Currie, North Carolina has mild Winters and moderate to hot Summers with varying humidity.",USA
AD731EF0-685F-4397-88C1-A9BB21EBF034,mopi,Mormon Pioneer,Mormon Pioneer National Historic Trail,https://www.nps.gov/mopi/index.htm,"Explore the Mormon Pioneer National Historic Trail across five states to see the 1,300-mile route traveled by Mormons who fled Nauvoo, Illinois, to the Great Salt Lake Valley in 1846-1847.",National Historic Trail,41.2650321741,-101.84083756,"IL,IA,NE,UT,WY","The Mormon Pioneer National Historic Trail crosses five states following the route the Pioneer Company of 1846-1847 established from Nauvoo, Illinois, to Salt Lake City, Utah, covering about 1,300 miles.",http://www.nps.gov/mopi/planyourvisit/directions.htm,"Due to the length of the Mormon Pioneer National Historic Trail, be sure to consult local weather sources for the region you'll be visiting. Check out the forecast with the National Weather Service and search for the area you'd like to visit: weather.gov",USA
D68D9424-CD32-434F-88BF-3069ADFB2744,morr,Morristown,Morristown National Historical Park,https://www.nps.gov/morr/index.htm,"Morristown National Historical Park commemorates the sites of General Washington and the Continental army’s winter encampment of December 1779 to June 1780, where they survived through what would be the coldest winter on record. The park also maintains a museum & library collection related to the encampments & George Washington, as well as items relating to pre- and post-Revolutionary America.",National Historical Park,40.7650755,-74.53455122,NJ,"Morristown National Historical Park is easiest to see by car. There are four different sites throughout the greater Morristown area. Washington's Headquarters Museum / Ford Mansion and Fort Nonsense are located in Morristown. The Jockey Hollow unit with its visitor center and historic Wick House; and the New Jersey Brigade Area are both about 6 miles south of Morristown, Detailed directions can be found on the park website.",http://www.nps.gov/morr/planyourvisit/directions.htm,"Weather in this part of New Jersey is typical of the mid-Atlantic region--a humid continental climate with hot, humid summers and moderately cold winters.",USA
"07229CB8-8533-4669-B614-2B884779DD93",mora,Mount Rainier,Mount Rainier National Park,https://www.nps.gov/mora/index.htm,"Ascending to 14,410 feet above sea level, Mount Rainier stands as an icon in the Washington landscape. An active volcano, Mount Rainier is the most glaciated peak in the contiguous U.S.A., spawning five major rivers. Subalpine wildflower meadows ring the icy volcano while ancient forest cloaks Mount Rainier’s lower slopes. Wildlife abounds in the park’s ecosystems. A lifetime of discovery awaits.",National Park,46.86075416,-121.7043885,WA,"Mount Rainier National Park is located in west-central Washington state. Several major cities in Washington- Seattle, Tacoma, and Yakima- and Portland, Oregon, are within 200 miles of the park. For GPS to Nisqually Entrance use: 39000 State Route 706 E, Ashford, WA 98304.",http://www.nps.gov/mora/planyourvisit/directions.htm,"Weather patterns at Mount Rainier are strongly influenced by the Pacific Ocean and elevation. The climate is generally cool and rainy, with summer highs in the 60s and 70s. While July and August are the sunniest months of the year, rain is very likely in spring, fall, and winter. Visitors should be aware that mountain weather is very changeable. In the higher elevations, like Paradise, winter can last from November to May with many feet of snow on the ground.",USA
"5590468F-2446-4B46-A8C1-42505177C298",moru,Mount Rushmore,Mount Rushmore National Memorial,https://www.nps.gov/moru/index.htm,"Majestic figures of George Washington, Thomas Jefferson, Theodore Roosevelt and Abraham Lincoln, surrounded by the beauty of the Black Hills of South Dakota, tell the story of the birth, growth, development and preservation of this country. From the history of the first inhabitants to the diversity of America today, Mount Rushmore brings visitors face to face with the rich heritage we all share.",National Memorial,43.88037021,-103.4525186,SD,"Visitors traveling by car from the East use Exit 61 off I-90 follow signs. Coming from the West use exit 57 exit at Rapid City and follow U.S. Highway 16 southwest to Keystone and then Highway 244 to Mount Rushmore. Visitors coming from the south should follow Highway 385 north to Highway 244, which is the road leading to the memorial.",http://www.nps.gov/moru/planyourvisit/directions.htm,"Weather at Mount Rushmore can be highly variable in any season. Summer high temperatures range from 70 to 100 degrees Fahrenheit. Fall high temperatures range from 45 to 80 degrees Fahrenheit. Winter high temperatures range from 20 to 40 degrees Fahrenheit. Spring high temperatures range from 30 to 70 degrees Fahrenheit. July and August are the warmest months, December and January the coldest. March and April receive the most snow, while May and June receive the most rain.",USA
"126A6227-E39F-44F4-A279-B1EA257CBCDA",muwo,Muir Woods,Muir Woods National Monument,https://www.nps.gov/muwo/index.htm,"Walk among old growth coast redwoods, cooling their roots in the fresh water of Redwood Creek and lifting their crowns to reach the sun and fog. Federally protected as a National Monument since 1908, this primeval forest is both refuge and laboratory, revealing our relationship with the living landscape. What will you discover in Muir Woods?",National Monument,37.89658027,-122.5808047,CA,From San Francisco: Muir Woods is located 11 miles north of the Golden Gate Bridge. Take Hwy 101 North --> Mill Valley/Highway 1/ Stinson Beach Exit --> Follow the signs to Hwy 1 --> Follow the signs to Muir Woods From the East Bay: Take Hwy 580/Richmond/San Rafael Bridge West --> Hwy 101 South --> Take the Stinson Beach/Mill Valley Exit --> Follow the signs to Highway 1 --> Follow the signs to Muir Woods Vehicles over 35 feet long are prohibited. Vehicles over 17ft need an oversized parking spot.,http://www.nps.gov/muwo/planyourvisit/directions.htm,"The coast redwood forest is cool most times of the year with temperatures ranging from 40 - 70 F/ 4 - 21 C. Always come prepared with layers. From late October to early May, expect cool weather & possible rain. Summer months (June-August) can be warmer, but it is generally cool and dry. Expect heavy fog in the morning, burning off in the afternoon. Often, the fall (September-October) is the warmest time of year.",USA
"259CE799-32C4-4CA9-BBDF-2F305018289C",natc,Natchez,Natchez National Historical Park,https://www.nps.gov/natc/index.htm,"Discover the history of all the peoples of Natchez, Mississippi, from European settlement, African enslavement, the American cotton economy, to the Civil Rights struggle on the lower Mississippi River.",National Historical Park,31.54697621,-91.39040665,MS,"Natchez National Historical Park Headquarters and the Natchez Visitor Center is located at the intersection of U.S. Highway 84 and Canal Street in Natchez, MS. Melrose Estate is located at 1 Melrose-Montebello Parkway, Natchez, MS 39120. The William Johnson House is located at 212 State Street, Natchez, MS 39120.",http://www.nps.gov/natc/planyourvisit/directions.htm,"Spring: Temperatures usually range from 50 F to 83 F. Rain is common. Summer: Temperatures usually range from 70 F to 95 F. Rain and sun are equally common. On very sunny days, be prepared with plenty of water - heat exhaustion is common if you are not prepared. Fall: Temperatures usually range from 55 F to 79 F. Winter: Temperatures range from 40 F to 63 F. Rain is common.",USA
"3ACC9199-1234-4E50-B80E-65DB783B4BB7",natt,Natchez Trace,Natchez Trace National Scenic Trail,https://www.nps.gov/natt/index.htm,"The Natchez Trace National Scenic Trail is five sections of hiking trail running roughly parallel to the 444-mile long Natchez Trace Parkway scenic motor road. The foot trails total more than 60 miles and offer opportunities to explore wetlands, swamps, hardwood forest, and the history of the area. For What's Open What's Close visit www.nps.gov/natr/planyourvisit/what-is-open-what-is-closed.htm",National Scenic Trail,34.330290333,-88.7100104094,"AL,MS,TN","Directions to the Natchez Trace National Scenic Trail vary greatly depending on what section you are trying to reach. For specific questions concerning how to get to a certain section or trail head of the National Scenic Trail, please call the Visitor Center at 1-800-305-7417.",http://www.nps.gov/natt/planyourvisit/directions.htm,"Mississippi, Alabama, and most of Tennessee are classified as humid subtropical climates. The weather ranges from mild winters to hot summers. Average high temperatures reach into the high 80's in summer, and into the high 40's in winter. Thunderstorms are common in Mississippi, especially in the southern part of the state, and from June through November, the state is occasionally affected by hurricanes moving north from the Gulf of Mexico. Check local forecasts to plan your trip.",USA
E8A0F0B6-983F-4B9A-9A67-BFF6F9E4204A,natr,Natchez Trace,Natchez Trace Parkway,https://www.nps.gov/natr/index.htm,"The Natchez Trace Parkway is a 444-mile recreational road and scenic drive through three states. It roughly follows the ""Old Natchez Trace,"" a historic travel corridor used by American Indians, ""Kaintucks,"" European settlers, slave traders, soldiers, and future presidents. Today, people can enjoy a scenic drive as well as hiking, biking, horseback riding, and camping along the Parkway.",Parkway,33.78002293,-89.03092439,"AL,MS,TN","Directions to the Natchez Trace Parkway vary depending on what part of the tri-state Parkway you are trying to reach. There are more than 50 roads that access the Parkway in Tennessee, Alabama, and Mississippi. For specific questions concerning how to get to a certain portion of the Parkway, please call the Visitor Center at 1-800-305-7417.",http://www.nps.gov/natr/planyourvisit/directions.htm,"Mississippi, Alabama, and most of Tennessee are classified as humid subtropical climates. The weather ranges from mild winters to hot summers. Average high temperatures reach into the high 90's in summer and often heat indices are over 100 degrees F. Winters are mild with daytime temperatures around 50 F but lows below freezing are not uncommon. Thunderstorms are common in the southeast and the southern part of Mississippi is occasionally affected by hurricanes. Check local forecasts to plan your trip.",USA
BA3C1A1D-AA6A-49EB-9237-0222CEEE2670,nace,National Capital Parks-East,National Capital Parks-East,https://www.nps.gov/nace/index.htm,"Welcome to National Capital Parks-East. We invite you to journey to the parks east of the Capitol of Washington, D.C. National Capital Parks-East consists of 14 park sites, parkways and statuary covering more than 8,000 acres of historic, cultural, and recreational parklands from Capitol Hill to the nearby Maryland suburbs.","",38.8659,-76.994,DC,"DC295 South to the Exit for I-694/I-395/Capitol Hill then a left Exit 4B to 11th St SE/MLK Jr Ave. Turn Left at light onto 11st/MLK JR. ** I-295 North to Exit 4B to 11th St SE/MLK Jr Ave. Turn Right at the light. ** From downtown DC: I-395 to I-695/SW Freeway, take Exit 1C 11th St SE. Turn Right onto 11th St ** ** At the light turn Right onto Good Hope Road. At the Stop Sign turn Left. Turn Left at the next road way.",http://www.nps.gov/nace/planyourvisit/directions.htm,"Summers are generally hot and humid, with daytime highs frequently above 90 degrees Fahrenheit, high humidity, and scattered afternoon thunderstorms. Winters are generally cold, with nighttime lows frequently near freezing and occasional snowfall. Weather during spring and fall is generally moderate, but can change quickly.",USA
"1E521374-B73C-41CD-B524-89E4AC6495F5",nama,National Mall and Memorial Parks,National Mall and Memorial Parks,https://www.nps.gov/nama/index.htm,"This is where the nation comes to remember and where history is made. As “America’s Front Yard,” the National Mall and Memorial Parks is home to many of our country’s most iconic memorials telling the story of people and events that shaped us as a nation. Each year, millions of people come to recreate, commemorate presidential legacies, honor our veterans, and make their voices heard.","",38.8899,-77.026,DC,"National Mall and Memorial Parks preserves more than one thousand acres of federal parkland in Washington, DC, including: the Washington Monument, Lincoln Memorial, Jefferson Memorial, Franklin Delano Roosevelt Memorial, Martin Luther King, Jr. Memorial, Vietnam Veterans Memorial, Korean War Veterans Memorial, DC War Memorial, and East and West Potomac Parks; Pennsylvania Avenue National Historic Site, Ford's Theatre National Historic Site.",http://www.nps.gov/nama/planyourvisit/directions.htm,"Washington, DC has all four seasons. Humidity will make the temps feel hotter in summer and colder in winter. Spring (March - May) Temp: Average high is 65.5 degrees with a low of 46.5 degrees Summer (June - August) Temp: Average high is 86 degrees with a low of 68.5 degrees. Can get into the 100s. Fall (September - November) Temp: Average high is 68 degrees with a low of 51.5 degrees Winter (December - February) Temp: Average high is 45 degrees with a low of 30 degrees (Source: www.usclimatedata.com)",USA
"6E71B72E-4F2F-495D-9225-A6634E6C2EB1",npsa,National Park of American Samoa,National Park of American Samoa,https://www.nps.gov/npsa/index.htm,"The National Park of American Samoa invites you to discover the vibrant culture and stunning landscapes of the South Pacific. Experience a world unlike any other, where natural beauty and cultural heritage are protected for future generations. Join us in exploring these islands of sacred earth!","",-14.22865935,-169.8503777,AS,"The visitor center is located in the village of Pago Pago, across from the Pago Way Service Station. The national park is located in the villages of Vatia, Pago Pago, Fagasa, Afono (on Tutuila Island), Fitiuta, Faleasao (on Ta'u Island), and Ofu Island",http://www.nps.gov/npsa/planyourvisit/upload/NPSA-Visitor-Guide_web-January-2015.pdf,"American Samoa is in the South Pacific Ocean, between the Equator and the Tropic of Capricorn. A tropical climate prevails with warm or hot temperatures year-round and high humidity. Rain showers are frequent and can last only for a few minutes or all-day. The average annual rainfall is 125-inches in the dryer areas to as much as 300-inches in the highest mountains. Tropical storms are more prevalent during the long, wet summer season (October -May) and a slightly cooler and drier season (June-September)",USA
"186BF51D-FA34-4DD7-A967-233CB32547B8",npnh,National Parks of New York Harbor,National Parks of New York Harbor,https://www.nps.gov/npnh/index.htm,"These 12 sites preserve more than 400 years of American history! We invite you to explore the past and investigate its relevance in our lives today. From the birth of American democracy to the evolution of commerce, harbor defense, ecology and immigration, the breadth of themes commemorated through the National Parks of New York Harbor reflect the richness and diversity of our heritage.","",40.6632,-74.0451,NY,"For specific directions to each of the twelve national parks in New York Harbor please check their webpages. To get to our offices at Federal Hall National Memorial: The main entrance of Federal Hall is located at 26 Wall Street, near the corner of Wall Street and Nassau Street. The rear entrance, which is wheelchair accessible, is located at 15 Pine Street, near the intersection of Pine Street and Nassau Street. It is highly recommended that all visitors use mass transit when traveling to Federal Hall.",https://www.nps.gov/npnh/planyourvisit/directions.htm,Check out the weather here for New York City: https://www.accuweather.com/en/us/new-york/10021/daily-weather-forecast/349727?page=0,USA
"5A4DD23B-8B4F-4212-957E-C59FE4165457",nabr,Natural Bridges,Natural Bridges National Monument,https://www.nps.gov/nabr/index.htm,"Three majestic natural bridges invite you to ponder the power of water in a landscape usually defined by its absence. View them from an overlook, or hit the trails and experience their grandeur from below. Declared a National Monument in 1908, the bridges are named ""Kachina,"" ""Owachomo"" and ""Sipapu"" in honor of the ancestral Puebloans who once made this place their home.",National Monument,37.6045329,-110.0022436,UT,"The entrance to Natural Bridges is at the end of UT 275, which is roughly 35 miles west of Blanding, Utah, on UT 95. Driving time from Blanding is roughly 45 minutes.",http://www.nps.gov/nabr/planyourvisit/directions.htm,"Natural Bridges is part of the Colorado Plateau, a ""high desert"" region that experiences wide temperature fluctuations, sometimes over 40 degrees in a single day. The temperate (and most popular) seasons are spring (April-May) and fall (mid-September-October), when daytime highs average 60 to 80 F and lows average 30 to 50 F. Summer temperatures often exceed 100 F, making strenuous exercise difficult. Winters are cold, with highs averaging 30 to 50 F, and lows averaging 0 to 20 F.",USA
C4F477D4-D34A-486B-BC6C-94FB2FAA8D67,nava,Navajo,Navajo National Monument,https://www.nps.gov/nava/index.htm,"For centuries, the Hopi, San Juan Southern Paiute, Zuni, and Navajo people have inhabited the canyons. Springs fed into farmlands on the canyon floor and homes were built in the natural sandstone alcoves. The cliff dwellings of Betatakin, Keet Seel, and Inscription House were last physically occupied around 1300 AD but the villages have a spiritual presence that can still be felt today.",National Monument,36.71755643,-110.5504015,AZ,"Drive 9 Miles at the end of AZ Highway 564, off US Highway 160.",http://www.nps.gov/nava,"Check weather updates at NOAA.gov and enter city Betatakin, and State, Arizona.",USA
"848DFACA-B486-4BC4-AD71-C834F7713793",nebe,New Bedford Whaling,New Bedford Whaling National Historical Park,https://www.nps.gov/nebe/index.htm,"""The town itself is perhaps the dearest place to live in, in all New England..nowhere in all America will you find more patrician-like houses, parks and gardens more opulent, than in New Bedford…all these brave houses and flowery gardens came from the Atlantic, Pacific, and Indian oceans. One and all, they were harpooned and dragged up hither from the bottom of the sea."" H. Melville, ""Moby-Dick""",National Historical Park,41.63540552,-70.92322321,MA,"New Bedford Whaling National Historical Park Visitor Center is centrally located in downtown New Bedford at 33 William Street. If you're arriving by car, take I-195 and use Exit 25, following signs for Downtown New Bedford. Parking is available in nearby garage or street parking around the visitor center. If you’re traveling by public transportation, the local SRTA buses service the downtown area, with stops close to the visitor center. Once in the area, the Visitor Center is a short walk.",https://www.nps.gov/nebe/planyourvisit/directions.htm,"In New Bedford, Massachusetts, you’ll experience all four seasons in their full glory! Summers are warm and pleasant, with temperatures ranging from 56°F to 83°F, perfect for enjoying the coastal breeze. As the year turns, fall brings crisp, cool weather, with temperatures between 30°F and 70°F, offering the ideal backdrop for stunning autumn foliage. Winters are chilly, with temperatures ranging from 20°F to 45°F, occasionally bringing snow to the scenic city. By spring, the weather begins to warm up again",USA
CF83E09C-3E55-4B5A-9D8B-E833CF6FEB5A,neen,New England,New England National Scenic Trail,https://www.nps.gov/neen/index.htm,"From the Sound to the summits: the New England Trail covers 235 miles from Long Island Sound across long ridges to scenic mountain summits in Connecticut and Massachusetts. The trail offers panoramic vistas and close-ups of New England’s natural and cultural landscape: traprock ridges, historic village centers, farmlands, unfragmented forests, quiet streams, steep river valleys and waterfalls.",National Scenic Trail,42.2915819137,-72.5242767334,"MA,CT","More than 100 public roads cross the New England Trail, and there are trail head parking areas at or near many of these crossings. Detailed Trail Maps are available from Appalachian Mountain Club and Connecticut Forest & Park Association. For Massachusetts maps, visit the AMC Berkshire Chapter; for Connecticut, visit the CFPA Bookstore. Direct access by bus is available at several points in Connecticut and Massachusetts. Train service is available at two points – in Guilford, CT and Northampton, MA.",https://newenglandtrail.org/interactive-map/,"Temperatures range from warm, humid summer days to cold New England winter days.",USA
D0F897A0-9545-4901-A1B8-7128E11A51FA,pine,New Jersey Pinelands,New Jersey Pinelands National Reserve,https://www.nps.gov/pine/index.htm,"This is truly a special place. It's classified as a United States Biosphere Reserve and in 1978 was established by Congress as the country’s first National Reserve. It includes portions of seven southern New Jersey counties, and encompasses over one-million acres of farms, forests and wetlands. It contains 56 communities, from hamlets to suburbs, with over 700,000 permanent residents.",National Reserve,39.9384,-74.625,NJ,"The Pinelands National Reserve includes portions of seven southern New Jersey counties, and encompasses over one-million acres of farms, forests and wetlands. It contains 56 communities, from hamlets to suburbs, with over 700,000 permanent residents.",http://www.nj.gov/pinelands/about/direct/,"Spring: 50-70F, sunny with some rain Summer: 70-90F, mostly sunny with some rain Winter: 0-35F, snow is common Fall: 50-70F",USA
CB014DE3-3483-4E36-BC35-3CC7E9F60529,jazz,New Orleans Jazz,New Orleans Jazz National Historical Park,https://www.nps.gov/jazz/index.htm,"Discover the roots of jazz at the New Orleans Jazz National Historical Park. Located in the heart of the French Quarter, our park offers live performances, exhibits, and programs that celebrate the legacy of America's unique musical art form. Immerse yourself in the vibrant history and culture of jazz, a sound that continues to inspire the world. Join us in preserving and celebrating the music!",National Historical Park,29.96303129,-90.06749669,LA,"The park's operations have moved to the Jean Lafitte NHP&P French Quarter Visitor Center located at 419 Decatur St., New Orleans. The visitor center is open 9:30 am - 4:30 pm, Tuesday through Saturday. The visitor center on Decatur Street, between St. Louis and Conti Streets. We are near the statue of Bienville.",http://www.nps.gov/jazz/planyourvisit/directions.htm,"All temperatures in degrees Fahrenheit. Note that relative humidity, especially in summer months, can reach 90%, so summertime temperatures can feel 10-20 degrees hotter than actual temperature. Average high & low temperatures by month: January - 62-44 February - 68-48 March - 74-56 April - 79-62 May - 86-69 June - 91-75 July - 92-77 August - 92-77 Sept - 90-74 Oct - 82-65 Nov - 72-53 Dec - 66-50",USA
"62389727-B407-49A8-8EE9-FE6A6491B395",neph,New Philadelphia,New Philadelphia National Historic Site,https://www.nps.gov/neph/index.htm,"To a casual observer, New Philadelphia looked like a typical Illinois pioneer town. But a closer look revealed a unique and racially diverse community. New Philadelphia was the first US town platted and registered by an African American. A formerly enslaved man, Free Frank McWorter, founded New Philadelphia in 1836 and purchased freedom for himself and 15 family members.",National Historic Site,39.69803,-90.96131,IL,"New Philadelphia National Historic Site is in rural western Illinois between the Mississippi and Illinois rivers near Interstate 72. The site can be reached by turning onto 306th Lane from County Highway 2. An informational kiosk is immediately on the left after turning onto 306th Lane. The small city of Barry lies two miles west and has the nearest services. Hannibal, Missouri, is 27 miles west. Springfield, Illinois, is 76 miles east. St. Louis lies about 115 miles south.",https://www.nps.gov/neph/planyourvisit/directions.htm,"Temperatures at our site can range from 0°F (-18°C) in the winter to 95°F (35°C) or warmer in the summer. Summers can be very humid, with intense sun, rainstorms, thunderstorms possible. Snow and occasional blizzard conditions are possible in the winter. Please dress appropriately for potential weather conditions and plan ahead.",USA
"28F155F2-5116-4E4F-9E21-E8CBCFA5FF49",neri,New River Gorge,New River Gorge National Park & Preserve,https://www.nps.gov/neri/index.htm,"A rugged, whitewater river flowing northward through deep canyons, the New River is among the oldest rivers on the continent. The park encompasses over 70,000 acres of land along the New River, is rich in cultural and natural history, and offers an abundance of scenic and recreational opportunities.",National Park and Preserve,37.86878554,-80.99956002,WV,"To reach Park Headquarters take Route 19 North from Beckley to the Glen Jean exit. Upon exiting Rt 19, make an immediate left turn. At the next intersection, turn right. Park Headquarters will be straight ahead on the right. GPS Coordinates for Headquarters: 81.15587W, 37.92775N PLEASE NOTE: Third party search and map apps may direct you to an potentially inaccessible area of the park with no amenities or rangers stations. Please refer to the Visitor Center or Park Headquarters addresses for directions.",http://www.nps.gov/neri/planyourvisit/directions.htm,"Weather in the Appalachian Mountains can be unpredictable and can change quickly. Always be prepared for the possibility of sudden storms. Weather in the mountains is often cooler and wetter than the surrounding area. On average, the warmest month is July. The maximum average precipitation also occurs in July.",USA
"05F2A0A7-317D-4C4F-95D6-F046BE96310C",nepe,Nez Perce,Nez Perce National Historical Park,https://www.nps.gov/nepe/index.htm,"Since time immemorial, the valleys, prairies, mountains, and plateaus of the inland northwest have been home to the nimíipuu (Nez Perce) people. Extremely resilient, they survived the settling of the United States and adapted to a changed world. Nez Perce National Historical Park consists of 38 places important to the history and culture of the nimíipuu. Explore these places. Learn their stories.",National Historical Park,46.07019093,-115.8761258,"ID,MT,OR,WA","Driving south bound on U.S. Highway 95 you will find the Visitor Center 10 miles from Lewiston, ID. Roughly one mile after crossing the Clearwater River you will find the park entrance on your left. When driving north on U.S. Highway 95 the Visitor Center will be 3 miles north of Lapwai, ID. The park entrance will be on your right.",http://www.nps.gov/nepe/planyourvisit/directions.htm,"Elevations in the Park range from 700 feet above sea level to over 8,000, providing a wide range of climatic conditions, that follow the four seasons. Be prepared for very warm weather in the summer months, in particular in the river valleys. The spring and fall are moderate and comfortable. Winter conditions can be severe in the higher elevations, with snow and ice making travel difficult and dangerous. Please visit the National Weather Service for comprehensive weather information.",USA
C8E59368-4CCA-4513-B2C5-D055BC0DA491,nico,Nicodemus,Nicodemus National Historic Site,https://www.nps.gov/nico/index.htm,"Formerly enslaved African Americans left Kentucky at the end of the post-Civil War Reconstruction period to experience freedom in the ""Promised Land"" of Kansas. Nicodemus represents the involvement of African Americans in the homesteading movement across the Great Plains. It is the oldest and only remaining Black settlement west of the Mississippi River.",National Historic Site,39.39167606,-99.61680329,KS,Nicodemus National Historic Site is located in northwestern Kansas on Highway 24 between Hill City and Stockton.,http://www.nps.gov/nico/planyourvisit/directions.htm,"Northwest Kansas has a four season climate typified by long, hot summers, cold winters, short spring and fall seasons, and nearly constant breeze. Humidity is relatively low compared to the eastern portion of the state. Afternoon thunderstorms with lightning, hail, and gusty winds frequently occur during the spring and summer. Tornados are possible but are less common in Kansas than they are in several other states. In the event of a tornado seek shelter immediately. Winter snow accumulation is usually l",USA
"1291920D-2428-4FEA-9670-7EBC45284A59",nisi,Ninety Six,Ninety Six National Historic Site,https://www.nps.gov/nisi/index.htm,Settlers struggled against the harsh backcountry to survive. Cherokee Indians hunted and fought to keep their land. Two towns and a trading post were formed then abandoned to the elements. And two Revolutionary War battles claimed over 100 lives. Come discover the 18th century history of South Carolina.,National Historic Site,34.14273587,-82.01636079,SC,"2 miles south of Ninety Six, SC on Hwy 248. For more detailed information, click on ""Directions Details"" below.",http://www.nps.gov/nisi/planyourvisit/directions.htm,Temperatures for the area range from very hot and humid in the summer to cool and moderate in the winter.,USA
"406594CB-1532-45CD-82EA-0C03FD2F0422",niob,Niobrara,Niobrara National Scenic River,https://www.nps.gov/niob/index.htm,"With a little something for everyone, the Niobrara National Scenic River is a destination for crossing adventures off your bucket list. Most popular for river recreation, you can float the Niobrara River on a canoe, tube, or kayak as a beginner and have a blast. Hiking, biking, and wildlife watching keep our visitors busy. Oh! And we haven't even told you about the waterfalls yet.",National Scenic River,42.79413083,-99.91870646,NE,"Most visitors start their trip in the city of Valentine, Nebraska. Valentine is 76 miles south of I-90 (Murdo, SD Exit) on Hwy 83; or 130 miles north of I-80 (North Platte, NE Exit) on Hwy 83. The nearest major airports are in Rapid City, SD (220 miles); Denver, CO (391 miles); and Omaha, NE (300 miles)",http://www.nps.gov/niob/planyourvisit/directions.htm,"Summer (June-August): highs - low 80s to low 100s; lows - 50s to 60s, with occasional thunderstorms and associated strong winds. Moderate dry winds are common in the summer. 8.3"" is average summer rainfall. Winter (November-April): Average highs 20-30s, average lows 0-10s with 5.5""/month average snowfall. Spring (April/May) and Fall (September/October) have cooler temperatures: average highs 60-70s, average lows 30-40s with 7.3"" average rain/snowfall.",USA
C9AA17CC-3152-464A-A9E2-494368086045,noat,Noatak,Noatak National Preserve,https://www.nps.gov/noat/index.htm,"As one of North America's largest mountain-ringed river basins with an intact ecosystem, the Noatak River environs feature some of the Arctic's finest arrays of plants and animals. The river is classified as a National Wild and Scenic River. It offers stunning wilderness float-trip opportunities - from deep in the Brooks Range to the tidewater of the Chukchi Sea.",National Preserve,68.01027053,-159.831694,AK,"Noatak National Preserve is a very remote area. There are no roads that provide access. Commercial airlines provide service from Anchorage to Kotzebue or Fairbanks to Bettles. Once in Kotzebue or Bettles, you must fly to the preserve with various air taxi operators. There are scheduled flights to villages and chartered flights to remote park areas. Summer access may include motorized/non-motorized watercraft, aircraft, or by foot.",http://www.nps.gov/noat/planyourvisit/directions.htm,"Snow, rain, and freezing temperatures can occur any time of the year. Always travel with good quality rain gear and warm layers. Be especially careful to stay dry. Hypothermia can set in on a windy, wet day, even when it doesn't feel that cold.",USA
"80EB184D-4B6D-4AD2-B6E2-CAAD6312B27D",noca,North Cascades,North Cascades National Park,https://www.nps.gov/noca/index.htm,"Less than three hours from Seattle, an alpine landscape beckons. Discover communities of life adapted to moisture in the west and recurring fire in the east. Explore jagged peaks crowned by more than 300 glaciers. Listen to cascading waters in forested valleys. Witness a landscape sensitive to the Earth's changing climate. Help steward the ecological heart of the Cascades.",National Park,48.71171756,-121.2069423,WA,"Access to North Cascades National Park and Ross Lake National Recreation Area is from the State Route 20 corridor. SR 20 (North Cascades Highway) connects with Interstate 5 (Exit 230) at Burlington. From the east, the highway intersects with US 97 at Okanogan and with SR 153 at Twisp. The State Department of Transportation closes a portion of the road between Ross Dam Trailhead and Lone Fir Campground in winter. The Lake Chelan National Recreation Area (Stehekin) is accessible by ferry or plane from Chelan.",http://www.nps.gov/noca/planyourvisit/directions.htm,The best weather for visiting the North Cascades generally occurs between mid-June and late-September. Summer daytime temperatures average in the 70's F. Snow is off most trails by mid-July. Autumn and Spring are popular for color and wildlife. Storms are common: always be prepared for a few days of rain and wind. The east side of the Cascade Mountains (Lake Chelan National Recreation Area) is drier and warmer in the summer than the west side. Summer temperatures at Stehekin reach the 90's F.,USA
"4BE453C2-6527-484F-90D6-98057901EBDF",noco,North Country,North Country National Scenic Trail,https://www.nps.gov/noco/index.htm,"Come to the North Country. Trek the hills and valleys. Stand on the shores of lakes & streams from glaciers 10,000 years before. Clear-flowing water, red/gold of autumn, a fairyland of snow, open prairies, and distant horizons paint the land. Historic sites along the way tell how America settled and grew as a nation. From North Dakota to Vermont, adventure is never far away.",National Scenic Trail,46.334400743,-90.8165630499,"MI,MN,ND,NY,OH,PA,VT,WI",There are numerous trailheads to access the trail. Find North Country Trail Association's Maps and Trails Data to help you get there at https://northcountrytrail.org/trail/maps.,http://www.nps.gov/noco/planyourvisit/directions.htm,"With the trail going through more than 4,800 miles through eight states from the Northeast to the Great Plains, weather along the trail can be highly variable. You could be subject to any kind of weather or temperature related emergency depending on your location and the season. Be careful to protect yourself from heat-related illnesses and hypothermia while out on the trail. Be mindful of lightning, severe storms, and other environmental hazards common to the “North Country.”",USA
EE2565D2-D745-4EF7-8814-21DF448427AD,obed,Obed,Obed Wild & Scenic River,https://www.nps.gov/obed/index.htm,"The Obed Wild and Scenic River looks much the same today as it did when the first white settlers strolled its banks in the late 1700s. While meagerly populated due to poor farming soil, the river was a hospitable fishing and hunting area for trappers and pioneers. Today, the Obed stretches along the Cumberland Plateau and offers visitors a variety of outdoor recreational opportunities.",Wild and Scenic River,36.1056026037,-84.5979170501,TN,"The Obed Wild & Scenic River Visitor Center is located at 208 North Maiden Street in downtown Wartburg, Tennessee. Please use the link for more information.",http://www.nps.gov/obed/planyourvisit/directions.htm,"The weather along the Cumberland Plateau can be best described as unpredictable. Each season brings its own weather patterns. Summers are generally hot and humid, with high temperatures sometimes eclipsing 90 degrees. The low temperatures in winter often dip below freezing. Spring sees the most amount of precipitation, but rainfall can occur in various amounts throughout the year.",USA
"81AFEB37-7119-4BF1-B65B-806BAB973FFD",ocmu,Ocmulgee Mounds,Ocmulgee Mounds National Historical Park,https://www.nps.gov/ocmu/index.htm,"Welcome to Ocmulgee Mounds National Historical Park. This park is a prehistoric American Indian site, where many different American Indian cultures occupied this land for thousands of years. American Indians first came here during the Paleo-Indian Period hunting Ice Age mammals. Around 900 CE, the Mississippian Period began, and people constructed mounds for their elite, which remain here today.",National Historical Park,32.83816576,-83.60224853,GA,"Drive on I-75 to Macon. Exit I-75 onto I-16 east (exit on left) . Get off I-16 at exit 2 (Coliseum Drive), take a left under the highway and proceed to where Coliseum Dr. ends at Emery Highway. Turn right on Emery Highway and proceed to the third light. Our entrance is on the right side of the road.",https://www.nps.gov/ocmu/planyourvisit/directions.htm,Macon has a humid subtropical climate (Köppen climate classification Cfa). The average high temperature ranges from 46 to 58°F (7.7 to 14.4°C) in January and 82 to 91°F (27.7 to 32.7°C) in July. Winters are mild. Temps ranging from 30 degrees to 50 degrees. Spring is mild but wet. Temps ranging from 50 degrees to low 70 degrees. Summers are hot and very humid. Temp ranging from upper 80 degrees to 100 degrees. Fall is pleasant. Temps ranging from 60 to 80 degrees.,USA
"5837B4BA-86B4-4162-803C-E9DF325D5FC6",okci,Oklahoma City,Oklahoma City National Memorial,https://www.nps.gov/okci/index.htm,"The outdoor symbolic memorial is a place of quiet reflection, honoring victims, survivors, rescuers, and all who were changed forever on April 19, 1995. It encompasses the now sacred soil where the Alfred P. Murrah Federal Building once stood, capturing and preserving forever the place and events that changed the world.",National Memorial,35.473,-97.5171,OK,"The Memorial & Museum are located at 6th St. and Harvey Ave in Oklahoma City, OK.",http://www.nps.gov/okci/planyourvisit/directions.htm,"Summers are very warm with temperatures averaging mid-high 90’s. Also, be mindful of the heat index. Spring weather brings mild temperatures, 60’s-70’s, but the ability to produce severe storms that could include heavy rains, strong winds, hail, and tornadoes. While winters are generally mild delivering temperatures in the 30’s and 40’s, the wind chill can be brutal. No matter the season you are planning to visit, be prepared for the winds to be gusting.",USA
"8B07C05F-9C4A-4799-8428-DFA2BBB733AC",olsp,Old Spanish,Old Spanish National Historic Trail,https://www.nps.gov/olsp/index.htm,"Follow the routes of mule pack trains across the Southwest on the Old Spanish National Historic Trail between Santa Fe, New Mexico, and Los Angeles, California. New Mexican traders moved locally produced merchandise across what are now six states to exchange for mules and horses.",National Historic Trail,37.0791782514,-112.114693431,"AZ,CA,CO,NV,NM,UT","You can visit many sites of the Old Spanish National Historic Trail over the 2,700-mile historic route that crosses 6 states.",http://www.nps.gov/olsp/planyourvisit/directions.htm,"Due to the length of Old Spanish National Historic Trail, be sure to consult local weather sources for the region you'll be visiting. Check out the forecast with the National Weather Service and search for the area you'd like to visit: weather.gov",USA
"81CFE898-AD06-4C0D-8A9B-C8D356273F0D",olym,Olympic,Olympic National Park,https://www.nps.gov/olym/index.htm,"With its incredible range of precipitation and elevation, diversity is the hallmark of Olympic National Park. Encompassing nearly a million acres, the park protects a vast wilderness, thousands of years of human history, and several distinctly different ecosystems, including glacier-capped mountains, old-growth temperate rain forests, and over 70 miles of wild coastline. Come explore!",National Park,47.80392754,-123.6663848,WA,You can reach Olympic National Park via the I-5 corridor or by any one of the quieter state roadways. Once you arrive on the Olympic Peninsula connect to Hwy 101 to reach any destinations in and around Olympic National Park. From Olympia: take I-5 to Hwy 101 From Tacoma: take State Route 16 to Bremerton; take State Route 3 north from Bremerton to State Route 104. From Washington/Oregon Coast connect to Hwy 101 in Aberdeen.,http://www.nps.gov/olym/planyourvisit/directions.htm,"Summers tend to be fair and warm, with high temperatures between 65 and 75 degrees F. July, August and September are the driest months, with heavier precipitation during the rest of the year. While winters are mild at lower elevation, snowfall can be heavy in the mountains. It is common for different weather conditions to exist within the park at the same time. At any time of year, visitors should come prepared for a variety of conditions.",USA
"480702B9-E8B5-45A1-ACB4-7B044C13F7A2",orca,Oregon Caves,Oregon Caves National Monument & Preserve,https://www.nps.gov/orca/index.htm,"Deep within the Siskiyou Mountains are dark, twisting passages that await your discovery. Eons of acidic water seeping into marble rock created and decorated the wondrous “Marble Halls of Oregon.” Join a tour, get a taste of what caving is all about, and explore a mountain from the inside and out!",National Monument and Preserve,42.10319143,-123.4018586,OR,"Take 199 to Cave Junction, Oregon. Turn onto OR-46 (a Chevron gas station is on the corner). Follow OR-46 for 20 miles to the Monument and Preserve.",http://www.nps.gov/orca/planyourvisit/directions.htm,For current weather conditions visit https://forecast.weather.gov/MapClick.php?lat=42.07376224008719&lon=-123.3984375&site=mfr&smap=1&unit=0&lg=en&FcstType=text#.YCGJRWhKjIV,USA
"4E072F12-3E85-4219-B456-A8F04C688879",oreg,Oregon,Oregon National Historic Trail,https://www.nps.gov/oreg/index.htm,"Imagine yourself an emigrant headed for Oregon: would promises of lush farmlands and a new beginning lure you to leave home and walk for weeks? More than 2,000 miles of trail ruts and traces can still be seen along the Oregon National Historic Trail in six states and serve as reminders of the sacrifices, struggles, and triumphs of early American settlers.",National Historic Trail,41.9876977831,-109.634200841,"ID,KS,MO,NE,OR,WA,WY","More than 2,000 miles of trail ruts and traces can still be seen along the Oregon National Historic Trail in six states- reminders of the sacrifices, struggles, and triumphs of early American settlers.",http://www.nps.gov/oreg/planyourvisit/directions.htm,"Due to the length of the Oregon National Historic Trail, be sure to consult local weather sources for the region you'll be visiting. Check out the forecast with the National Weather Service and search for the area you'd like to visit: weather.gov",USA
"8A4FA0D4-A3BE-4AE2-8303-1936D9BA1E29",orpi,Organ Pipe Cactus,Organ Pipe Cactus National Monument,https://www.nps.gov/orpi/index.htm,"Look closely. Look again. The sights and sounds of Organ Pipe Cactus National Monument, an International Biosphere Reserve, reveal a thriving community of plants and animals. Human stories echo throughout the Sonoran Desert, chronicling thousands of years of desert living. A wilderness hike, a scenic drive, or a night of camping will expose you to a living desert abounding with hidden life.",National Monument,32.03585543,-112.8573314,AZ,"The Kris Eggle Visitor Center is located on Highway 85 approximately 25 miles south of Why, AZ and 5 miles north of Lukeville, AZ, just before the US-Mexico Border.",http://www.nps.gov/orpi/planyourvisit/directions.htm,"Summer months are hot, with temperatures exceeding 100F during the day and night-time temperatures in the high 70's. Winter months are milder, with temperatures in the 70s during the day and 30's to 40's in the evening.",USA
BAB8E761-8BB9-4DFF-9D38-5D4BA9AB2BD4,ovvi,Overmountain Victory,Overmountain Victory National Historic Trail,https://www.nps.gov/ovvi/index.htm,"Stretching 330-miles through four states (Virginia, Tennessee, North and South Carolina) the Overmountain Victory National Historic Trail traces the route used by Patriot militia during the pivotal Kings Mountain campaign of 1780. Follow the campaign by utilizing a Commemorative Motor Route which uses existing state highways marked with the distinctive trail logo, or 87 miles of walkable trails.",National Historic Trail,35.14044,-81.377,"NC,SC,TN,VA",The trail travels over 330 miles through four states.,http://www.nps.gov/ovvi/planyourvisit/directions.htm,Temperatures for the area range from very hot and humid in the summer to cool and moderate in the winter.,USA
"5536A389-5457-4E3F-84E2-D67861BB34D9",oxhi,Oxon Cove Park & Oxon Hill Farm,Oxon Cove Park & Oxon Hill Farm,https://www.nps.gov/oxhi/index.htm,"The diverse history of Maryland and our national heritage can be experienced at Oxon Cove Park. Through hands-on programs and other activities, you can experience farm life and how its changed over time. Explore how the park evolved from a plantation home during the War of 1812, to a hospital farm, to the park you can visit today.","",38.80578214,-77.01131457,MD,"While our mailing address is on Oxon Hill Road, the parking lot entrance to the park is on Bald Eagle Road. Bald Eagle Road can be accessed from the Capital Beltway (I-495/I-95), as well as Indian Head Highway (MD-210) and Oxon Hill Road (MD-414). For detailed directions, please visit our website at http://www.nps.gov/oxhi/planyourvisit/directions.htm",http://www.nps.gov/oxhi/planyourvisit/directions.htm,"Make sure that you wear appropriate shoes and clothing. Closed-toe shoes are recommended, sneakers or comfortable boots are best. Dress for the season, light clothes in summer, layers in spring and fall, and warm coats in winter. Cooler days are often the best days to visit Oxon Hill Farm if you’re interested in seeing farm animals or wildlife out and about. There are still lots of things to see and do on hotter days, just make sure to keep hydrated and take frequent breaks.",USA
CEC2A157-CDDC-4F11-BBE5-0AA2CEA35ADB,ozar,Ozark,Ozark National Scenic Riverways,https://www.nps.gov/ozar/index.htm,"Ozark National Scenic Riverways is the first national park area to protect a river system. The Current and Jacks Fork rivers are two of the finest floating rivers found anywhere. Spring-fed, cold and clear: they are a delight to canoe, swim, boat, or fish. Besides these two famous rivers, the park is home to hundreds of freshwater springs, caves, trails, and historic sites such as Alley Mill.",National Scenic Riverways,37.13968894,-91.25709817,MO,"Visitor centers can be found at the following locations: Big Spring Entrance Station - 3 miles south of Van Buren on Highway 103 Alley Mill & Store - 12185 Alley Hollow Road Round Spring Ranger Station - 13209 Round Spring Campground Rd Administrative offices for Ozark National Scenic Riverways are located at 404 Watercress Drive, Van Buren, MO 63965. This location does not offer a visitor center - tourists should instead go to the Big Spring Entrance Station.",http://www.nps.gov/ozar/planyourvisit/directions.htm,"Ozark National Scenic Riverways is located in southeastern Missouri. Summer temperatures generally range from 75-100 degrees (°F) with high humidity. Winter temperatures generally range from 0-50 (°F) degrees with periods of intermittent freezing and snow. Periods of excessive heat are typical in summer, while heavy rains or flooding can occur throughout the year. Be sure to plan accordingly when camping, hiking, or floating.",USA
"7F7E12D2-E295-41D2-8446-BBF5EEF2F8F2",pais,Padre Island,Padre Island National Seashore,https://www.nps.gov/pais/index.htm,"Protecting sixty-six miles of wild coastline along the Gulf of Mexico, the narrow barrier island is home to one of the last intact coastal prairie habitats in the United States. Along the hypersaline Laguna Madre, unique tidal mud flats teem with life. Native Americans, Spanish explorers and cattle ranchers have walked along its shores. Padre Island National Seashore is waiting to be rediscovered.",National Seashore,27.05381186,-97.35901135,TX,"The National Seashore is located on North Padre Island, southeast of the city of Corpus Christi, Texas. Visitors to the area should head east through Corpus Christi on Highway 358. After crossing the JFK Causeway onto Padre Island, Highway 358 changes to Park Road 22. Continue about 10 miles south on Park Road 22 to reach the park entrance.",http://www.nps.gov/pais/planyourvisit/directions.htm,"Padre Island has long, hot summers and short, mild winters. Summers are very humid. Winter can bring strong cold fronts and gale force winds. Most rain falls near the beginning and end of hurricane season (Jun 1 - Nov 30). Average seasonal temperatures (Fahrenheit): Spring - high 70s-80s, low 50s-60s; Summer - high mid-90s, low 70s; Fall - high 70s-80s, low 50s-60s; Winter - high 50s-70s, low 30s-40s. Year-round, average wind speed ranges from 5-25 miles per hour. Relative humidity seldom drops below 70%.",USA
"3E8C5A4D-6302-4E50-9FCC-A9EC7BFBF1D6",paal,Palo Alto Battlefield,Palo Alto Battlefield National Historical Park,https://www.nps.gov/paal/index.htm,"On May 8, 1846, U.S. and Mexican troops clashed on the prairie of Palo Alto. The battle was the first in a two-year long war that changed the map of North America. Although the two countries have developed strong bonds and friendly ties since the war ended in 1848, these neighbors continue to contend with the legacy of the war.",National Historical Park,26.02387351,-97.46296072,TX,"The park is located on Brownsville's north side, near the city of Los Fresnos. It is just north of the intersection of FM 1847 (Paredes Line Rd.) and FM 511/FM 550.",http://www.nps.gov/paal/planyourvisit/directions.htm,Summers are hot and humid. Tropical weather systems generally affect the area from August to October. Winters are usually mild but cold fronts can drop temperatures by up to 30 degrees in about an hour.,USA
"9604169F-6A23-4E70-937B-3BE7315590F2",pagr,Paterson Great Falls,Paterson Great Falls National Historical Park,https://www.nps.gov/pagr/index.htm,"Silk cloth and steam locomotives; textiles and continuous paper rolls; firearms and aircraft engines. What do these things have in common? All were manufactured in the same place - Paterson, NJ. In 1792, Paterson was established as America's first planned industrial city, centered around the Great Falls of the Passaic River. From humble mills rose industries that changed the face of the nation.",National Historical Park,40.91584645,-74.18021494,NJ,"From: Garden State Parkway (New Jersey) North: Take exit 155P on left to Route 19 TO WEST Route 80 Paterson. South: Take Exit 159 (Saddlebrook) on your right. After taking the exit, make your second right onto I-80 West (Paterson). From: Interstate 80 I-80 West: Take Exit 57 A-B. Taking (Exit 57- B) (Downtown Paterson) follow the Downtown Paterson sign. I-80 East: Take (Exit 57- B), take exit Route 80 west Grand St./ Del Water Gap KEEP RIGHT exit. Stay to the right for Grand Street exit ramp.",http://www.nps.gov/pagr/planyourvisit/directions.htm,http://forecast.weather.gov/MapClick.php?lat=40.91475800178142&lon=-74.1678490947591#.VusP4uIrK71,USA
"58BCDB2B-5A91-4892-8470-76D802313884",peri,Pea Ridge,Pea Ridge National Military Park,https://www.nps.gov/peri/index.htm,"On March 7-8, 1862, over 23,000 soldiers fought here to decide the fate of Missouri which was a turning point of the war in the Trans-Mississippi. This 4,300-acre battlefield honors those who fought and died on these hallowed grounds. Pea Ridge was the most pivotal Civil War battle west of the Mississippi River.",National Military Park,36.45438033,-94.03468357,AR,"The entrance road is located on Highway 62, 1.3 miles east of the intersection of Highways 62 and 72. As one is driving along highway 62, watch for the brown road signs directing one to the entrance road to the park's visitor center.",http://www.nps.gov/peri/planyourvisit/directions.htm,"Pea Ridge National Military Park is located in the northwestern part of the state and is on a part of the Ozark Plateau. The climate is hot and humid in the summers, has mild temperatures in the fall, and drier and cooler temperatures in the winter. During the spring and summer active thunderstorms can pop up. During the winter months, the wind chill factor can make the temperature feel much colder than the air temperature. The winters can be cold with some snow and ice.",USA
"0B61230F-375C-4392-BDF0-BB3FC43D2CFE",valr,Pearl Harbor,Pearl Harbor National Memorial,https://www.nps.gov/valr/index.htm,"At Pearl Harbor National Memorial, we honor the lives affected by the December 7, 1941, attack. This pivotal moment in global history marked the United States' entry into World War II, impacting nations and communities worldwide. Join us in reflecting on this shared history and its lasting significance in the pursuit of peace.",National Memorial,21.3670699388,-157.938578898,HI,"Please input our address: 1 Arizona Memorial Place, Honolulu HI 96818 Rather than just ""Pearl Harbor,"" as this will take you to the active military base, not the Pearl Harbor Visitor Center.",http://www.nps.gov/pearlharbor/planyourvisit/directions.htm,"Hawaii has two seasons – winter (ho'oilo) and summer (kau wela) – and temperatures don't change drastically the way they do in the mainland United States. During the day, expect temperatures in the mid-70s to the mid-80s all year around. Expect lows in the winter months (November to March) to be around 60 degrees. The Hawaiian winter is also considered the rainy season, and flash floods are not uncommon. You can expect to see lots of rainbows as the rain clears.",USA
"8CBA3879-59AB-4EFE-8523-1DC6F77FB212",peco,Pecos,Pecos National Historical Park,https://www.nps.gov/peco/index.htm,"Pecos is a natural and cultural crossroads through which hunters, gatherers, traders, missionaries, immigrants, soldiers, ranchers, and other travelers passed and lived. Follow in their footsteps and imagine Pecos through the centuries. Visit sites where cultural demonstrations and traditional practices continue today - a living legacy of the people who passed this way. At Pecos, past is present.",National Historical Park,35.54192238,-105.6814684,NM,"Pecos National Historical Park is 25 miles east of Santa Fe, New Mexico off of Interstate 25. Visitors travelling north on I-25: take exit 299 on to HWY 50 to Pecos village and south two miles on State Road 63. Those travelling south on I-25: take exit 307 and proceed four miles north to the Park on State Road 63.",http://www.nps.gov/peco/planyourvisit/directions.htm,"Pecos National Historical Park is located at nearly 7,000 feet in altitude in the high desert region of Northern New Mexico. Please know your limits at this high desert altitude. We recommend that you wear clothing appropriate to the season, bring plenty of water, stop for a snack or lunch at one of the picnic tables, wear comfortable shoes, and put on plenty of sunscreen. Specific daily Pecos weather information may be accessed at this link: http://www.nps.gov/peco/planyourvisit/weather.htm.",USA
"6282ABFA-00EF-413D-BE91-48D993A356F4",paav,Pennsylvania Avenue,Pennsylvania Avenue,https://www.nps.gov/paav/index.htm,"A street unlike any other. It is known the world over as the heart of the Nation's Capital. America's history has marched, paraded, promenaded, and protested its way along the Avenue.","",38.89426856,-77.02506554,DC,"Pennsylvania Avenue National Historic Site is part of National Mall and Memorial Parks. The avenue is among the world's more famous streets and is known the world over as the heart of the Nation's Capital, extending through the corridors of Federal power and influence. ""America's Main Street"" visually connects, yet separates, the White House from the U.S. Capitol and the U.S. Supreme Court buildings.",http://www.nps.gov/paav/planyourvisit/directions.htm,Washington DC gets to see all four seasons. Humidity will make the temps feel hotter in summer and colder in winter. Spring (March - May) Temp: Average high is 65.5 degrees with a low of 46.5 degrees Summer (June - August) Temp: Average high is 86 degrees with a low of 68.5 degrees Fall (September - November) Temp: Average high is 68 degrees with a low of 51.5 degrees Winter (December - February) Temp: Average high is 45 degrees with a low of 30 degrees (Source: www.usclimatedata.com),USA
"29329926-4215-4E10-83B8-5CF162A0E3F1",pevi,Perry's Victory & International Peace,Perry's Victory & International Peace Memorial,https://www.nps.gov/pevi/index.htm,"Perry's Victory and International Peace Memorial was established to honor those who fought in the Battle of Lake Erie, during the War of 1812, and to celebrate the long-lasting peace among Great Britain, Canada and the U.S. The Memorial, a Doric column, rising 352 feet over Lake Erie is situated 5 miles from the longest undefended border in the world.",Memorial,41.65449782,-82.8115794,OH,"Perry's Victory and International Peace Memorial is located within the Village of Put-In-Bay, Ohio on South Bass Island. The most common way to reach the island is by the Jet Express or Miller Boat Line ferries. When traveling east, use Ohio Turnpike to US 250 north to SR 2 west. When traveling west, use Ohio Turnpike to SR 53 north to SR 2 east. From SR 2 take the SR 163 exit OR the ST 250 exit for the Jet Express passenger ferry, Or take the SR 53 exit for Miller Boat Line vehicle and passenger ferry.",http://www.nps.gov/pevi/planyourvisit/directions.htm,"Summer months can be extremely hot and humid, with occasional and sudden severe thunderstorms. Fall and spring are pleasant with cool temperatures but brisk winds can make a 60° day feel much colder. In winter the memorial and visitor center are closed.",USA
"16B99840-35CB-4D14-BB83-136C371EFD2E",pete,Petersburg,Petersburg National Battlefield,https://www.nps.gov/pete/index.htm,"Nine and a half months, 70,000 casualties, the suffering of civilians, U. S. Colored Troops fighting for freedom, and the decline of Gen. Robert E. Lee's Army of Northern Virginia all describe the Siege of Petersburg. Gen. Ulysses S. Grant cut off all of Petersburg's supply lines, ensuring the fall of Richmond on April 3, 1865. Six days later, Gen. Lee surrendered.",National Battlefield,37.19109957,-77.47594865,VA,"The Eastern Front (Main) Visitor Center is located approximately 2.5 miles east of Rt. 95 off of Route 36 in Petersburg. If travelling north on Rt. 95, take exit 50D and follow signs to Wythe Street. Once on Wythe Street, travel 2.5 miles east to entrance of Battlefield. If travelling south on Rt. 95, take Exit 52 (Wythe Street). Again, travel about 2.5 miles to entrance.",http://www.nps.gov/pete/planyourvisit/directions.htm,Winters are usually cool with temperatures averaging in the 40s. Spring and fall are mild. Summer can bring very hot and humid weather.,USA
"1ABD0EFF-AC09-4EA1-8CC1-2351A3E160D0",pefo,Petrified Forest,Petrified Forest National Park,https://www.nps.gov/pefo/index.htm,"Park Hours: 8am to 5pm, MST. Don't forget that Arizona does not observe Daylight Savings. Petrified Forest is best known for its Triassic fossils. It's like having two parks in one, an ecosystem over 200 million years old with plants and animals now represented in the surreal landscape of the Painted Desert. There is also a living park with its own denizens adapted to a demanding environment.",National Park,34.98387664,-109.7877678,AZ,"Petrified Forest stretches north/south between I-40 and Hwy 180. There are two entrances into the park.*** ***WESTBOUND I-40***Travelers should take Exit 311, drive 28 miles through the park to Hwy 180 at the south end. Travel 19 miles to return to I-40 via Holbrook.*** ***EASTBOUND I-40***Travelers should take Exit 285 into Holbrook then travel 19 miles on Hwy 180 to the park's south entrance. Drive 28 miles north through the park to return to I-40.",http://www.nps.gov/pefo/planyourvisit/directions.htm,Petrified Forest National Park is a semi-arid grassland. Temperatures range from above 100° F (38° C) to well below freezing. About 10 inches (25.4 cm) of moisture comes during infrequent snow in the winter and often dramatic summer thunder-storms. Animals and plants are adapted to extremes in temperature and moisture. You should be ready too. Check out the forecast before you arrive and plan accordingly.,USA
"47CBA521-0A8A-4728-8BDA-85D269455A7A",petr,Petroglyph,Petroglyph National Monument,https://www.nps.gov/petr/index.htm,"Petroglyph National Monument protects one of the largest petroglyph sites in North America, featuring designs and symbols carved onto volcanic rocks by Native Americans and Spanish settlers 400 to 700 years ago. These images are a valuable record of cultural expression and hold profound spiritual significance for contemporary Native Americans and for the descendants of the early Spanish settlers.",National Monument,35.13915998,-106.7491456,NM,"GPS: Lat: 35.139 Long: -106.711 From Interstate 40, take the Unser Blvd. exit (#154) proceed north 3 miles to Western Trail. Turn left or west onto Western Trail and follow road to the Visitor Information Center parking lot. From Interstate 25, take the Paseo del Norte exit (#232) and proceed west to Coors Road exit south (must be in center lane to veer left at the Y). Proceed south on Coors Road to Western Trail. Turn right or west onto Western Trail and follow road to the Visitor Info Center parking lot.",http://www.nps.gov/petr/planyourvisit/directions.htm,"Altitude approx. 5000 ft. Usually sunny and dry, with low relative humidity. Winter temperatures range from 40 to 50 degrees F. Summer temperatures range from 88-99 degrees F. 278 days of sunshine per year. Spring can be windy with 20 to 30 mph sustained winds which can produce periods of blowing sand and dust. For current weather forecast, Google Albuquerque weather.",USA
"8D803E2F-FB28-4DC3-9EDC-7FDAE185C092",piro,Pictured Rocks,Pictured Rocks National Lakeshore,https://www.nps.gov/piro/index.htm,"Sandstone cliffs, beaches, waterfalls, sand dunes, inland lakes, deep forest, and wild shoreline beckon you to visit Pictured Rocks National Lakeshore. The power of Lake Superior shapes the park's coastal features and affects every ecosystem, creating a unique landscape to explore. Hiking, camping, sightseeing, and four-season outdoor opportunities abound.",National Lakeshore,46.56435642,-86.31628733,MI,"Pictured Rocks NL is located on the south shore of Lake Superior in Michigan's Upper Peninsula, between the towns of Munising (west) and Grand Marais (east). Access the west side of the park via Michigan highways M-28 and M-94 to Munising. State highway M-77 leads to Grand Marais on the east side. Alger County Road H-58 runs parallel and through the park, providing access to spur roads that lead to scenic overlooks, trailheads, campgrounds, beaches, etc. Most park roads are closed in winter due to snow.",http://www.nps.gov/piro/planyourvisit/directions.htm,"Summers are pleasant with the average highs in June, July, and August in the 70s°F, and lows in the low 50s°F. The coldest months are December through March with average highs of 25°F to 32°F, and average lows in the teens. Annual precipitation averages 31 inches; average annual snowfall is about 140 inches, although winters with more than 200 inches are not uncommon. Snow generally covers the ground from late November through late April.",USA
"9B266961-3364-43D2-9A08-82BB5EF5643F",pinn,Pinnacles,Pinnacles National Park,https://www.nps.gov/pinn/index.htm,"Around 23 million years ago, a series of volcanic eruptions shaped the landscape that is now Pinnacles National Park. The remnants of these ancient eruptions have formed a striking terrain of rocky spires and deep canyons. Visitors can explore diverse environments, from chaparral and oak woodlands to the cool, shaded depths of canyon floors.",National Park,36.49029208,-121.1813607,CA,"Pinnacles National Park is accessible through highway 101 for the West entrance, and highway 25 for the East entrance. From highway 101 you must pass through the City of Soledad to find highway 146 which will lead to West side of Pinnacles. To enter East Pinnacles you must find highway 25 through the City of Hollister coming from the North, and King City through Bitter Water Road (G-13) when coming from the South. NOTE: There is no through road between the east and west entrance.",http://www.nps.gov/pinn/planyourvisit/directions.htm,"Pinnacles National Park has a Mediterranean climate with hot, dry summers, and mild winters with moderate precipitation. The park is several miles inland from the Pacific Ocean. A wider variation in seasonal temperatures can be expected in the local area. Summers are hot with temperatures above 100 degrees. Winters are cooler with highs in the 60s. Big swings in temperature occur between day and night, year round.",USA
"97145E4E-3909-4669-8102-9559F3C405D1",pisp,Pipe Spring,Pipe Spring National Monument,https://www.nps.gov/pisp/index.htm,"The rich history of Pipe Spring and its flowing water comes alive as you explore the traditions of the Kaibab Paiute and the Mormon settlers through the museum, historic fort, cabins, and garden. Hike the Ridge Trail to enjoy geologic wonders, plants, and wildlife. Attend living history demonstrations and talks and be sure to visit with our amazing ranch animals!",National Monument,36.86282666,-112.7398567,AZ,"Pipe Spring National Monument is located 15 miles west of Fredonia, AZ and 45 miles east of Hurricane, UT. From Interstate 15, turn onto Utah State Route 9 in Hurricane, Utah. Take Utah State Route 59 east out of Hurricane. This road turns into Arizona State Route 389 at the state line. Pipe Spring is 45 miles east of Hurricane. From Utah Highway 89 and 89A, turn onto Arizona State Route 389 in Fredonia, Arizona. Pipe Spring is 15 miles west of Fredonia.",http://www.nps.gov/pisp/planyourvisit/directions.htm,Weather is hot in summer and cold in winter. Expect summer highs to be 80-100 degrees Fahrenheit and winter highs to be 30-50 degrees. Early morning and late afternoon can be considerably cooler; dress in layers and bring plenty of sunscreen. Arizona climate is very dry -- bring at least 1 liter of water per person per visit to Pipe Spring.,USA
"932C699A-5680-4EA3-8C62-69A6A7D286C5",pipe,Pipestone,Pipestone National Monument,https://www.nps.gov/pipe/index.htm,"For over 3,000 years, Indigenous people have quarried the red stone at this site to make pipes used in prayer and ceremony - a tradition that continues to this day and makes this site sacred to many people.",National Monument,44.01351958,-96.32475523,MN,"Plane: Commercial service - located at Sioux Falls, SD -Joe Foss Field airport. 50 miles from Pipestone National Monument. Rental cars are available at the airport. Non-Commercial service - located at Pipestone MN airport. Courtesy car or transit service available to Pipestone National Monument from the airport. Car: Pipestone National Monument is easily accessible from local highways. When you reach the city of Pipestone, road signs will lead you to Pipestone National Monument.",http://www.nps.gov/pipe/planyourvisit/directions.htm,Weather varies seasonally from warm and humid in the summer to cold and snowy in the winter. Visitors should be prepared for seasonal weather and for rapidly-changing conditions.,USA
"0477F67A-A350-449F-B001-848F867F2CA2",pisc,Piscataway,Piscataway Park,https://www.nps.gov/pisc/index.htm,"Piscataway Park is home to bald eagles, beavers, deer, foxes, ospreys, and many other species. To complement the surroundings, the park has, in addition to a public fishing pier and two boardwalks over fresh water tidal wetlands, a variety of nature trails, meadows, and woodland areas. The Park is also home to National Colonial Farm.",Park,38.6929,-77.067,MD,"The National Colonial Farm: From the Capital Beltway (I495/95) from southbound take Exit 3, to MD210 South/Indian Head Highway. Travel approximately 9 miles, at the traffic light by B&J Carryout turn right on Livingston Road (please note that Livingston Road crosses MD210 several times) Drive one block and turn right on Biddle Road. At the stop sign, turn left on Bryan Point Road and follow about 3.5 miles. National Colonial Farm will be on the right.",http://www.nps.gov/pisc/planyourvisit/directions.htm,"Summers are generally hot and humid, with daytime highs frequently above 90 degrees Fahrenheit and scattered afternoon thunderstorms. Please carry water while participating in physical activity and be prepared to take shelter from lightning. Winters are generally cold, with nighttime lows frequently near freezing and occasional snowfall. Weather during spring and fall is generally moderate, but can change quickly.",USA
B87424A7-92C3-49BA-BF16-A2EB16882376,pore,Point Reyes,Point Reyes National Seashore,https://www.nps.gov/pore/index.htm,"From its thunderous ocean breakers crashing against rocky headlands and expansive sand beaches to its open grasslands, brushy hillsides, and forested ridges, Point Reyes offers visitors over 1500 species of plants and animals to discover. Home to several cultures over thousands of years, the Seashore preserves a tapestry of stories and interactions of people. Point Reyes awaits your exploration.",National Seashore,38.05511241,-122.8797804,CA,"Point Reyes is located along the west coast of California approximately 30 miles (50 km) north of San Francisco. Travelers may approach the park from the winding scenic Highway 1, either from the north or the south. Visitors can also reach the park via Sir Francis Drake Boulevard or the Point Reyes/Petaluma Road.",https://www.nps.gov/pore/planyourvisit/directions.htm,The moderating influence of the Pacific Ocean creates a climate with no great extremes of heat or cold. Any season can bring interesting weather during your visit to Point Reyes National Seashore. Come prepared!,USA
A0125F49-080E-4292-BD91-C1FA1657F547,poex,Pony Express,Pony Express National Historic Trail,https://www.nps.gov/poex/index.htm,It is hard to believe that young men once rode horses to carry mail from Missouri to California in the unprecedented time of only 10 days. This relay system along the Pony Express National Historic Trail in eight states was the most direct and practical means of east-west communications before the telegraph.,National Historic Trail,42.2365761128,-109.266148417,"CA,CO,KS,MO,NE,NV,UT,WY","You can visit many sites of the Pony Express National Historic Trail over the 1,800-mile historic route that crosses 8 states.",http://www.nps.gov/poex/planyourvisit/directions.htm,"Due to the length of the Pony Express National Historic Trail, be sure to consult local weather sources for the region you'll be visiting. Check out the forecast with the National Weather Service and search for the area you'd like to visit: weather.gov",USA
F26E7620-3284-4F39-AB1B-98100B4AC6A7,poch,Port Chicago Naval Magazine,Port Chicago Naval Magazine National Memorial,https://www.nps.gov/poch/index.htm,"On July 17, 1944, a massive explosion jolted the San Francisco East Bay area, shattering windows and lighting up the night sky. At Port Chicago Naval Magazine, 320 men were killed instantly when two ships loading ammunition for Pacific troops exploded. It was WWII's worst home front disaster.",National Memorial,38.05685472,-122.0301603,CA,"The Port Chicago Naval Magazine National Memorial is on an active military base, so it is only accessible by reservation. The shuttle picks up visitors with reservations at the John Muir National Historic Site. Please know that all visitors for the memorial must have a reservation. Please visit our website for information on how to obtain reservations.",http://www.nps.gov/poch/planyourvisit/directions.htm,"The Port Chicago Naval Magazine National Memorial is on a base and sits on the waterfront. There is no shelter at the memorial, aside from the shuttle. It can be windy and cold during any season. Many people prefer to at least bring a light jacket during the summer, or coat during the other seasons.",USA
B7429C72-D8CA-46D9-8E89-E659259D8EEF,pohe,Potomac Heritage,Potomac Heritage National Scenic Trail,https://www.nps.gov/pohe/index.htm,"The Potomac River corridor is rich in both history and recreation, offering a chance to both explore your heritage and choose your adventure along the way. Start your journey here!",National Scenic Trail,39.15060133,-77.52301085,"DC,MD,PA,VA",The administrative office for the NPS Potomac Heritage NST is located at the Chesapeake and Ohio Canal National Historical Park headquarters.,https://www.nps.gov/pohe/planyourvisit/directions.htm,"Weather associated with the PHT network is typical of a temperate climate, with four distinct seasons and variable precipitation throughout the year. Temperatures can vary from a high of 100 degrees Fahrenheit in the summer to 0 degrees in the winter.",USA
DC9185D6-CCA9-4F40-AE53-5D77DE35E202,popo,Poverty Point,Poverty Point National Monument,https://www.nps.gov/popo/index.htm,"Now a nearly forgotten culture, Poverty Point at its peak 3,000 years ago was part of an enormous trading network that stretched for hundreds of miles across the continent. It was - and is - also an engineering marvel, the product of five million hours of labor. Explore the culture of a highly sophisticated people who left behind one of North America’s most important archeological sites.",National Monument,32.6424361,-91.40829834,LA,"By car, from Interstate 20, take the Delhi exit and travel north on LA 17, east on LA 134 and north on LA 577.",http://www.nps.gov/popo/planyourvisit/directions.htm,"Summers are sunny, hot, and humid. Winters tend to be mild; however, humid rainy periods occur throughout the year. Sudden and severe thunderstorms are common, so stay alert to weather forecasts. Check with rangers at the Visitor Center and/or USS Cairo Museum for updates on weather patterns. Wear comfortable sportswear appropriate for the season, with walking or hiking shoes recommended.",USA
E7C945ED-4224-4539-B2AE-97A5B229FA74,wicl,President William Jefferson Clinton Birthplace Home,President William Jefferson Clinton Birthplace Home National Historic Site,https://www.nps.gov/wicl/index.htm,"Named for the father who died shortly before his birth, William Jefferson Blythe III later became the 42nd President of the United States. In Hope, the experiences shared with his mother and grandparents in rural Arkansas developed the broad views on race relations, social justice, and public service that defined his presidency and life after the White House. For Bill Clinton, ""Hope was home.""",National Historic Site,33.66758356,-93.59641868,AR,"President William Jefferson Clinton Birthplace Home NHS is located in Hope, Arkansas - approx. 30 miles from Texarkana (Texas/Arkansas), 114 miles from Little Rock, Arkansas & 209 miles from Dallas, Texas. From I-30, use Exit 30 and travel south on Hwy 278 (Hervey Street) for approximately 2 miles. The Birthplace Home is on your left at the corner of W .2nd Street and S Hervey Street; the Visitor Center is located on Division Street (immediately northeast of the Birthplace Home).",http://www.nps.gov/wicl/planyourvisit/directions.htm,"Average temperatures in Hope can range from 30ºF to 60ºF in winter, 40ºF to 80ºF in the spring, 65ºF to 95ºF in summer, and 50ºF to 75ºF in the fall. Humidity in late spring, summer and early fall can make temperatures feel hotter and lead to dehydration or heatstroke. We recommend that visitors in these seasons dress comfortably and drink plenty of water to beat the heat. Inclement weather (tornadoes, thunderstorms) are possible at times, so check local weather conditions before your visit to Arkansas.",USA
"75DD7A23-4BCF-4D11-A407-E282C2417DA4",prsf,Presidio of San Francisco,Presidio of San Francisco,https://www.nps.gov/prsf/index.htm,"For 218 years, the Presidio served as an army post for three nations. World and local events, from military campaigns to World Fairs and earthquakes, left their mark. Come enjoy the history and the natural beauty of the Presidio. Explore centuries of architecture. Reflect in a national cemetery. Walk along an historic airfield, through forests or to beaches, and admire spectacular vistas.","",37.797,-122.4671,CA,The Presidio lies at the north end of San Francisco at the south end of the Golden Gate Bridge. It can be reached from the north by crossing the Golden Gate Bridge and taking the first exit from Highways 1 and 101; from the east by way of Lombard Street (Highway 101); and from the south via Highway 1 and exiting just before the bridge.,http://www.parksconservancy.org/visit/trip-planner.html?to=Presidio%20of%20San%20Francisco:312644314?referrer=http://www.nps.gov/prsf/planyourvisit/directions.htm,"The weather at the Presidio is typically cool and quite variable from location to location. The summer is often foggy and cool, so a light coat or sweater is appropriate year-round.",USA
"28ECD546-FD68-4640-8A31-773F7F7A5211",prwi,Prince William Forest,Prince William Forest Park,https://www.nps.gov/prwi/index.htm,"Prince William Forest Park is an oasis, a respite of quiet and calm. In 1936, Chopawamsic Recreation Area opened its gates to house children's 'relief' camps during the Great Depression. Renamed Prince William Forest Park in 1948, these fragrant woods and trickling streams have welcomed generations of campers, hikers, bikers and nature lovers. Discover Northern Virginia's best kept secret!",Park,38.58589108,-77.38910997,VA,"From Washington, D.C. and points north: Take I-95 south to exit 150-B (VA Route 619/Joplin Road). The park entrance is the second right. From Fredericksburg and points south: Take I-95 north to exit 150 (VA Route 619/Joplin Road). Turn left at the bottom of the exit ramp and continue on VA Route 619 West approximately 1/4 mile to the park entrance.",http://www.nps.gov/prwi/planyourvisit/directions.htm,"Prince William Forest Park experiences all four seasons. Spring and fall are generally comfortable with precipitation possible. Summers can be hot and humid with average temperatures in the high 80s and with sudden thunderstorms possible. July and August are the hottest months. Winters can be cold with average temperatures in the winter of 41 degrees with variable precipitation. The main park roads can close due to snowy conditions, though cross-country skiing and snow-shoeing are permitted.",USA
"36223C80-D2F3-45E3-9C44-BEA58A072985",pull,Pullman,Pullman National Historical Park,https://www.nps.gov/pull/index.htm,"In a growing Chicago neighborhood, diverse people and stories intertwined. All were seeking opportunity. Some succeeded. Others were limited—by race, gender, or economic status. Their stories came together in Pullman, a planned industrial community famed for its urban design and architecture.",National Historical Park,41.69429163,-87.60873824,IL,The Administration Clock Tower Building Visitor Center is located at the corner of 111th Street and S. Cottage Grove Avenue. The parking lot entrance on 111th Street (DO NOT drive through the historic stone worker's gate entrance).,http://www.nps.gov/pull/planyourvisit/directions.htm,"The park lies in a humid continental zone with a generally temperate climate. Chicago winters are mildly cold with average temperatures around 26 degrees (F). Summers are hot and humid with an average temperature around 72 degrees (F). Average annual total rainfall is about 36"". Snowfall in the winter is moderate with an average total snowfall of about 38"".",USA
"632CA28B-F67C-4BDB-A209-42A8332EE6D0",puho,Puʻuhonua o Hōnaunau,Puʻuhonua o Hōnaunau National Historical Park,https://www.nps.gov/puho/index.htm,"Imagine you had just broken the sacred laws, the kapu, and the only punishment was death. Your only chance of survival is to elude your pursuers and reach the Puʻuhonua, a place of refuge. The Puʻuhonua protected the kapu breaker, defeated warriors, as well as civilians during the time of battle. No physical harm could come to those who reached the boundaries of the Puʻuhonua.",National Historical Park,19.41268627,-155.9008789,HI,"From Kailua-Kona: Take Highway 11 south, approximately 20 miles. Between mileposts 103 and 104, at the Hōnaunau Post Office, turn right towards the ocean onto Hwy 160. Travel 3.5 miles and turn left at the Pu'uhonua o Hōnaunau National Historical Park sign. Travel times will vary due to traffic conditions in North Kona.",http://www.nps.gov/puho/planyourvisit/directions.htm,The weather in the park is typically hot and sunny with daytime temperatures in the upper 80's. An excellent time to experience the park is in the morning and in the late afternoon when the temperatures are a bit cooler. The park occasionally closes because of high winds or dangerous storm conditions. Please check with the visitor center or your hotel for any weather advisories or hazardous conditions on the day of your visit.,USA
"9C680E81-C4DC-46DD-BF33-8189828FF887",puhe,Puʻukoholā Heiau,Puʻukoholā Heiau National Historic Site,https://www.nps.gov/puhe/index.htm,"How many places in America can you walk in the footsteps of a king? Where else has a stranded sailor risen up to become a great chief over an entire island? Where else can you experience the culminating event of a people, foretold from centuries past? Where else can you stand on a beach and watch as sharks pass over a submerged temple? Experience all this and much more – only at Pu'ukoholā Heiau!",National Historic Site,20.02772186,-155.8211629,HI,From Keahole (Kona) International Airport: Head east on Keahole Airport Rd. Turn left at traffic light onto HI-19. Follow HI-19 to Spencer Beach Park Rd. (26.1 mi) Turn left onto HI-270 (0.4 mi) Turn left onto Spencer Beach Park Rd. (0.3 mi) Destination will be second right on Spencer Beach Park Rd. (Approximately 32 minute drive 27.5 mi),http://home.nps.gov/puhe/planyourvisit/directions.htm,"The weather in the park is typically hot and sunny with daytime temperatures in the upper 80's. An excellent time to experience the park is in the morning and in the late afternoon when the temperatures are a bit cooler. The park is open daily from 7:30 a.m. until 5 p.m. However, the park and or trail does occasionally close because of high winds or dangerous storm conditions. Please check with the visitor center or your hotel for any weather advisories or hazardous conditions on the day of your visit.",USA
CF02A7E7-147F-4F1C-966B-FE3F2AE28DDC,rabr,Rainbow Bridge,Rainbow Bridge National Monument,https://www.nps.gov/rabr/index.htm,"Rainbow Bridge is one of the world's largest known natural bridges. The span has undoubtedly inspired people throughout time--from the neighboring Native American tribes who consider Rainbow Bridge sacred, to the thousands of visitors from around the world who visit it each year. Please visit Rainbow Bridge in a spirit that honors and respects the cultures to whom it is sacred.",National Monument,36.9943264317,-111.491484759,UT,"Rainbow Bridge National Monument is located between Glen Canyon National Recreation Area and the Navajo Nation. *There are no roads to or near the monument.* Rainbow Bridge can be reached by boat on Lake Powell or by hiking one of two trails around Navajo Mountain on the Navajo Nation, by permit only. Boat tours are available. The entrance to Forbidding Canyon is located at buoy 49 on Lake Powell. Boaters should be familiar with the Aids to Navigation (buoy) system and use a navigational map.",http://www.nps.gov/rabr/planyourvisit/directions.htm,"Summers are extremely hot with little, if any, shade. Winters are moderately cold with night time lows often below freezing. Spring weather is highly variable with extended periods of strong winds. Fall is generally mild. Temperatures range from 110°F (43°C) in June & July to 20°F (-7°C) in December & January. Although precipitation is generally less than 6 inches (15cm) annually, both heavy rains and flash flooding can occur, particularly during the summer monsoon season.",USA
"31B7A1C7-104D-4D35-BC85-FEFAC3FECEB0",reer,Reconstruction Era,Reconstruction Era National Historical Park,https://www.nps.gov/reer/index.htm,"The Reconstruction era,1861-1900 the historic period in which the United States grappled with the question of how to integrate millions of newly freed African Americans into social, political, economic, and labor systems, was a time of significant transformation. The people, places, and events in Beaufort County, South Carolina, reflect on the most important issues of this tumultuous time period.",National Historical Park,32.3868598938,-80.6511077881,SC,"The park's headquarters is located at 706 Craven Street in Beaufort, South Carolina, directly across the street from the Beaufort Visitor Center in the Beaufort Arsenal, and next door to the downtown Beaufort Public Library.",https://www.nps.gov/reer/planyourvisit/directions.htm,"Winters can be mild, with periods of cold weather. During the Spring and Fall, weather is typically nice, with highs in the 70s and 80s. Summers can be very hot, with high temperatures and high humidity. Located in a coastal region, the park is susceptible to hurricanes during the Summer and Fall.",USA
"041B325C-A34F-4027-8E41-1DF3F9A1D799",redw,Redwood,Redwood National and State Parks,https://www.nps.gov/redw/index.htm,"Most people know Redwood as home to the tallest trees on Earth. But the Parks also protect vast prairies, oak woodlands, wild rivers, and 40 miles of rugged coastline. People have lived in this verdant landscape since time immemorial. Together, the National Park Service and California State Parks are managing and restoring these lands for the inspiration, enjoyment, and education of all.",National and State Parks,41.37237268,-124.0318129,CA,"Redwood National and State Parks is located in northernmost coastal California - almost on the Oregon border. The parks are about 60-miles long, with four visitor centers from north to south. We are a six to seven-hour drive (325 miles) north of San Francisco, a six-hour drive (330 miles) south of Portland, OR and a four-hour drive (170 miles) west of Redding, CA.",http://www.nps.gov/redw/planyourvisit/directions.htm,"Visitors should be prepared for cooler and damp weather. Dress in layers and expect to get wet. Year-round temperatures along California's redwood coast: mid-40s°F (7°C) to mid-60s°F (18°C). Summer can be foggy, with highs occasionally reaching low 70s°F (20°C). Winters are cooler with considerable rain. October through April averages 60-80 inches of rain over the region.",USA
"3D026091-7EFB-405D-A8F2-D9109DE9740A",rich,Richmond,Richmond National Battlefield Park,https://www.nps.gov/rich/index.htm,"The center of Confederate manufacturing fueled a modern war, one of the South’s largest hospitals gave care to the sick and wounded, and armies battled on open fields and in miles of defensive earthworks. From 1861 to 1865, Richmond’s fate would determine America’s future.",National Battlefield Park,37.48774472,-77.29107785,VA,"Richmond National Battlefield Park has two visitor centers and ten additional self-guided, outdoor battlefield units. Please navigate to the ""visitor centers"" section to select an individual visitor center and find directions to its location.",http://www.nps.gov/rich/planyourvisit/directions.htm,"Summer, hot and humid. Fall and Spring, mild. Winter, cold with occasional ice and snow.",USA
E1A636E5-E7AC-4B71-93DE-F1408F65C458,rigr,Rio Grande,Rio Grande Wild & Scenic River,https://www.nps.gov/rigr/index.htm,"For 196 miles, this free-flowing stretch of the Rio Grande winds its way through desert expanses and stunning canyons of stratified rock. For the well prepared, an extended float trip provides opportunities to explore the most remote corner of Texas and experience the ultimate in solitude, self-reliance, and immersion in natural soundscapes.",Wild and Scenic River,29.881,-102.3188,TX,"Several highways lead to Big Bend National Park: TX 118 from Alpine to Study Butte or FM 170 from Presidio to Study Butte (then 26 miles east to park headquarters) or US 90 or US 385 to Marathon (then 70 miles south to park headquarters). Distances between towns and services are considerable. Be sure you have plenty of gas, food, water, and supplies for your trip.",http://www.nps.gov/bibe/planyourvisit/directions.htm,Variable -- February-April: High temperatures range from mid-70sF (23C) to low-90sF (32C) with lows from the mid-30sF (2C) to mid-50sF (12C). Cold fronts can bring freezing weather with rain or snow. -- May-August: Temperatures are hot and the weather can be stormy. Temperatures over 100F (more than 38C) degrees. -- September-January:Temperatures are cooler. The weather can turn cold any time during these months.,USA
"0AEC82D5-0D49-492A-9936-DBE44AF69F09",rira,River Raisin,River Raisin National Battlefield Park,https://www.nps.gov/rira/index.htm,"River Raisin NBP preserves, commemorates, and interprets the January 1813 battles of the War of 1812 and their aftermath. Battles that resulted in the greatest victory for Tecumseh’s Confederation and the British and the greatest defeat for the U.S. The aftermath led to U.S. Indian laws that forced the removal, relocation, and assimilation of native nations, an aftermath that continues today.",National Battlefield Park,41.91291085,-83.37620464,MI,"River Raisin National Battlefield is located in SE Lower Michigan along the western shoreline of Lake Erie, in the city of Monroe. Park headquarters is 35 miles south of Detroit, and only 270 miles east of Chicago. By Car: Take Interstate 75 to exit 15 and go south on Dixie Highway to 333 North Dixie Hwy on the right.",http://www.nps.gov/rira/planyourvisit/directions.htm,"There is a saying about Michigan weather: ""If you don't like the weather wait five minutes and it will change!"" Seasonal average temperatures for Monroe area: Winter: highs range from 30 F- 45 F and lows range from 15 F- 30 F Spring: highs range from 40 F - 70 F and lows range from 25 F - 55 F Summer: highs range from 70 F - 85 F and lows range from 50 F - 65 F Fall: highs range from 40 F - 80 F and lows range from 60 F - 30 F",USA
D06293DF-25C4-4065-B0C7-BA5A225D3BF3,rocr,Rock Creek,Rock Creek Park,https://www.nps.gov/rocr/index.htm,"Rock Creek Park is truly a gem in our nation's capital. This 1,754 acre city park was officially authorized in 1890, making it the third national park to be designated by the federal government. It offers visitors the opportunity to escape the bustle of the city and find a peaceful refuge, recreation, fresh air, majestic trees, wild animals, and thousands of years of human history.",Park,38.95125063,-77.05002838,DC,"Ample parking for hiking, biking and visiting the Nature Center is located at 5200 Glover Rd, NW. Rock Creek Park is a large urban park stretching from the Maryland - DC border to the Potomac River. Rock Creek Park also administers 99 separate neighborhood small sites. A large network of public roads provide access to all points administered by Rock Creek Park.",http://www.nps.gov/rocr/planyourvisit/directions.htm,"Weather in D.C. is often erratic Spring: Pleasant, Avg. High: 67° Avg. Low: 44.3°, Avg. Precipitation: 12.1” Summer: Hot & Humid, Avg. High: 87°, Avg. Low: 66°, Avg. Precipitation: 12.7”, July is the hottest month Fall: Pleasant, Avg. High: 69°, Avg. Low: 48.3°, Avg. Precipitation: 11.6” Winter: Mild, Avg. High: 45°, Avg. Low: 27.3°, Avg. Precipitation: 9.3”, Avg. Snowfall: 15.4” January is coolest month Hurricanes may impact D.C. in late summer and fall Light droughts are not uncommon in summer",USA
"67A56B17-F533-4A56-B2DA-26091C6AD295",romo,Rocky Mountain,Rocky Mountain National Park,https://www.nps.gov/romo/index.htm,"Rocky Mountain National Park's 415 square miles (265,807 acres) encompasses a spectacular range of mountain environments. From meadows found in the montane life zone to glistening alpine lakes and up to the towering mountain peaks, there is something for everyone to discover. Along the way explore over 300 miles of hiking trails and incredible wildlife viewing.",National Park,40.3556924,-105.6972879,CO,"Rocky Mountain National Park is located in northern Colorado. To visit the east side (near Estes Park, CO), follow U.S. I-25 to U.S. Hwy 34 or 36 west to Estes Park. To visit the west side of the park, follow I-70 to U.S Hwy 40 towards Granby, take US Hwy 34 east to Grand Lake, CO.",http://www.nps.gov/romo/planyourvisit/directions.htm,"Weather can change quickly in RMNP, due to Rocky's incredible range of elevations beginning at 7,800 feet and going to over 14,000 ft at the top of the alpine tundra. Always be prepared for changing weather. For detailed weather information, visit https://www.nps.gov/romo/planyourvisit/all-about-weather.htm For the park-specific forecast, visit the National Weather Service at https://www.weather.gov/bou/rmnp",USA
"0419867F-20D9-49CF-BC42-88F5A70AD32D",rowi,Roger Williams,Roger Williams National Memorial,https://www.nps.gov/rowi/index.htm,"""I acknowledge that to molest any person, Jew or Gentile, for either professing doctrine, or practicing worship meerly religious or spiritual, is to persecute him, and such a person (whether his doctrine or practice be true or false) suffers persecution for conscience."" -Roger Williams, 1644 Banished by the English and saved by the First Peoples, Roger Williams founded Providence here in 1636.",National Memorial,41.8298955,-71.41056665,RI,"From Interstate 95 North, take Exit 38 - State Offices. Stay to the right. At end of exit, go straight. At next light, make a left onto Smith St. At light, make a right and then a quick left into the memorial's parking lot. From Interstate 95 South, take Exit 38 - Charles Street. Make a right onto Charles St. and take first left onto Ashburton Street. Continue straight through three lights. After the third light, take a quick left into the memorial parking lot.",http://www.nps.gov/rowi/planyourvisit/directions.htm,"At Roger Williams National Memorial in Providence, the weather varies with the seasons. Spring and fall are mild, with temperatures in the 50s to 60s Fahrenheit and occasional rain. Summers are warm and humid, reaching the 70s to 80s, while winters are cold, often in the 30s and 40s, with chances of snow. New England weather can change quickly, so check the forecast before visiting and dress in layers for comfort.",USA
"05106DE8-D6F2-4088-9834-79462FBDDA21",roca,Roosevelt Campobello,Roosevelt Campobello International Park,https://www.nps.gov/roca/index.htm,"For many years, Franklin D. Roosevelt summered on Campobello Island. As an adult, he shared with his family the same active pursuits he enjoyed on the island as child. Although he visited less frequently after contracting polio, Campobello remained important to FDR. Today Roosevelt Campobello International Park serves as a memorial to FDR and a symbol of cooperation between the U.S. and Canada.",International Park,44.8736,-66.9621,ME,"The park is located on Campobello Island in New Brunswick, Canada. The customs station is located at the southern end of the island. Car is the best way to travel to the park; there is no public transportation available. From Boston take I-95 north to Bangor, Maine. Take Route 1A east to Ellsworth, then follow Route 1 east to Whiting Village. Take Route 189 to Lubec and cross the FDR Memorial Bridge to Campobello Island. The visitor center is located approximately two miles from the bridge.",http://www.nps.gov/roca/planyourvisit/directions.htm,Roosevelt Campobello experiences all four seasons. Summer temperatures range from 50-80F (10-27C). Fall temperatures range from 25-70F (-4-21C). Typically the first is in frost mid-October and first snowfall begins in November and can continue through April with an average accumulation of 67 inches (170 cm). Winter temperatures range from 5-30F (-15 - -1C). Spring temperatures range from 20-60F (-6-16C).,USA
"69F87C0F-AABE-4C34-97D3-F6DF33ACD772",rori,Rosie the Riveter WWII Home Front,Rosie the Riveter WWII Home Front National Historical Park,https://www.nps.gov/rori/index.htm,"Celebrate and honor the contributions and sacrifices of American civilians on the WWII home front. Discover how diverse communities lived, worked, and interacted. Many faces, many stories, many truths, weave a rich tapestry of experiences from this era of opportunity and loss.",National Historical Park,37.90999027,-122.360156,CA,"Please visit the ""Directions and Transportation"" link on the main website at www.nps.gov/rori/planyourvisit/directions.htm.",http://www.nps.gov/rori/planyourvisit/directions.htm,Weather typical for San Francisco Bay Area. Can be cold and windy year round. Fog in the summer.,USA
FDD929A5-1D56-41DD-8A04-5FF77023340C,ruca,Russell Cave,Russell Cave National Monument,https://www.nps.gov/ruca/index.htm,"Russell Cave is an archeological site with one of the most complete records of prehistoric cultures in the Southeast. In the 1950s, archeologists uncovered a large quantity of artifacts representing over 10,000 years of use in a single place. Today, Russell Cave National Monument helps bring to light many cultural developments of phenomenal human journeys.",National Monument,34.97402063,-85.81560314,AL,"Russell Cave National Monument is located at 3729 County Road 98 in Bridgeport, Alabama. It is situated in the northeast corner of Alabama, just south of the Tennessee state line.",http://www.nps.gov/ruca/planyourvisit/directions.htm,"The weather in Bridgeport, Alabama is mild. The average temperature in the winter is in the low 50's. The average summer temperature is in the high 80's. We receive about 50 inches of rain each year. Snowfall varies, but only lasts a few days per event.",USA
BA5A0D58-E05F-44AE-94F1-10A88A4AF143,sahi,Sagamore Hill,Sagamore Hill National Historic Site,https://www.nps.gov/sahi/index.htm,"Sagamore Hill was the home of Theodore Roosevelt, 26th President of the United States, from 1885 until his death in 1919. During Roosevelt's time in office, his ""Summer White House"" was the focus of international attention. Explore 83 acres of natural surroundings, historic buildings and trails to become inspired by the legacy of one of America's most popular presidents.",National Historic Site,40.88579128,-73.49686438,NY,"Take Northern State Parkway to Exit 35N or the Long Island Expressway (I-495) to Exit 41N. At those exits, take Route 106 North for approximately 6 miles to downtown Oyster Bay. Turn right onto East Main Street and travel 2 miles on East Main Street/Cove Road. Turn left onto Cove Neck Road, drive 1.0 mile and turn right on Sagamore Hill Road, follow the brown signs up the hill and in 0.3 miles arrive at Sagamore Hill National Historic Site.",http://www.nps.gov/sahi/planyourvisit/directions.htm,"The Atlantic Ocean and Long Island Sound moderates the climate of Long Island and Sagamore Hill. Spring: Highs average between 50 F and 70 F. Snow in early March becomes rain by April. Summer: Average highs range between 70 F and the upper 80s F. Summers are drier but thunderstorms are possible. Fall: Highs are from the mid-50s F to the mid-70s F. Fall is the driest season, but showers are possible. Winter: Highs are around 40 F. Snow showers are common; the largest accumulations come in February.",USA
A6F169CF-B830-499C-A5EB-A35138C77589,sagu,Saguaro,Saguaro National Park,https://www.nps.gov/sagu/index.htm,"Tucson, Arizona is home to the nation's largest cacti. The giant saguaro is the universal symbol of the American west. These majestic plants, found only in a small portion of the United States, are protected by Saguaro National Park, to the east and west of the modern city of Tucson. Here you have a chance to see these enormous cacti, silhouetted by the beauty of a magnificent desert sunset.",National Park,32.20909636,-110.7574974,AZ,"Saguaro National Park has two districts separated by the city of Tucson. The address for the Saguaro National Park West District is 2700 N Kinney Rd. We do not recommend using mobile mapping applications to search for either district. Instead, please click the link to the directions page, determine which district you plan to visit, and enter that physical address into the mobile application.",https://www.nps.gov/sagu/planyourvisit/directionstothepark.htm,"Winter Season With daytime temperature from the low 50's to the high 70's Summer Season As we get deeper into the summer season, temperatures will range from mid-90's to low 110's. This is a great time to experience the desert as the day breaks or in the late of the day as the sun disappears behind the surrounding mountain ranges. During the late spring and summer months Saguaro National Park only offers interpretive programs on an intermittent basis.",USA
"57B2D95A-6D3E-49D6-BF73-623D6BD33D06",sacr,Saint Croix Island,Saint Croix Island International Historic Site,https://www.nps.gov/sacr/index.htm,"The winter of 1604-1605 on Saint Croix Island was a cruel one for Pierre Dugua's French expedition. Iced in by freezing temperatures and cut off from fresh water and game, 35 of 79 men died. As spring arrived and native people traded game for bread, the health of those remaining improved. Although the expedition moved on by summer, the beginning of French presence in North America had begun.",International Historic Site,45.12858838,-67.13363651,ME,"Saint Croix Island International Historic Site is best reached by private vehicle. The site is located 8 miles (13 km) south of Calais, Maine, on US Route 1, and can be reached either by Route 9 from Bangor or US Route 1, the coastal route from Portland and points south. From US Route 1, turn onto St. Croix Drive. The entrance gate is on the right. The visitor center is inside the ranger station.",http://www.nps.gov/sacr/planyourvisit/directions.htm,"Located in Maine, Saint Croix Island experiences all four seasons. Summer temperatures range from 50-80F (10-27C). Fall temperatures range from 25-70F (-4-21C). Typically the first is in frost mid-October and first snowfall begins in November and can continue through April with an average accumulation of 67 inches (170 cm). Winter temperatures range from 5-30F (-15 - -1C). Spring temperatures range from 20-60F (-6-16C).",USA
"5CB26B91-B888-46E0-95E1-0683A63C45B0",sacn,Saint Croix,Saint Croix National Scenic Riverway,https://www.nps.gov/sacn/index.htm,"Grab your paddle and your longing for adventure and head to the St. Croix and Namekagon rivers! Together they form the St. Croix National Scenic Riverway, offering over 200 miles of clean water that glides and rushes through a forested landscape. Paddle, boat, fish, and camp among this wild and scenic beauty. Hiking and historic towns also beckon.",National Scenic Riverway,45.70019235,-92.36126685,"WI,MN","The St. Croix National Scenic Riverway stretches for over 200 miles in northwest Wisconsin and east-central Minnesota. The Namekagon River flows entirely in Wisconsin while the St. Croix River serves as a border between the two states for much of its length. With many different access points there are numerous opportunities for day trips as well as multi-day paddling adventures. Visitor centers are located on the Namekagon River in Trego, Wisconsin, and on the St. Croix River in St. Croix Falls, Wisconsin.",http://www.nps.gov/sacn/planyourvisit/directions.htm,"Access to the Riverway is year-round. Early spring temperatures can reach into the 40's resulting in high, fast, and cold water from melting snow and ice. Summers are warm and humid. Severe weather can be experienced anytime from mid-spring through late summer. Fall colors begin in late September with high temperatures averaging in the 60's. Winter can set in early with high temperatures in the teens, lows falling below zero, and occasional heavy snow. The rivers can begin to freeze over by early December.",USA
"7E946FDE-C454-4361-98A5-F60158B42770",sapa,Saint Paul's Church,Saint Paul's Church National Historic Site,https://www.nps.gov/sapa/index.htm,"Since 1665, Saint Paul's Church played a vital role in the colonial life of Eastchester, 20 miles north of New York City. Townspeople voted at the nearby Village Green; local militia drilled outside its doors. But the American Revolution changed everything. American, British and Hessian troops tore down the old wooden meetinghouse for firewood and used the unfinished stone chapel as a hospital.",National Historic Site,40.89283511,-73.82577276,NY,"Take the 5 Lexington Avenue (green) line to the Dyre Avenue station in the Bronx, the last stop. Proceed north to E. 233rd Street and make a right, going east. Walk several blocks. Make a left onto Provost, heading north. Provost becomes S. Third Ave. Continue north on S. Third Avenue to the stop sign on the right at the Salvation Army. Make a right at stop sign onto S. Columbus. Saint Paul's will be on your right. Walk from the subway to the site should be about 15 minutes, approximately 2/3 of a mile.",http://www.nps.gov/sapa/planyourvisit/directions.htm,The weather in New York City is basically the same as for this northern suburb. Please visit http://forecast.weather.gov/MapClick.php?lat=40.91259830500047&lon=-73.83707741599966#.Vqjtf_krKUk.,USA
"0FC25325-87AA-4325-A6B7-C404D94B16DB",saga,Saint-Gaudens,Saint-Gaudens National Historical Park,https://www.nps.gov/saga/index.htm,Your National Park for the Arts preserves the home and studio of sculptor Augustus Saint-Gaudens (1848-1907). Here stories flow through a landscape of inspiration. Discover the history behind the captivating bronze sculptures and enjoy the beauty of art and nature. The park and its partners continue the tradition of the Cornish Colony of artists. Unleash your creativity today.,National Historical Park,43.4997238,-72.37333969,NH,"From West Lebanon, NH, (at Exit 20 of Interstate Rt 89) take Route 12A south for about 12 miles, Saint-Gaudens Road will be on the left. Proceed up Saint-Gaudens Road .5 miles. The parking lot will be on your right. From Windsor, Vermont, For passenger vehicles, take bridge Street cross the Connecticut River via the covered bridge. Caution: the bridge is closed to RVs, trucks and busses. At the end of the covered Bridge in New Hampshire, turn left. Saint Gaudens Road will be on you right in one mile.",http://www.nps.gov/saga/planyourvisit/directions.htm,"The upper Connecticut River valley is located in a temperate climate. While some summer days may be hot and humid, the average summer temperature ranges in the 70s and lower 80s. Temperatures in the fall are normally in the upper 60s, with evenings dropping into the upper 40s and lower 50s. Winters can be cold with daily temperatures usually in the 20s and occasionally dropping to below zero. Snow may be heavy from mid December through March.",USA
"3C5998C3-F130-4E4C-8BA4-C1B25E728CE0",sama,Salem Maritime,Salem Maritime National Historic Site,https://www.nps.gov/sama/index.htm,"Established on March 17, 1938 as the first National Historic Site in the United States, Salem Maritime National Historic Site consists of nine acres of land and twelve historic structures along the Salem waterfront, as well as a downtown visitor center. Located in the urban setting of Salem, the park preserves and interprets over 600 years of New England's maritime history and global connections.",National Historic Site,42.52024529,-70.88640867,MA,"Salem Maritime National Historic Site is located in downtown Salem, Massachusetts and is accessible by vehicle, commuter rail, bus, ferry, and recreational boat.",https://www.nps.gov/sama/planyourvisit/directions-transportation.htm,"New England weather is unpredictable year-round. Monthly averages, in degrees Fahrenheit, are: January: 37 high, 20 low February: 40 high, 23 low March: 47 high, 30 low April: 57 high, 38 low May: 67 high, 48 low June: 76 high, 58 low July: 82 high, 63 low August: 80 high, 62 low September: 73 high, 55 low October: 62 high, 45 low November: 52 high, 37 low December: 42 high, 27 low",USA
"4E7F8D4B-68EC-4A1B-BB71-0A295EB08557",sapu,Salinas Pueblo Missions,Salinas Pueblo Missions National Monument,https://www.nps.gov/sapu/index.htm,"Tucked away in the middle of New Mexico you’ll find Salinas Pueblo Missions National Monument. Its three distinct sites offer a glimpse into a unique time in history—a time entrenched with cultural borrowing, conflict and struggles. These sites continue to stand as reminders of the Spanish and Pueblo peoples’ early encounters and prompt exploration of today’s interactions among different people.",National Monument,34.35423203,-106.2050309,NM,"Reach the Mountainair Headquarters by taking I-25 south from Albuquerque to Belen, then NM 47 diagonally to US 60, then east 21 miles to Mountainair. To travel the historic highway route (Turquoise Highway) from the north, take I-40 east from Albuquerque to NM 337, drive south 47 miles (76K) to junction with NM State Highway 55. Proceed right (west) on Hwy 55 about 16 miles (26 K). Turn right on Highway 60 and proceed one block to HQ. Information on the ruins & surrounding area is available here.",http://www.nps.gov/sapu/planyourvisit/directions.htm,"Salinas Pueblo Missions is located at an elevation of 6100-6500 ft (1860-1980 m) in an arid climate. Average annual rainfall is about 15 inches. Winters can be cold and snowy. Summer highs are above 90°F/32°C with cool evenings. The months of June-September often have thunderstorms. Flash flooding may occur in the area. Abó is especially prone to road closures as a result. Spring highs average 75°F/24°C. Fall temperatures are a little cooler. High winds often occur, which may result in trail closures.",USA
E84CCC52-A22F-42D6-86F1-198D818C25DD,sari,Salt River Bay,Salt River Bay National Historical Park and Ecological Preserve,https://www.nps.gov/sari/index.htm,Salt River Bay National Historical Park and Ecological Preserve uniquely documents the human and natural Caribbean world from the earliest indigenous settlements in the central Caribbean to their clash with seven different colonial European powers to the present day.,National Historical Park and Ecological Preserve,17.77908602,-64.75519348,VI,"There are several air carriers to St Croix arriving at the Henry E. Rohlesen Airport. The park is five miles from Christiansted National Historic Site and can be reached by car via Rt. 75 from Christiansted, connecting to Route 80. Cars may be rented at the airport and various other island locations. Ask your lodging hosts for information about guided land tours.",http://www.nps.gov/sari/planyourvisit/directions.htm,Welcome to the tropics!,USA
CCE1AD17-9B13-4D74-9CAC-0278D5477316,saan,San Antonio Missions,San Antonio Missions National Historical Park,https://www.nps.gov/saan/index.htm,"Welcome to San Antonio Missions, a National Park Service site and the only UNESCO World Heritage Site in Texas. After thousands of years, South Texans faced drought, European diseases, and colonization. In the 1700s, these Indigenous South Texans foreswore their traditional subsistence lifestyle and assimilated for survival to the Spanish ways, accepting a new religion, diet, economy and more.",National Historical Park,29.31262089,-98.4289522,TX,"Park Headquarter's is located 4 miles south of downtown San Antonio. The four mission sites lay as a chain south of downtown. Mission Concepción is 3 miles, Mission San José and the park visitor center is 6 miles south, Mission San Juan is 3 miles south of San José, and Mission Espada lays another mile beyond. Written directions and GPS addresses can be found at the link below.",http://www.nps.gov/saan/planyourvisit/directions.htm,"Over the course of a year, the temperature typically varies from 40°F to 95°F and is rarely below 29°F or above 100°F. The warm season lasts from May through September with an average daily high temperature above 90°F and a low of 75°F. The cold season lasts from November through February with an average daily high below 68°F and an average low of 40°F. The relative humidity ranges from 40-80% over the course of the year, which can be very uncomfortable to many people.",USA
C75450D2-9223-4D5F-9BA4-28DBB92CD507,safr,San Francisco Maritime,San Francisco Maritime National Historical Park,https://www.nps.gov/safr/index.htm,"Established in 1988, San Francisco Maritime National Historical Park celebrates America’s maritime heritage on the Pacific Coast. Our 50-acre park has grown around Aquatic Park Cove, a protected area in the stunning San Francisco Bay. As you explore the cove and the historic landmarks around it, you will experience the sights, sounds, and stories of the city’s seafaring past.",National Historical Park,37.81005871,-122.4244415,CA,"The park is located within the city limits of San Francisco, in the Fisherman's Wharf neighborhood, on the shoreline of San Francisco Bay.",http://www.nps.gov/safr/planyourvisit/directions.htm,"San Francisco is located in a Mediterranean climate. The rainy season usually lasts from November to March. The warmest months are usually September and October. The famous San Francisco fog begins rolling in through the Golden Gate in the spring and can persist throughout the summer months. That said, the city can be foggy and windy any time of the year, so if your visit to “sunny California” includes a stop in San Francisco, bring some warm clothing. The average annual temperature is 62.5°F (16.9°C).",USA
"63A8DCC0-0A62-4164-BF0B-51F6369B9E8B",sajh,San Juan Island,San Juan Island National Historical Park,https://www.nps.gov/sajh/index.htm,"San Juan Island is well known for its splendid vistas, saltwater shores, quiet woodlands, orca whales and one of the last remaining native prairies in the Puget Sound/Northern Straits region. But it was also here in 1859 that the United States and Great Britain nearly went to war over possession of the island, the crisis ignited by the death of a pig.",National Historical Park,48.51241933,-123.0610277,WA,"San Juan Island is served by Washington State Ferries, several private cruise and shuttle craft and two air carriers (one of which has both land and seaplane service). The Washington State Ferries terminal is 85 miles north of Seattle and 90 miles south of Vancouver, BC in Anacortes, WA.",http://www.nps.gov/sajh/planyourvisit/directions.htm,"Spring: Temperatures usually range from 40 F to 60 F. Wildflowers are at their peak around May. Summer: Temperatures usually range from 45 F to 70 F. On very sunny days, be prepared with water-heat exhaustion is a common complaint among park visitors who are unprepared. Fall: Temperatures usually range from 40 F to 65 F. Rain is common. Winter: Temperatures range from 35 F to 50 F. Be prepared with cold and wet weather gear and numerous layers if you intend to be outside. Rain and wind are common.",USA
"2E4D4918-95DF-4D99-9DEC-C6ADEB330281",saju,San Juan,San Juan National Historic Site,https://www.nps.gov/saju/index.htm,San Juan National Historic Site preserves stories of great ambition and aspirations. Countries fought for control of this tiny yet strategic island for centuries. Generations of soldiers have lived and worked within the forts. Visitors today are as inspired by these stories as they are by the beauty of the architecture and the ingenuity of design and engineering of this World Heritage Site.,National Historic Site,18.46873857,-66.11848623,PR,"From Luis Muñoz Marín International Airport - Get on Expreso Román Baldorioty de Castro/PR-26 from Av. Aeropuerto - Merge onto Expreso Román Baldorioty de Castro/PR-26 - Follow Avenida Luis Muñoz Rivera to Calle Norzagaray, Old San Juan",https://goo.gl/maps/Zdqe83YFksT1EzKd9,"Puerto Rico enjoys year round tropical climate. Winters are breeze and summers are mostly hot and humid. It rains all year long with a ""dry"" season in April. Temperatures range from 80's in the winter to 90's in the summer. The hurricane season starts in June and ends in November. On the longest day, June 22nd, the sun sets around 7 PM. On the shortest day, December 22nd, the sun sets around 4:30 PM.",USA
"13E255FA-F68C-491C-828C-59E5B4FA2600",sand,Sand Creek Massacre,Sand Creek Massacre National Historic Site,https://www.nps.gov/sand/index.htm,"On November 29th, 1864, Chiefs Black Kettle, White Antelope, Left Hand and others were encamped with around 750 Arapaho and Cheyenne people in a valley by the Big Sandy Creek. A hope for peace, brought forth by Black Kettle was in the balance. It was a tragic day where the blood of the Cheyenne and Arapaho was shed, and a painful memory for generations of Native Americans was made.",National Historic Site,38.56414189,-102.5169542,CO,"The Sand Creek Massacre is located in Kiowa County, Colorado. To visit the site, follow Colorado State Highway 96 east off Highway 287 near Eads, or west off Highway 385 at Sheridan Lake. Near Chivington, turn north onto County Road 54/Chief White Antelope Way or at Brandon, turn north onto County Road 59. Follow these roads to their intersections with County Road W. The park entrance is along CR W a mile east (right) of CR 54 or several miles west (left) of CR 59. Eight miles of dirt/sand roads lead to the",http://www.nps.gov/sand/planyourvisit/directions.htm,"Weather conditions at the park vary considerably. Temperatures range from over 100°F in summer to under 20°F in winter. Visitors can expect blowing dust and sand year-round, especially during infrequent storms. Some of these storms produce violent tornadoes or large blizzards, so prepare accordingly, and contact the on-duty Ranger to ask about road conditions at (719)-438-5916",USA
"2B14155F-0E31-43F3-8B87-8B1DA6FA0BF7",safe,Santa Fe,Santa Fe National Historic Trail,https://www.nps.gov/safe/index.htm,"You can almost hear the whoops and cries of ""All's set!"" as trail hands hitched their oxen to freight wagons carrying cargo between western Missouri and Santa Fe, New Mexico. Follow the Santa Fe National Historic Trail through five states and you'll find adventure and evidence of past travelers who made this remarkable trip before you!",National Historic Trail,37.7276522226,-99.921969227,"CO,KS,MO,NM,OK",You can visit many sites of the Santa Fe National Historic Trail over the 900-mile historic route that crosses five states.,http://www.nps.gov/safe/planyourvisit/directions.htm,"Due to the length of the Santa Fe National Historic Trail, be sure to consult local weather sources for the region you'll be visiting. Check out the forecast with the National Weather Service and search for the area you'd like to visit: weather.gov",USA
"6E020F5D-3F97-4A43-88E6-C68254B55F2C",samo,Santa Monica Mountains,Santa Monica Mountains National Recreation Area,https://www.nps.gov/samo/index.htm,"The Santa Monica Mountains offer easy access to surprisingly wild places. Experience the famous beaches of Malibu or explore more than 500 miles of trails. The park abounds with historical and cultural sites, from old movie ranches to Native American centers. What will you and your family discover?",National Recreation Area,34.09777606,-118.7708619,CA,"There are multiple trailheads around the park, so there is not one main entrance. You can begin your visit at the visitor center, located off Mulholland Highway in Calabasas. The Santa Monica Mountains are traversed by the 405 Freeway on the east side; crowned by the 101 Freeway on the north and west side; and Highway 1, the Pacific Coast Highway (PCH), on the southern ocean border.",http://www.nps.gov/samo/planyourvisit/directions.htm,Summers are hot and dry while winters are cool and wet.,USA
"3D0F91B3-E847-4F75-9028-D26D269438F5",sara,Saratoga,Saratoga National Historical Park,https://www.nps.gov/sara/index.htm,"In 1777, a large British invasion force met an equally large American army here at Saratoga. After two intense battles, an eight-mile retreat, and a three-day siege, British General John Burgoyne surrendered his entire force. This first ever surrender of a British Army is one of the pivotal moments in determining the outcome of the Revolutionary War, forever changing the future of the world.",National Historical Park,42.99522612,-73.63386108,NY,"Saratoga National Historical Park is located between U.S. Route 4 and N.Y. Route 32, about 4 miles north of the Village of Stillwater, N.Y. The park is roughly 40 miles north of Albany, N.Y. and 14 miles southeast of Saratoga Springs, N.Y. More detailed directions, and downloadable maps, are available on our website.",http://www.nps.gov/sara/planyourvisit/directions.htm,The park experiences all four seasons. Temperatures can be as low as -20 degrees Fahrenheit in winter and as high as 100 degrees Fahrenheit in summer. Check local weather reports for more detailed information.,USA
A83EFD38-9FCF-4996-A957-FE416A8C6B6D,sair,Saugus Iron Works,Saugus Iron Works National Historic Site,https://www.nps.gov/sair/index.htm,"In the 1600's, on the banks of the Saugus River, something extraordinary happened! Explore the place where European iron makers brought their special skills to a young Massachusetts colony. Saugus Iron Works is a twelve-acre National Historic Site that includes working waterwheels, forges, mills, a historic 17th century home, and a lush river basin.",National Historic Site,42.46830664,-71.0076953,MA,The park is accessible via Interstate 95 (Walnut St.) and Route 1 (Main St. / Walnut St.). Public transportation options are available through the Massachusetts Bay Transportation Authority (MBTA).,https://www.nps.gov/sair/planyourvisit/directions.htm,"New England weather is unpredictable year-round. Monthly averages, in degrees Fahrenheit, are: January: 37 high, 20 low February: 40 high, 23 low March: 47 high, 30 low April: 57 high, 38 low May: 67 high, 48 low June: 76 high, 58 low July: 82 high, 63 low August: 80 high, 62 low September: 73 high, 55 low October: 62 high, 45 low November: 52 high, 37 low December: 42 high, 27 low",USA
"48ED0744-7B8A-4FFD-BEFC-C4AC22A7D649",scbl,Scotts Bluff,Scotts Bluff National Monument,https://www.nps.gov/scbl/index.htm,"Towering 800 feet above the North Platte River, Scotts Bluff has served as a landmark for peoples from Native Americans to emigrants on the Oregon, California and Mormon Trails to modern travelers. Rich with geological and paleontological history as well as human history, there is much to discover while exploring the 3,000 acres of Scotts Bluff National Monument.",National Monument,41.83464193,-103.7071351,NE,"Visitors traveling east-west on Interstate 80 can exit at Kimball, Nebraska and drive 45 miles north on Nebraska Highway 71. Follow National Park Service signs three miles west of Gering, Nebraska to Old Oregon Trail Road. Turn west onto Old Oregon Trail Road and follow it approximately 2 miles to the monument visitor center on the right. Visitors travelling along the North Platte River using US Highway 26 or Nebraska Highway 92, should follow the National Park Service signs.",http://www.nps.gov/scbl/planyourvisit/directions.htm,"Summers at Scotts Bluff are generally dry and high temperatures are usually in the 80's and 90's, although they can reach above 100 on occasion. Hikers are strongly advised to carry water. Winter daytime temperatures are usually in the 40's or low 50's, with overnight lows below freezing and, on occasion, below 0 degrees Fahrenheit. Although it can be windy any time of the year, spring is the windiest season.",USA
F5676388-94E5-45D2-8A51-344C825F5C12,semo,Selma To Montgomery,Selma To Montgomery National Historic Trail,https://www.nps.gov/semo/index.htm,"Established by Congress in 1996, the Selma to Montgomery National Historic Trail commemorates the people, events, and route of the 1965 Voting Rights March in Alabama. Led by Dr. Martin Luther King, Jr., Black and White non-violent supporters fought for the right to vote in Central Alabama. Today, you can connect with this history and trace the events of these marches along the 54-mile trail.",National Historic Trail,32.27082092,-86.72823702,AL,"March Route - The National Historic Trail follows the actual march route which began at Brown Chapel, A.M.E. Church in Selma, AL, located on Martin Luther King, Jr. Street. Follow the Trail markers to U.S. Hwy. 80 through Lowndes County, AL. Continue on U.S. Hwy. 80 to Montgomery concluding at the Alabama State Capitol in Montgomery, AL, located on Dexter Avenue.",http://www.nps.gov/semo/planyourvisit/directions.htm,"Depending on the season, temperatures can soar from the extremes of heat and humidity in the summer to damp, wet cold temperatures in the winter. During the summer season visitors should wear light, comfortable clothing, shoes and use sunscreen. High temperatures and humidity create higher risk of heat cramps, heat exhaustion and heatstroke. During the fall visitors should have a light jacket available as temperatures can drop suddenly. Winter temperatures can be range from mild to extremely cold.",USA
"7E5A693C-2F63-44FD-B791-31FC8B8B6285",seki,Sequoia & Kings Canyon,Sequoia & Kings Canyon National Parks,https://www.nps.gov/seki/index.htm,"Huge mountains, rugged foothills, deep canyons, vast caverns, and the world’s largest trees exemplify the diversity of landscapes, life, and beauty here. Explore these pages to plan your visit or to learn about the plants and animals here and the threats they face. Ancient giant sequoias may seem invincible, but they, too are vulnerable.",National Parks,36.71277299,-118.587429,CA,"Two highways enter the parks. Hwy 180 from Fresno leads east to Kings Canyon National Park, then continues 30 miles east to Cedar Grove. Hwy 198 from Visalia leads east to Sequoia National Park via Three Rivers. Inside the parks, Highway 198 becomes the Generals Highway, which connects 198 to 180. Vehicles over 22-feet long should enter the parks via Highway 180. In winter, the Generals Highway between the parks often closes. Chains may be required on park roads. No roads cross the parks east to west.",http://www.nps.gov/seki/planyourvisit/directions.htm,"Because of the extreme elevation range in the parks, weather conditions vary widely between areas. In summer, the sequoia groves have comfortable temperatures and the foothills are hot and dry. Snow lingers on high-mountain passes well into summer. In fall, conditions can range from summer-like to winter-like. Winter brings snow to sequoia groves and rain to the foothills. Be prepared for tire chain requirements. Spring is a great time to hike in the foothills and snow begins to melt at higher elevations.",USA
E991C8BC-C203-4A09-AFD5-87380CF5C387,shen,Shenandoah,Shenandoah National Park,https://www.nps.gov/shen/index.htm,"Just 75 miles from the bustle of Washington, D.C., Shenandoah National Park is a land bursting with cascading waterfalls, spectacular vistas, fields of wildflowers, and quiet wooded hollows. With over 200,000 acres of protected lands that are haven to deer, songbirds, and black bear, there's so much to explore...and your journey begins right here!",National Park,38.49236644,-78.46907715,VA,"Shenandoah National Park is located in the Blue Ridge Mountains of Virginia, west of Washington, D.C. It stretches 105 miles and has four entrances: Front Royal (northern entrance), Thornton Gap, Swift Run Gap, and Rockfish Gap (southern entrance to Shenandoah and the northern entrance to the Blue Ridge Parkway). The physical address listed is to the administrative offices, not the Park itself. GPS can be unreliable for navigating to the Park, so we encourage you to check out our website for more info.",http://www.nps.gov/shen/planyourvisit/directions.htm,"Shenandoah National Park has four very distinct seasons. Spring typically brings mild temperatures, rain, and wildflowers. Summer brings lush green forests, but can be hot and very humid. Fall follows with cooler temperatures and spectacular fall foliage. Winter can bring snow and ice. The park spans roughly 100 miles, which means that weather can vary greatly depending on your location. The mountain is usually 10°F cooler than the valley below. Always check the forecast, dress in layers, and be prepared.",USA
B6E3A992-3217-4BC0-AC64-A699B45971CA,shil,Shiloh,Shiloh National Military Park,https://www.nps.gov/shil/index.htm,"Visit the sites of the most epic struggle in the Western Theater of the Civil War. Nearly 110,000 American troops clashed in a bloody contest that resulted in 23,746 casualties; more casualties than in all of America's previous wars combined. Explore both the Shiloh and Corinth battlefields to discover the impact of this struggle on the soldiers and on the nation.",National Military Park,35.13850907,-88.3421072,"TN,MS","The park is 110 miles from the Memphis airport and 150 miles from the Nashville airport. From the west (Memphis, Tennessee, area): Take Highway 72 East to Corinth, Mississippi. From the Corinth Civil War Interpretive Center, take Highway 22 North to the Shiloh Battlefield. From the northeast (Nashville, Tennessee, area): Take Interstate 40 West to the Parker's Crossroads Exit. Then take Highway 22 South to Shiloh Battlefield. Continue on Highway 22 South to the Corinth Civil War Interpretive Center.",http://www.nps.gov/shil/planyourvisit/directions.htm,Shiloh National Military Park traditionally experiences mild winters and hot summers with an average high of 90 degrees in the summer and 50 in winter; average lows in the winter are 34 degrees but single digits are not unusual. Rainfall in the area averages 57 inches a year with an additional 2-3 inches of ice/snow and violent thunderstorms can take place at any time of year.,USA
"6258CAD9-1932-4A40-8FA1-891C51978345",sitk,Sitka,Sitka National Historical Park,https://www.nps.gov/sitk/index.htm,"On an island amid towering spruce and hemlock, Sitka National Historical Park preserves the site of a battle between invading Russian traders and indigenous Kiks.ádi Tlingit. Totem poles from Tlingit and Haida areas line the park’s scenic coastal trail, and the restored Russian Bishop’s House is a rare reminder of Russia’s colonial legacy in North America.",National Historical Park,57.04718173,-135.3156876,AK,"Sitka National Historical Park is located in downtown Sitka, Alaska. Sitka is situated on Baranof Island, on the outer coast of Alaska's Inside Passage. No roads connect the city to the mainland; Sitka can be reached only by air or sea. Visitors can travel to Sitka by scheduled and charter air services, ferry, and cruise ships.",https://www.nps.gov/sitk/planyourvisit/directions.htm,"Sitka experiences a temperate maritime climate, characterized by heavy precipitation and a small temperature range between seasons. Summer temperatures range from high 50s to high 60s F with frequent rain. Winter is rainy and snowy with temperatures from the high teens to the 40s F. Well prepared visitors will have rain gear and layered clothing at any time of year.",USA
"739AFEBE-BF00-4A3E-A369-85E74F6E6739",slbe,Sleeping Bear Dunes,Sleeping Bear Dunes National Lakeshore,https://www.nps.gov/slbe/index.htm,"Miles of sand beach, bluffs that tower 450’ above Lake Michigan, lush forests, clear inland lakes, unique flora and fauna make up the natural world of Sleeping Bear Dunes. High dunes afford spectacular views across the lake. An island lighthouse, US Life-Saving Service stations, coastal villages, and picturesque farmsteads reflect the park’s rich maritime, agricultural, and recreational history.",National Lakeshore,44.92844962,-86.02706591,MI,"From the south (Detroit or Chicago areas) :Take US-31, US-131, US-27 to M-115 & M-37, I-75 and M-72 North to Traverse City, then west on M-72 to the Village of Empire. You will see the visitor center as you enter Empire on your right. You may also get to Empire from the south via US-31 to Ludington and then north to Manistee. You can follow either US-31 or M-22 from north of Manistee. From the north (Michigan's Upper Peninsula), take I-75 to Grayling and follow M-72 to Traverse City or take US-31 south",http://www.nps.gov/slbe/planyourvisit/directions.htm,"Spring: Temperatures usually range from 40 F to 70 F. Rain is common. Summer: Temperatures usually range from from 50 F to 83 F. Rain and sun are equally common. On very sunny days, be prepared with plenty of water--heat exhaustion is common, especially when hiking on the dunes. Fall: Temperatures range from 40 F to 70 F. Fall foliage is at its peak around mid September. Winter: Temperatures range from 15 F to 40 F. Snow is common and is on the ground for most of the winter. Dress in warm layers.",USA
"8E5D875F-418A-40FD-B8C4-DBE8026A5CC5",spra,Springfield 1908 Race Riot,Springfield 1908 Race Riot National Monument,https://www.nps.gov/spra/index.htm,"In August 1908, a large White mob attacked the Black community in Springfield, Illinois. Rioters destroyed homes and businesses and lynched two men. The event led to the founding of the National Association for the Advancement of Colored People (NAACP). Today, archeological evidence gives a rare glimpse into a community devastated by the race riots of the early 20th century.",National Monument,39.8027,-89.6422,IL,"Springfield 1908 Race Riot National Monument is a new national park located in central Springfield, Illinois. No facilities or services are available. The park is currently surrounded by a construction project and visiting is not advised.",https://www.nps.gov/spra/planyourvisit/directions.htm,Summers in Illinois are hot and humid. Winters can be cold and windy.,USA
E01A7425-C74B-4E71-853D-681AD2FB948A,spar,Springfield Armory,Springfield Armory National Historic Site,https://www.nps.gov/spar/index.htm,"For nearly two centuries, the U.S. Armed Forces and American industry looked to Springfield Armory for innovative engineering and superior firearms. Springfield Armory National Historic Site commemorates the critical role of the nation’s first armory by preserving and interpreting the world's largest historic US military small arms collection, along with historic archives, buildings and landscape.",National Historic Site,42.1086368,-72.57967415,MA,"The entrance to Armory Square is on Federal Street in Springfield, MA. Armory Square is shared by Springfield Armory NHS and Springfield Technical Community College (STCC). The park is located on the STCC campus. Follow the one way roadway around until you see the entrance sign for the park. If stopped by campus security let them know you are visiting the park. Parking is available in front of the Springfield Armory visitor center.",http://www.nps.gov/spar/planyourvisit/directions.htm,"Springfield Armory National Historic Site is situated in the heart of Western Massachusetts and the Pioneer Valley. Our year is marked by four distinct seasons. Summers tend to be pleasant, but can at times be very hot and very humid. Autumn features brilliant foliage and cooler, calmer weather. Winter storms are capable of closing the park and can make travel dangerous. Springtime in New England is pleasant.",USA
F22ED7C4-DDB8-43F8-AAF2-D474864352DA,stsp,Star-Spangled Banner,Star-Spangled Banner National Historic Trail,https://www.nps.gov/stsp/index.htm,"For three years the young United States was embroiled in the War of 1812 and the Chesapeake Bay region felt the brunt of it, choked by shipping blockades and ravaged by enemy raids. Through sites and landscapes in Virginia, the District of Columbia, and Maryland, the Trail tells the stories of the events, people, and places that led to the birth of the U.S. national anthem.",National Historic Trail,39.2872505188,-76.6034317017,"MD,VA,DC","The Trail's headquarters is at Fort McHenry National Monument and Historic Shrine. The park is three miles southeast of the Baltimore Inner Harbor and just off I-95. Follow the brown Fort McHenry directional signs along all major routes to the park. From I-95 northbound, take Exit 55 Key Highway and follow Fort McHenry signs. To visit other trail locations, download a trail map.",https://www.nps.gov/stsp/planyourvisit/directions.htm,"The Star-Spangled Banner National Historic Trail is made up of parks, museums, outdoor trails, and waterways throughout the Chesapeake Bay region. Weather can effect the hours of operation and access points to many sites along the trail. Exercise caution when exploring the trail outdoors. Dress appropriately for seasonal conditions such as heat, snow, and ice. Parks, museums, and visitor centers may be impacted by weather conditions year round. Please call ahead to your planned trail stop for updates on",USA
"6E3608BE-63AA-4379-A543-97D2FCBF12F1",stli,Statue Of Liberty,Statue Of Liberty National Monument,https://www.nps.gov/stli/index.htm,"""The Statue of Liberty Enlightening the World"" was a gift of friendship from the people of France to the United States and is recognized as a universal symbol of freedom and democracy. The Statue of Liberty was dedicated on October 28, 1886. It was designated as a National Monument in 1924. Employees of the National Park Service have been caring for the colossal copper statue since 1933.",National Monument,40.6898,-74.0451,NY,"Liberty Island is located in New York Harbor and can only be reached by ferry boat. Ferries operated by Statue City Cruises depart from The Battery in Lower Manhattan in New York City, New York, and Liberty State Park in Jersey City, New Jersey.",http://www.nps.gov/elis/planyourvisit/directions.htm,It is typically colder and more windy in New York Harbor than in elsewhere in the New York City metropolitan area. Winters are cold and damp. Spring and Fall can range from chilly to warm. Summers are warm to hot and humid.,USA
EDD278F5-E9A8-4A40-BA41-9809ED8E025D,stge,Ste. Geneviève,Ste. Geneviève National Historical Park,https://www.nps.gov/stge/index.htm,"Established by 1750, Ste. Geneviève was the first permanent European settlement in Missouri. Early French Canadian settlers were drawn here by the rich agricultural land known as Le Grand Champ (the Big Field). After the flood of 1785, the town relocated to its present location on higher ground approximately three miles to the northwest of its original site.",National Historical Park,37.9792171421,-90.0432157516,MO,"From north of Ste. Genevieve (e.g. St. Louis), take I-55 South to exit 150. Follow MO-32 East for about 4 miles. Turn right on Market Street. From south of Ste. Genevieve (e.g. Cape Girardeau), take I-55 North to exit 150. Follow MO-32 East for about 4 miles. Turn right on Market Street. From southern Illinois, you can also take the Ste. Genevieve - Modoc Ferry across the Mississippi. Please visit http://stegenmodocferry.com/ for hours and rates.",https://www.nps.gov/stge/planyourvisit/directions.htm,"The weather in Ste. Genevieve is typical of a midwestern climate. High heat and humidity, severe thunderstorms, snow and ice, and extreme cold are all possible depending upon the season. The average high in July is 88 degrees and the average low in January is 22 degrees. The area averages 41 inches of precipitation annually. Please plan your visit accordingly.",USA
"3BF9BCEE-F6AE-4DEC-8F80-9CD23C0767BE",stea,Steamtown,Steamtown National Historic Site,https://www.nps.gov/stea/index.htm,"You'd feel heat from the firebox, smell hot steam and oil; you'd hear the whistle, feel the ground vibrate, and watch as one-ton drive rods turned steel wheels. Remember the sound of ""chuff-chuff"" from the smokestack? Today, you can learn the history of steam railroad transportation, and the people who built, repaired and rode, as we work to preserve a special era in America's industrial history!",National Historic Site,41.40757521,-75.67037255,PA,"Our GPS coordinates are: N 41.410730 (latitude), W 75.671329 (longitude) using our Park entrance, Lackawanna Ave at Cliff St, 18503 General Driving Directions: Take I-81 to exit 185. Continue onto President Biden Expressway (formerly known as Central Scranton Expressway) and follow signs to Mifflin Ave. Turn left onto Mifflin Ave. Turn right onto Lackawanna Ave. Turn left onto Cliff St (Park entrance).",https://www.nps.gov/stea/planyourvisit/directions.htm,"Warm and sometimes humid summers; cold and rainy or snowy winters. Wear seasonable clothing and good walking shoes. For travel aboard the summer and fall seasonal excursion trains, please note that the commuter-type coaches are not air-conditioned, or may not be heated. Therefore, we recommend that you dress appropriately for the season that you plan to visit us!",USA
"89157226-8474-4BAE-B471-F1730993A468",stri,Stones River,Stones River National Battlefield,https://www.nps.gov/stri/index.htm,"The Battle of Stones River began on the last day of 1862 and was one of the bloodiest conflicts of the Civil War. The battle produced important military and political gains for the Union, and it changed forever the people who lived and fought here.",National Battlefield,35.87608652,-86.43078399,TN,From Interstate 24 - Take Exit 76 and turn left (eastbound) or right (westbound) onto Medical Center Parkway. Turn left onto Thompson Lane. Turn left at the park entrance at 1563 N. Thompson Lane. Follow the tour road to the visitor center. From Interstate 40 - Take Exit 235 onto TN 840. Take Exit 55 onto US 41/TN 70 and follow the signs for Murfreesboro. Turn right onto Thompson Lane at the first traffic light. Turn right at the park entrance at 1563 N. Thompson Lane.,http://www.nps.gov/stri/planyourvisit/directions.htm,"Summer is hot and humid with highs in the 90s. Spring and fall are pleasant. Winter temperatures are variable, but temperatures may drop below freezing with occasional snow.",USA
E65E7D88-D280-4B41-B700-BF1DC219BA38,ston,Stonewall,Stonewall National Monument,https://www.nps.gov/ston/index.htm,"Before the 1960s, almost everything about living openly as a lesbian, gay, bisexual, transgender, or queer (LGBTQ+) person was illegal. The Stonewall Uprising on June 28, 1969 is a milestone in the quest for LGBTQ+ civil rights and provided momentum for a movement.",National Monument,40.7337799072,-74.0006866455,NY,"Christopher Park is bounded by Christopher, Grove, and West Fourth Streets. By subway, take the Broadway 1 Line - 7th Avenue local to Christopher Street-Sheridan Square Station; or via the 7th Avenue bus line on the M8 or M20. From Jersey City, take the Holland Tunnel to Ericsson Pl, via exit 3, then take the Avenue of the Americas north to Christopher Street. From Brooklyn take the Manhattan Bridge to Canal Street, then take the Avenue of the Americas north to Christopher Street.",http://www.nps.gov/ston/planyourvisit/directions.htm,New York City experiences all four seasons. It is typically hot in the summer and cold in the winter with cool springs and autumns.,USA
"52911672-4464-4569-984C-DC6DE1EE208F",sucr,Sunset Crater Volcano,Sunset Crater Volcano National Monument,https://www.nps.gov/sucr/index.htm,"The lava flow lies on the land like a dream, a wonderland of rock. A thousand years ago the ground was torn open and lava erupted into the sky, forever changing the landscape and the lives of the people who lived here. A thousand years later, trees and flowers grow among the rocks, and people visit the lava flow to see and remember the most recent volcanic eruption in Arizona.",National Monument,35.37114323,-111.510376,AZ,"From Flagstaff, travel north on US Highway 89; from Page and the east entrance of the Grand Canyon, travel south on Highway 89. Sunset Crater Volcano and Wupatki National Monuments are both on the loop road FR-545, which meets Highway 89 near mile markers 430 (Sunset Crater Volcano) and 444 (Wupatki).",http://www.nps.gov/sucr/planyourvisit/directions.htm,"Be prepared for variable and extreme weather conditions. Expect high winds any time of year. Summer temperatures are often above 95ºF (35ºC) and we have afternoon thunderstorms from July through September. Snow, ice, and freezing temperatures are common in the winter. Dress in layers, as weather at Sunset Crater Volcano can change quickly at any time of year.",USA
"76F87FF4-4BAD-453E-8013-2DA8924A5D94",tapr,Tallgrass Prairie,Tallgrass Prairie National Preserve,https://www.nps.gov/tapr/index.htm,"Tallgrass prairie once covered 170 million acres of North America, but within a generation most of it had been transformed into farms, cities, and towns. Today less than 4% remains intact, mostly in the Kansas Flint Hills. Established on November 12, 1996, the preserve protects a nationally significant remnant of the once vast tallgrass prairie ecosystem. Here the tallgrass makes its last stand.",National Preserve,38.44023613,-96.5670822,KS,"The preserve is located in northern Chase County, Kansas 2 miles north of intersection U.S. Hwy 50 and Flint Hills National Scenic Byway 177 (K-177) west of Strong City. Watch for brown attraction signs. **2 miles north of Strong City, KS on K-177** **16 miles west of Emporia, KS on U.S. Hwy 50 and 2 miles north on K-177** **17 miles south of Council Grove, KS on K-177** **85 miles northeast of Wichita on I-35, U.S. Hwy 50, and K-177** **60 miles southwest of Topeka on I-335 (Kansas Turnpike) to Emporia**",http://www.nps.gov/tapr/planyourvisit/directions.htm,Typical weather for the preserve ranges from lows of 0 degrees in the winter and highs of 90 + degrees in the summer. Prevailing prairie winds attribute to winter blizzards and occasional summer storms. Thunderstorms that form on the Great Plains have a rare chance of producing tornadoes. Lightning poses a danger when hiking into the prairie. Please check current weather conditions at NOAA before hiking into the preserve.,USA
"2CA10B86-DCA3-456F-8C9A-A3A6C9288573",thko,Thaddeus Kosciuszko,Thaddeus Kosciuszko National Memorial,https://www.nps.gov/thko/index.htm,Visit the house where wounded Polish freedom fighter Thaddeus Kosciuszko lived and hear how this brilliant military engineer designed successful fortifications during the American Revolution. See the room where he received notable visitors such as Chief Little Turtle and Thomas Jefferson.,National Memorial,39.94345312,-75.14732045,PA,The Thaddeus Kosciuszko National Memorial is located at 301 Pine Street in Philadelphia. It is within walking distance of Independence Hall and the Liberty Bell Center. Parking is quite limited near the site. The site is easily accessible by public transportation. See the park's web page for directions.,http://www.nps.gov/thko/planyourvisit/directions.htm,"Summers are typically hot and muggy, fall and spring are generally mild, and winter is cold. Snowfall is highly variable, with some winters bringing only light snow and others bringing several major snowstorms, with the normal seasonal snowfall standing at 22.4 in (57 cm). Precipitation is generally spread throughout the year, with eight to twelve wet days per month.",USA
C59FE971-54EE-447C-9DCE-CB781949B0B8,whho,The White House and President's Park,The White House and President's Park,https://www.nps.gov/whho/index.htm,"Every president except George Washington has called the White House home and has run the executive branch of the United States government from within its walls. Recognizable around the world, the White House stands as a symbol of democracy. The White House and its park grounds also serve as an iconic place for civil discourse.","",38.89541886,-77.03654147,DC,"The White House is located in downtown Washington, DC, directly north of the Washington Monument. The park boundaries are between 17th and 15th Streets NW on the east and west and between Constitution Ave NW and H St NW on the north and south. The nearest Metro stations are Farragut North/South, McPherson Square, and Federal Triangle. The park visitor center is located at 15th St. & Pennsylvania Ave.",http://www.nps.gov/whho/planyourvisit/directions.htm,"The Washington, DC, area has a four-season Mid-Atlantic climate. Summertime is warm and humid, while winter can be cold and snowy. Precipitation averages 2-4” monthly, year-round. The warmest months are June, July, and August, with average highs in the 80s (~31) combined with high humidity. Temperatures often climb into the 90s (~34). The coldest months are December, January, and February, with average temperatures in the 30s (~3), though lows may dip into the single digits on occasion.",USA
B32A4A36-E7CC-4A93-97DB-3F48565D2DA4,thrb,Theodore Roosevelt Birthplace,Theodore Roosevelt Birthplace National Historic Site,https://www.nps.gov/thrb/index.htm,"This is the boyhood home of the first U.S. president to be born in New York City. Raised in a townhouse at 28 E. 20th St., Theodore Roosevelt would grow up to be our 26th President and become immortalized on Mount Rushmore. However, he started life as a sickly yet bright boy who exercised to improve his health and began a lifelong passion for the ""strenuous life.""",National Historic Site,40.7386469,-73.98903703,NY,"Theodore Roosevelt Birthplace National Historic Site is located in New York City at 28 East 20th Street, between Park Avenue South and Broadway.",http://www.nps.gov/thrb/planyourvisit/directions.htm,"Spring: Temperature range from 30F-70F. Mostly sunny, Rainfall average: 3 inches. Summer: Temperatures range from 60F - 80F. Mostly sunny. Rainfall average: 4.5 inches. Fall: Temperatures range from 30F - 70F. Mostly sunny. Rainfall averages 3-4 inches. Some snow might occur. Winter: Temperatures range from 20F-40F. Snowfall averages 12 days (December-February).",USA
B4AEC074-8652-4B0A-8963-4CD60ECA2349,thri,Theodore Roosevelt Inaugural,Theodore Roosevelt Inaugural National Historic Site,https://www.nps.gov/thri/index.htm,"As president, Theodore Roosevelt created protections for ordinary citizens, began regulation of big business, and made the US a major force in international affairs. Yet one of the most important presidencies in America's history nearly didn't happen. See the place where a brief, emotional, and improvised ceremony in Buffalo, NY brought TR into office, and forever altered the nation.",National Historic Site,42.90146781,-78.87248411,NY,"The TR Inaugural Site is located on the north edge of downtown Buffalo on Delaware Avenue, between Allen and North Streets. Free parking is available to the rear. For details, see http://www.nps.gov/thri/planyourvisit/directions.htm",http://www.nps.gov/thri/planyourvisit/directions.htm,"Summer tends to be mild but humid. Fall moderate temperatures. Winters can have prolonged cold spells and be snowy, with occasional periods of intense snow. Spring mild and rainy.",USA
"42D7081F-2B9B-449C-9BF2-785850AE4865",this,Theodore Roosevelt Island,Theodore Roosevelt Island,https://www.nps.gov/this/index.htm,"In the 1930s, landscape architects transformed Mason’s Island from neglected, overgrown farmland into Theodore Roosevelt Island, a memorial to America’s 26th president. They conceived a “real forest” designed to mimic the natural forest that once covered the island. Today miles of trails through wooded uplands and swampy bottomlands honor the legacy of a great outdoorsman and conservationist.","",38.89584162,-77.06241918,DC,"By Car: accessible from the northbound lanes of the George Washington Memorial Parkway, after Roosevelt Bridge, exit sign, turn right into the parking lot. Please note: park in a designated parking space, US Park Police regularly tickets drivers who park on the grass. By Metro: exit Rosslyn Metro station, walk toward Key Bridge, take short connecting trail downhill from the downstream side of the bridge, across the parkway, and into the parking lot for the island. By Bike: Mount Vernon Trail north end",http://www.nps.gov/this/planyourvisit/directions.htm,"Outdoor trails and memorial plaza subject to weather for Washington, D.C. and Arlington, VA.",USA
B5FE5682-7981-47DD-AC96-13F4B33A466E,thro,Theodore Roosevelt,Theodore Roosevelt National Park,https://www.nps.gov/thro/index.htm,"When Theodore Roosevelt came to Dakota Territory to hunt bison in 1883, he was a skinny, young, spectacled dude from New York. He could not have imagined how his adventure in this remote and unfamiliar place would forever alter the course of the nation. The rugged landscape and strenuous life that TR experienced here would help shape a conservation policy that we still benefit from today.",National Park,47.17777274,-103.4300083,ND,"Theodore Roosevelt National Park is located in the Badlands of western North Dakota. There are three units to the park. The South Unit entrance is in the town of Medora, ND off of Interstate 94 exits 24 and 27. The North Unit entrance is on Highway 85 approximately 14 miles south of Watford City, ND. The remote Elkhorn Ranch Unit sits roughly in the middle of the North and South Units and is accessed via gravel roads. Consult park staff for directions to the Elkhorn Ranch Unit.",http://www.nps.gov/thro/planyourvisit/directions.htm,"In winter, some or all park roads may be closed due to snow.",USA
FE5E320D-BFCC-41EE-8113-BFEA9D6CA8CD,thco,Thomas Cole,Thomas Cole National Historic Site,https://www.nps.gov/thco/index.htm,"In 1825, America was still a new nation, just forming its own unique identity and traditions. Thomas Cole invented a new style of art, one that Americans could call their own. His landscape paintings launched the art movement known as the Hudson River School. His groundbreaking achievements took place here in Catskill, New York -- in the ""peaceful shades"" of his beloved home, Cedar Grove.",National Historic Site,42.22570607,-73.86154864,NY,"The Thomas Cole National Historic Site is located at 218 Spring Street, near the western entrance to the Rip Van Winkle Bridge, in the village of Catskill, New York, at the foot of the Catskill Mountains in the Hudson Valley.",http://www.thomascole.org/hours/,"For details and information, visit, http://www.thomascole.org/.",USA
BFE248C8-40CD-4DC8-AC07-AE61A0D81FF3,edis,Thomas Edison,Thomas Edison National Historical Park,https://www.nps.gov/edis/index.htm,"Today, the brick buildings on Main Street in West Orange, NJ seem quiet, betraying little evidence of the research, development, and innovation of their heyday. Visitors can step back in time to Thomas Edison’s home and laboratory, when machines were run by belts and pulleys and music was played on phonographs. Discover where America’s greatest inventor changed our world forever.",National Historical Park,40.78549896,-74.23821139,NJ,From the Garden State Parkway take exit 145 or from the New Jersey Turnpike take Exit 15W to Route 280 West. Take Route 280 West to Exit 10. Turn right onto Northfield Avenue. At second light turn left onto Main Street. Go about 0.75 mile to parking on left and Laboratory Complex on the right. From Route 280 East take exit 9. Turn left onto Mt. Pleasant Avenue. At second traffic light turn left onto Main Street. Go about 0.50 mile to parking on left and Laboratory Complex on the right.,http://www.nps.gov/edis/planyourvisit/directions.htm,"Spring and Fall weather can be cool, while summer is usually warm and humid. Winter is frequently snowy and cold. It is recommended that visitors dress for the weather. Visitors may need jackets or rain gear as they will be walking between buildings as they tour the park during inclement weather. Please keep any rain gear/umbrellas with you during your visit.",USA
"2D0C31DF-BE78-42A8-812E-1A44602B3D40",thje,Thomas Jefferson Memorial,Thomas Jefferson Memorial,https://www.nps.gov/thje/index.htm,"Author of the Declaration of Independence, statesman and visionary for the founding of a nation.","",38.88101431,-77.03632572,DC,"GPS Coordinates: 38.881387, -77.036508 Thomas Jefferson Memorial is part of the National Mall and Memorial Parks. The site lies at the southern end of the National Mall, adjacent to the Tidal Basin in West Potomac Park. The memorial rests within the sightline to and from the White House, which stands one mile to the north.",http://www.nps.gov/thje/planyourvisit/directions.htm,Washington DC gets to see all four seasons. Humidity will make the temps feel hotter in summer and colder in winter. Spring (March - May) Temp: Average high is 65.5 degrees with a low of 46.5 degrees Summer (June - August) Temp: Average high is 86 degrees with a low of 68.5 degrees Fall (September - November) Temp: Average high is 68 degrees with a low of 51.5 degrees Winter (December - February) Temp: Average high is 45 degrees with a low of 30 degrees (Source: www.usclimatedata.com),USA
DD9075B8-4AC2-4FA4-83F4-A08DFD705C25,thst,Thomas Stone,Thomas Stone National Historic Site,https://www.nps.gov/thst/index.htm,"In 1776, Thomas Stone and 55 others signed the Declaration of Independence. In doing so, Stone risked his home, his family's security, and even his life. Stone supported the Declaration of Independence's promise of freedom. Yet he was also an enslaver, holding many people in bondage at Haberdeventure.",National Historic Site,38.52934443,-77.037813,MD,"Thomas Stone NHS is located on Rose Hill Road, between U.S. Highways 225 and 6, four miles west of LaPlata, MD.",https://www.nps.gov/thst/planyourvisit/directions.htm,Thomas Stone National Historic Site experiences all four seasons. Temperatures can be very warm and humid in the summer months and wet and rainy in the winter months.,USA
"26FBF456-94A2-413C-87D9-DDBCD96815FA",tica,Timpanogos Cave,Timpanogos Cave National Monument,https://www.nps.gov/tica/index.htm,Hike your way past stunning vistas to explore a hidden underground world. Taste the thrill of caving as you twist and bend to enter beautifully decorated rooms. Learn the science behind formations and hear stories of cave exploration and preservation. Experience and discover as you go – geologic mysteries await,National Monument,40.44039719,-111.7093944,UT,"From I-15: Take Exit 284 (Alpine-Highland exit), turn east on State Highway 92 and proceed ten miles (16km) to the monument. UT 40 or U.S. 189: Travel UT 189 through Provo Canyon, west on Orem 800 North (UT 52). After 2.4 miles turn right on State Street UT- 89. After 3.8 miles, turn onto Pleasant Grove 100 East (UT 146). Stay on this road for almost five miles, as it turns in Canyon Road and takes you to the mouth of American Fork Canyon. Turn right up American Fork Canyon to visitor center.",http://www.nps.gov/tica/planyourvisit/directions.htm,"Although inside the caves its always 43-48 F, temperatures on the cave trail can range from the 30s up to above 100 degrees F, depending on time of year. Carrying drinking water is a necessity, especially in summer. In the mountains, weather sometimes presents interesting challenges. The cave and cave trail do not close due to rain, unless that rain is heavy enough to bring rockfall. They will close due to high winds/rockfall, or in lightning storms. Call the visitor center if you have specific concerns.",USA
A1C5A868-68A9-4403-B762-531EBA300E3C,timu,Timucuan,Timucuan Ecological & Historic Preserve,https://www.nps.gov/timu/index.htm,"Visit one of the last unspoiled coastal wetlands on the Atlantic Coast. Discover 6,000 years of human history and experience the beauty of salt marshes, coastal dunes, and hardwood hammocks. The Timucuan Preserve includes Fort Caroline and Kingsley Plantation.",Ecological and Historic Preserve,30.47251894,-81.49950104,FL,"The beautiful expanse of the Timucuan Preserve is located within the city limits of Jacksonville, Florida. The Preserve can be accessed from major roads and highways in and around Jacksonville. Directions to individual park sites such as Kingsley Plantation, American Beach and the Ribault Column can be found on our website. Our main visitor center is located at Fort Caroline, about 14 miles northeast of downtown.",http://www.nps.gov/timu/planyourvisit/directions.htm,"We have mild winters and hot summers. In the winter average highs are in the 60's, lows in the 40's. The summer temperatures reach up into the 90's.",USA
"69C5BC24-3065-401D-86C2-3FAC411E1327",tont,Tonto,Tonto National Monument,https://www.nps.gov/tont/index.htm,"Located within the northern range of the Sonoran Desert lie two cliff dwellings that were occupied from 1300-1450 CE (common era). They represent a vibrant culture consisting of local and immigrant groups that lived in the Tonto Basin. Together they formed a new ideology, which archeologists refer to as Salado. Today, descendants of the cliff dwellers continue to call Arizona home.",National Monument,33.64842945,-111.1135627,AZ,"The cliff dwellings at Tonto National Monument are roughly two hours from the Phoenix metro area, located in the Tonto Basin. The Monument is off AZ Highway 188 near Roosevelt Lake. The nearest major towns are Globe (30 miles) and Payson (50 miles). See our Directions page for recommendations on the best way to drive here from the larger metro areas of Arizona.",http://www.nps.gov/tont/planyourvisit/directions.htm,Weather during the summer can be extremely hot. It is typically 10 degrees Fahrenheit cooler than Phoenix. Winter weather may create hazardous conditions on the roads to Tonto National Monument. Severe thunderstorms may lead to a closure of the hiking trails.,USA
"5216C131-B847-4A97-ACF1-4864714007FF",tosy,Touro Synagogue,Touro Synagogue National Historic Site,https://www.nps.gov/tosy/index.htm,"Touro Synagogue, a building of exquisite beauty and design, steeped in history and ideals, and one of the most historically significant Jewish buildings in America, was designated a National Historic Site in 1946. Dedicated in 1763, it still serves an active congregation and each year greets over 30,000 visitors who come to see the magnificent interior and hear its remarkable story.",National Historic Site,41.4893,-71.3121,RI,For direction information please visit: http://www.tourosynagogue.org/visit/directions,http://www.tourosynagogue.org/visit/directions,Summer temperatures range from 56-83F. Fall temperatures range from 30-70F. Winter temperatures range from 20-45F. Spring temperatures range from 30-70F.,USA
"07A92FEB-682E-4895-8070-3323BC6F9EF7",trte,Trail Of Tears,Trail Of Tears National Historic Trail,https://www.nps.gov/trte/index.htm,"Remember and commemorate the survival of the Cherokee people, forcefully removed from their homelands in Georgia, Alabama, and Tennessee to live in Indian Territory, now Oklahoma. They traveled by foot, horse, wagon, or steamboat in 1838-1839.",National Historic Trail,36.0530021046,-89.6761041963,"AL,AR,GA,IL,KY,MO,NC,OK,TN","You can visit many of the sites along the Trail of Tears National Historic Trail over the 2,200+ mile route that crosses 9 states.",http://www.nps.gov/trte/planyourvisit/directions.htm,"Due to the length of the Trail of Tears National Historic Trail, be sure to consult local weather sources for the region you'll be visiting. Check out the forecast with the National Weather Service and search for the area you'd like to visit: www.weather.gov",USA
C315119F-1597-4C44-A8FA-60D707730FF0,tule,Tule Lake,Tule Lake National Monument,https://www.nps.gov/tule/index.htm,"Tule Lake National Monument includes both Tule Lake Segregation Center, the largest and most controversial of the sites where Japanese Americans were incarcerated during World War II, and Camp Tulelake, which was first a Civilian Conservation Corps camp, then an additional facility to detain Japanese Americans, and finally a prisoner of war camp.",National Monument,41.88727902,-121.3744818,CA,"The visitor center is located 8 miles south of Tulelake CA along Hwy 139 at 44340 Hwy 139. Tulelake, CA 96134. We are the only driveway off the hwy between County Rd 113 & 176. We are currently working on getting our address updated on Google, but as of now Google will put you about and 1/8 mile north of our location. Click the link below for more detailed information on directions.",http://www.nps.gov/tule/planyourvisit/directions.htm,Summer daytime highs average 75° to 80°F; lows average 50°F. Occasional thunderstorms occur in summer. Winter daytime highs average 40°F; lows average 20°F. Morning fog is frequent from autumn through spring.,USA
A576B9F9-5C0A-453C-8DB0-939883FFA57A,tusk,Tule Springs Fossil Beds,Tule Springs Fossil Beds National Monument,https://www.nps.gov/tusk/index.htm,"Over the last ~570,000 years, water has transformed the Upper Las Vegas Valley. Tule Springs Fossil Beds National Monument is an urban park that preserves the unique story of this ever-changing ecosystem.",National Monument,36.3893217,-115.3202223,NV,"Tule Springs Fossil Beds is an urban National Monument located in the northern Las Vegas Valley, Nevada. Two parking areas are available: N. Aliante Parkway & Moonlight Falls Avenue Parking Area and Durango Drive & Moccasin Road Parking Area.",http://www.nps.gov/tusk/planyourvisit/directions.htm,"The Tule Springs Fossil Beds is located within the Mojave Desert, with summer temperatures often exceeding 110° F (43.3° C). There are no sources of water or shade at Tule Springs, so it is recommended that you plan your summer visit (May - September) to Tule Springs before the hottest part of the day and exercise caution. Winter temperatures range, on average, from the low 30's F to low 70's F.",USA
"59E30CB1-C2C3-4444-BCA9-29B0FE16DCCD",tuma,Tumacácori,Tumacácori National Historical Park,https://www.nps.gov/tuma/index.htm,"Tumacácori sits at a cultural crossroads in the Santa Cruz River valley. Here O’odham, Yaqui, and Apache people met and mingled with European Jesuit and Franciscan missionaries, settlers, and soldiers, sometimes in conflict and sometimes in cooperation. Follow the timeworn paths and discover stories that connect us to enduring relationships, vibrant cultures, and traditions of long ago.",National Historical Park,31.567824,-111.051223,AZ,"Tumacácori National Historical Park is located off of Exit 29 of Interstate 19, forty-five miles (80 kilometers) south of Tucson, Arizona, and eighteen miles (26 kilometers) north of Nogales, Arizona.",http://www.nps.gov/tuma/planyourvisit/directions.htm,"Located above the heat of the low desert, Tumacácori National Historical Park is in the mesquite highlands, close to 3,300 feet in elevation, where temperatures are five to ten degrees cooler than Tucson or Phoenix. Visiting the park in this moderate climate is pleasurable during any season of the year but remember to prepare accordingly. Bring layered clothing and drink plenty of water.",USA
"0C7D40DF-85BC-439E-BE58-34E11C1D4095",tupe,Tupelo,Tupelo National Battlefield,https://www.nps.gov/tupe/index.htm,"In July, 1864, Union forces, including men from the United States Colored Troops, marched into Tupelo, Mississippi. Disorganized Confederate soldiers fought fiercely but could not overpower the federal troops. Neither side could claim a clear victory, but Union troops had succeeded in their main goal: keeping the Confederates away from Union railroads in Tennessee.",National Battlefield,34.25557705,-88.73708623,MS,"Tupelo National Battlefield (NB) is a one-acre monument located on Main Street, Tupelo, Mississippi. Main Street in Tupelo is also known as Highway 6 and Highway 278. Tupelo NB sits on the south side of Main Street on the west side of Tupelo. Exit off the Natchez Trace Parkway onto Highway 6 (near Milepost 260), head east, into Tupelo. Travel one mile east and find Tupelo NB on the right side of Main Street. There is limited parking available adjacent to the monument.",http://www.nps.gov/tupe/planyourvisit/directions.htm,"Mississippi is classified as a humid subtropical climate, the weather ranges from mild winters to hot summers with high humidity between May and September. Average high temperatures reach into the high 80's in summer, and into the high 40's in winter. Check local forecasts to plan your trip.",USA
"5AAB8CB5-2F62-4BD7-82D1-E19963FA94C1",tuai,Tuskegee Airmen,Tuskegee Airmen National Historic Site,https://www.nps.gov/tuai/index.htm,"Before the first African American military pilots became known as the ""Red Tails"" they wore striped tails as they began their flight training in the Army's PT-17 Stearman bi-plane. Their flying adventure started at Moton Field, in Tuskegee, Alabama, where the Army Air Corps conducted a military test to determine if African Americans could be trained to fly combat aircraft.",National Historic Site,32.45538671,-85.67983321,AL,"To reach Tuskegee Airmen National Historic Site... From Atlanta, GA - Take I-85S towards Montgomery, AL for approximately 127 miles to Exit 38. Turn left at the stop sign and travel 1/2 mile and turn left on Chappie James Ave. Follow the signs to the Parking Area on left. Follow the path downhill to the Historic Site. From Montgomery, AL - Take I-85N towards Atlanta, GA for approximately 36 miles to Exit 38. Turn right at the stop sign and travel 1/2 mile and turn left on Chappie James Ave.",http://www.nps.gov/tuai/directions,"The weather in Tuskegee is generally sunny, averaging around 218 sunny days annually. Average rainfall is 52 inches a year, with an average snowfall of 0 inches. The high temperature in July is around 92 degrees, and average low in January is around 42 degrees.",USA
"3A9B0972-7F97-4F8C-9B44-A5FA8DEB1AC1",tuin,Tuskegee Institute,Tuskegee Institute National Historic Site,https://www.nps.gov/tuin/index.htm,"In 1881, Booker T. Washington arrived in Alabama and started building Tuskegee Institute both in reputation and literally brick by brick. He recruited the best and the brightest to come and teach here including George Washington Carver who arrived in 1896. Carver’s innovations in agriculture, especially with peanuts, expanded Tuskegee’s standing throughout the country. The story continues….",National Historic Site,32.42962115,-85.70488498,AL,"From Atlanta - Follow I-85S towards Montgomery, AL Take Exit 32 and turn left on the overpass onto Pleasant Springs Dr. Travel approximately 2 miles and turn left on Franklin Rd. (Co. Rd. 30). Follow Franklin Rd. for 3 miles to the traffic light. Park headquarters on the left corner..",http://www.nps.gov/tuin/directions,"The weather in Tuskegee is generally sunny with an average of 218 sunny days annually. Tuskegee gets an average of 52 inches of rain per year. The high in July averages 92 degrees, and the average low in January is 34 degrees.",USA
"64B7871C-C058-45BA-BB7C-D3EAD50B23E8",tuzi,Tuzigoot,Tuzigoot National Monument,https://www.nps.gov/tuzi/index.htm,"Water flows under and through this landscape, feeding the growth of people and towns. The Verde Valley is watered by snowmelt, summer monsoons, and springs that well up from the ancient sedimentary rocks. In the heart of the valley, a thousand years ago, people began to build a little hilltop pueblo that would grow into one of the largest villages in the area.",National Monument,34.77296377,-112.0279069,AZ,"From Phoenix or Flagstaff, take I-17 to exit 287, and then travel west on Highway 260 to Cottonwood. Once in Cottonwood, travel north through the town on Main Street. Just before entering the town of Clarkdale you will see signs directing visitors to the right, to Tuzigoot Rd.",http://www.nps.gov/tuzi/planyourvisit/directions.htm,"Summers are hot! Temperatures range from 95°F (35°C) to 115°F (46°C). Nighttime temperatures can be much cooler, around 70°F (21°C). From June through August, heavy monsoon rains are common in the afternoons. Winters are cooler, sometimes cold. Highs average around 55°F (13°C); lows can be around 15F (-10°C). Snow is rare, but possible. Rainy days are common in the spring.",USA
"89303609-703C-43CB-BA65-5BB96C3698C2",ulsg,Ulysses S Grant,Ulysses S Grant National Historic Site,https://www.nps.gov/ulsg/index.htm,"Ulysses S. Grant is known as the victorious Civil War general who saved the Union and the 18th President of the United States. He first met Julia Dent, his future wife, at her family home, named White Haven. From 1854 to 1859 the Dents, Grants and an enslaved African-American workforce lived on the property.",National Historic Site,38.55182374,-90.35169255,MO,"Ulysses S. Grant is located in south St. Louis County on Grant Road, near Gravois Road to the south. Watson Road is to the north, I-270 is to the west, and Laclede Station Road is to the east.",http://www.nps.gov/ulsg/planyourvisit/directions.htm,"St. Louis weather can be uncomfortable and occasionally severe, so please plan your visit accordingly. High heat and humidity, severe thunderstorms, snow and ice, and extreme cold are all possible depending upon the season. For an update of inclement weather conditions which may affect your visit, call (314)842-1867 and follow the instructions to connect to the inclement weather report.",USA
"09812D3A-1E2B-4402-9ABC-31C79BCB9F6B",upde,Upper Delaware,Upper Delaware Scenic & Recreational River,https://www.nps.gov/upde/index.htm,"Canoe through rapids and quiet pools as the Delaware River winds its way through a valley of swiftly changing scenery or fish amid rolling hills and riverfront villages in one of the finest fishing rivers in the northeastern United States. The clean water of the Delaware, the last major undammed river in the eastern United States, supports a healthy ecosystem and offers tranquility and excitement.",Scenic and Recreational River,41.66172578,-75.03861562,"NY,PA","Many routes will bring you into the river corridor. New York Scenic Route 97 runs parallel to the river and connects Port Jervis, NY and Hancock, NY at each end of Upper Delaware Scenic and Recreational River. To the Zane Grey Museum: From NY 97, turn onto the Roebling Delaware Aqueduct and then turn right onto Scenic Drive. The museum will be located on the right. See complete directions on Upper Delaware Scenic & Recreational River's Directions webpage.",http://www.nps.gov/upde/planyourvisit/directions.htm,Spring: Temperatures usually range from lows of 26°F to highs of 80°F with average rainfall of 5 inches. Summer: Temperatures usually range from lows of 55°F to highs of 85°F with average rainfall of 4 inches. Fall: Temperatures usually range from lows of 30°F to highs of 83°F. Fall foliage is at its peak sometime in October as daily mountain temperatures vary frequently and influence the change. Winter: Temperatures usually range from lows of 15°F to highs of 49°F.,USA
"8908E0CA-3603-4578-B957-837F9813E6D5",vall,Valles Caldera,Valles Caldera National Preserve,https://www.nps.gov/vall/index.htm,"About 1.2 million years ago, a spectacular volcanic eruption created a 14-mile-wide circular depression in the earth now known as Valles Caldera. The preserve is known for its huge mountain meadows, abundant wildlife, and meandering streams. The area also preserves the homeland of ancestral native peoples and embraces a rich ranching history.",National Preserve,35.91682872,-106.5195724,NM,"From Jemez Springs, NM: Follow NM-4 north. The Preserve is about 22 miles from Jemez Springs. Look for the Main Gate and signs at Mile Marker 39.2. From Los Alamos, NM: Take Trinity Drive to Diamond. Take a left on Diamond, then a right on West Jemez Road to the intersection with NM-4. Take a right [away from Bandelier National Monument], following the highway up and into the Jemez Mountains. The Preserve is 18 miles up NM-4 from Los Alamos. Look for the Main Gate and signs at Mile Marker 39.2.",http://www.nps.gov/vall/planyourvisit/directions.htm,"Each season offers a different experience: lush springs, moderate summers, golden falls, and snowy winters. Average temperatures are 22°F (-6 C) in January and 60°F (16 C) in July. Temperature extremes range from a high of 84°F (29 C) in summer to -30°F (-34C) in winter. Precipitation is heavier during summer monsoon rains (thunderstorms) in July and August and winter snowstorms in December through March. Higher elevation lends to much cooler temperatures than nearby Albuquerque.",USA
"41813A9C-A947-4078-9DAA-4CE952F4E512",vafo,Valley Forge,Valley Forge National Historical Park,https://www.nps.gov/vafo/index.htm,"Valley Forge is the encampment site of the Continental Army during the winter of 1777-1778. The park features 3,500 acres of meadows, woodlands, and monuments commemorating the sacrifices and perseverance of the Revolutionary War generation and honoring the power of people to pull together and overcome adversity during extraordinary times.",National Historical Park,40.10054985,-75.44581889,PA,"The park is conveniently located off of U.S. Route 422. The main entrance to the park is at the intersection of State Route 23 and North Gulph Road. From the Pennsylvania Turnpike, take Exit 326. From Interstate I-76, take Route 422 West to Route 23 West/Valley Forge. From State Route 252, take State Route 23 East.",http://www.nps.gov/vafo/planyourvisit/directions.htm,Winters at Valley Forge are cold and damp with a cool spring and fall and a hot and humid summer. Sturdy hiking shoes are recommended for outdoor recreation during the snowy winter season. Find more detailed weather information here: www.nps.gov/vafo/planyourvisit/weather.htm,USA
C200ADA5-F162-4D77-A820-950E13925129,vama,Vanderbilt Mansion,Vanderbilt Mansion National Historic Site,https://www.nps.gov/vama/index.htm,Built by of one of the first families of wealth in America. Designed by one of the nation's preeminent architects. The Vanderbilt Mansion is a home built expressly for the aristocratic lifestyle.,National Historic Site,41.79697937,-73.94205557,NY,"Vanderbilt Mansion National Historic Site is located in the town of Hyde Park, NY, approximately 5 miles north of Poughkeepsie along Route 9G, midway between New York City and Albany, about a 1.5 hour drive from either direction. Located on the east bank of the Hudson River, the park is easily reached by either the Taconic State Parkway or Route 9, and the New York State Thruway west of the Hudson River.",http://www.nps.gov/vama/planyourvisit/directions.htm,"Spring: Temperatures usually range from 40°F to 70°F. Rain is not uncommon. Summer: Temperatures usually range from 70° F to 100° F. Humidity can be high throughout the summer months with periods of rain. Fall: Temperatures usually range from 40° F to 70° F. Peak leaf season is mid-October. Rain is not uncommon. Winter: Temperatures usually range from 30° F to 50°F. Ice, Freezing Rain and Snow are not uncommon.",USA
"45408368-12DB-4950-92A8-E26AC85E3724",vick,Vicksburg,Vicksburg National Military Park,https://www.nps.gov/vick/index.htm,"To Confederate President Jefferson Davis, Vicksburg was the ""nailhead that holds the South's two halves together."" President Abraham Lincoln remarked ""Vicksburg is the key"" to victory, and could be the north's lifeline into the south. As the federals closed in on the Fortress City, they were met by a ring of forts with over 170 cannon. The resulting battle would determine the war's outcome.",National Military Park,32.3621286,-90.85030186,"MS,LA","Plane — Closest commercial airport: Jackson, MS, 50 miles to the east. Car — Directions to Vicksburg: From the east — Take Interstate 20 west to Vicksburg, MS. Use exit ramp 4B. Follow Clay Street (US-80) west 0.25 miles to park entrance. From the north — Take Interstate 55 south to Jackson, MS. To save time, use Interstate 220 bypass on west side of Jackson. Take Interstate 20 west to Vicksburg approximately 40 miles. Use exit ramp 4B. Follow Clay Street (US-80) west 0.25 miles to park entrance.",http://www.nps.gov/vick/planyourvisit/directions.htm,"Spring and fall in Vicksburg are always very pleasant with cool nights and warm, sunny days with temperatures ranging from lows of 40 degrees to highs of 70 degrees. Winter weather in Mississippi is usually mild except for occasional cold air invasions which normally last only a couple of days. Temperatures range from lows of 30 degrees to highs of 50 degrees. In the summer, weather is consistently hot, beginning in the low 70's and climbing to highs ranging from 80-100 degrees in the afternoon.",USA
DFCBAD2C-0B0A-47E8-9C3C-BF55BB3409B2,vive,Vietnam Veterans Memorial,Vietnam Veterans Memorial,https://www.nps.gov/vive/index.htm,"Honoring the men and women who served in the controversial Vietnam War, the Vietnam Veterans Memorial chronologically lists the names of 58,318 Americans who gave their lives in service to their country.","",38.89096297,-77.04765735,DC,"GPS Coordinates: 38.891112, -77.047626 Address: 5 Henry Bacon Drive NW, Washington, D.C. Nearest Intersection: Henry Bacon Drive & Constitution Ave. NW",http://www.nps.gov/vive/planyourvisit/directions.htm,Washington DC gets to see all four seasons. Humidity will make the temps feel hotter in summer and colder in winter. Spring (March - May) Temp: Average high is 65.5 degrees with a low of 46.5 degrees Summer (June - August) Temp: Average high is 86 degrees with a low of 68.5 degrees Fall (September - November) Temp: Average high is 68 degrees with a low of 51.5 degrees Winter (December - February) Temp: Average high is 45 degrees with a low of 30 degrees (Source: www.usclimatedata.com),USA
B2178CA4-35DE-4827-9B7A-B25FAAE1E69B,vicr,Virgin Islands Coral Reef,Virgin Islands Coral Reef National Monument,https://www.nps.gov/vicr/index.htm,Virgin Islands Coral Reef National Monument includes federal submerged lands within the 3-mile belt off the island of St. John. These waters support a diverse and complex system of coral reefs and other ecosystems such as shoreline mangrove forests and seagrass beds.,National Monument,18.28996918,-64.70683395,VI,"Once on St. John, the only part of Virgin Islands Coral Reef National Monument accessible by land is in Hurricane Hole. To get to Hurricane Hole, follow route 10 from Cruz Bay to Estate Hermitage. The Monument extends eastward from Borck Creek to Haulover Bay along the southern shoreline of the Island. Just a sliver of the Monument touches the north shore. To the west of the Monument line is National Park waters, and to the east is territorial waters.",http://www.nps.gov/vicr/planyourvisit/directions.htm,"Mostly Perfect. The Tradewinds (the Easterlies) dominate the weather in the Virgin Islands, blowing east to west across the tropical Atlantic. The winter tends to bring stronger winds and less rain, and the summer tends to bring more rain and lighter winds.",USA
C65070FE-942C-4E00-8C2B-64CA33C85B4A,viis,Virgin Islands,Virgin Islands National Park,https://www.nps.gov/viis/index.htm,"Go beyond Virgin Islands National Park's stunning white-sand beaches. Hike to historic plantation sites to learn about a challenging past when sugar and enslaved labor dominated life on the island. Visit the Indigenous Taino's ancient petroglyphs. Snorkel coral reefs to discover hidden marine life. Two-thirds of the island of St. John is national park, making it a unique destination for visitors.",National Park,18.34279656,-64.74194451,VI,There are no airports on St. John so you must fly to the St. Thomas Cyril E. King Airport (code STT) and travel from there. From the airport you rent a car and drive or take a taxi to Redhook (west end) St. Thomas. From there you can either take a car barge to St. John or the people ferry. Once on St. John you can easily walk from the ferry terminal to the Visitor Center.,http://www.nps.gov/viis/planyourvisit/directions.htm,"Mostly Perfect! The Tradewinds (the Easterlies) dominate the weather in the Virgin Islands, blowing east to west across the tropical Atlantic. The winter tends to bring stronger winds and less rain, and the summer tends to bring more rain and lighter winds. Be sure to check the forecast often during hurricane season or winter swell events.",USA
"859727CB-2812-40DF-B8DB-D4AE9EA00089",voya,Voyageurs,Voyageurs National Park,https://www.nps.gov/voya/index.htm,"Voyageurs National Park spans 218,000 acres of lakes, forests, and streams in northern Minnesota. Established in 1975, the park is named after the French-Canadian Voyageurs who once navigated these abundant waters. Voyageurs National Park provides exceptional opportunities for recreation and exploration amidst landscapes rich in natural beauty, history, and cultural heritage.",National Park,48.48370609,-92.8382913,MN,"Voyageurs National Park is located in Northern Minnesota near the Canadian border. Access to Voyageurs is available from many points along Rainy Lake, Kabetogama Lake, Ash River, Crane Lake, and Orr/Pelican Lake. The park's visitor centers and many trails can be reached by car, but much of Voyageurs is best explored by boat. All campsites in the park, except primitive, require a boat to reach.",http://www.nps.gov/voya/planyourvisit/directions.htm,"There are four distinct seasons in Voyageur country. During June, July, and August periods of fine, mild weather prevail. The frost-free season averages 120 days from June to mid-September. The average ice-out date is May 3. The first measurable snowfall occurs in late October and the last in late April or early May.",USA
"46CA5FAF-2AEE-4795-B609-8CB81F9FBBEC",waco,Waco Mammoth,Waco Mammoth National Monument,https://www.nps.gov/waco/index.htm,"Standing as tall as 14 feet and weighing 20,000 pounds, Columbian mammoths roamed across what is present-day Texas thousands of years ago. Today, the fossil specimens represent the nation's first and only recorded evidence of a nursery herd of ice age Columbian mammoths.",National Monument,31.60465887,-97.17606143,TX,"From I-35 North, take exit 339 and head west on Lake Shore Drive. Turn right on Steinbeck Bend Drive and travel 1.5 miles to the Monument. From I-35 South, take exit 335C and head northwest on Martin Luther King, Jr. Boulevard. Continue straight onto Steinbeck Bend Drive and travel 1.5 miles to the Monument. The Monument is easily accessible via personal vehicle, bus, or motor home.",http://www.nps.gov/waco/planyourvisit/directions.htm,"The monument enjoys a sunny, mild climate during three seasons of the year. Spring: Temperatures range from 45 F to 85 F (7 C/29 C). Rain is common in April and May. Summer: Temperatures range from 70 F to 95 F (21 C/35 C). Temperatures can exceed 100 F (38 C) in July and August. Lightweight clothing and sunscreen are advisable. Be prepared with plenty of water. Fall: Temperatures range from 45 F to 85 F (7 C/29 C). Winter: Temperatures range from 35 F to 65 F (2 C/18 C) . Snow and ice are rare.",USA
"8DFC9C19-FF0A-4B48-A34F-FD3D02BFE100",waca,Walnut Canyon,Walnut Canyon National Monument,https://www.nps.gov/waca/index.htm,"Since time immemorial, Indigenous Peoples have lived and traveled throughout Walnut Canyon’s dynamic landscape. Vibrant communities built their homes in the cliffs and farmed along the canyon’s rim. Today the park preserves this landscape, and the ancestral homes in and around the canyon.",National Monument,35.16822994,-111.5024239,AZ,"Walnut Canyon National Monument is located approximately 7.5 miles (12 km) east of Flagstaff. From Interstate 40, take Exit 204, and turn south. The Walnut Canyon Visitor Center is located at the end of this 3-mile (5 km) road.",http://www.nps.gov/waca/planyourvisit/directions.htm,"Be prepared for variable and extreme weather conditions. You may expect high winds any time of year, summer temperatures above 95ºF (35ºC), afternoon storms July–September, and heavy snow from fall to spring. Dress in layers, as weather at Walnut Canyon can change quickly at any time of year.",USA
D44FE5CB-71B4-4B7C-A52A-41BE9D9211B3,wapa,War In The Pacific,War In The Pacific National Historical Park,https://www.nps.gov/wapa/index.htm,"War in the Pacific National Historical Park was established to commemorate the bravery and sacrifice of those participating in the campaigns of the Pacific Theater of World War II and to conserve and interpret outstanding natural, scenic, and historic values and objects of the island of Guam.",National Historical Park,13.43795691,144.6922461,GU,"From the airport or Tumon, where most hotels are located, make your way to Route 1, Marine Corps Drive. Head south until the road ends and you arrive at the Naval Station Guam front gate. To the right, adjacent to the large 2-man Type-C Japanese midget submarine, is the T. Stell Newman Visitor Center.",http://www.nps.gov/wapa/planyourvisit/directions.htm,http://forecast.weather.gov/MapClick.php?lat=13.47190933300044&lon=144.74977715100056,USA
"37E34290-2E37-4A67-8C95-7A3442F354B1",wamo,Washington Monument,Washington Monument,https://www.nps.gov/wamo/index.htm,"Built to honor George Washington, the United States' first president, the 555-foot marble obelisk towers over Washington, D.C.","",38.88948,-77.035207,DC,"GPS Coordinates: 38.889463, -77.035237 Address: 2 15th St. NW Washington, D.C. Nearest Intersection: 15th St. & Madison Dr. NW",http://www.nps.gov/wamo/planyourvisit/directions.htm,"Washington, DC experiences all four seasons. Humidity will make the temps feel hotter in summer and colder in winter. Spring (March - May) Temp: Average high is 65.5 degrees with a low of 46.5 degrees Summer (June - August) Temp: Average high is 86 degrees with a low of 68.5 degrees Fall (September - November) Temp: Average high is 68 degrees with a low of 51.5 degrees Winter (December - February) Temp: Average high is 45 degrees with a low of 30 degrees (Source: www.usclimatedata.com)",USA
"3D547E73-F0BF-4FEA-9CAC-9611D024E2FF",waro,Washington-Rochambeau Revolutionary Route,Washington-Rochambeau Revolutionary Route National Historic Trail,https://www.nps.gov/waro/index.htm,"In 1781, General Rochambeau’s French Army joined forces with General Washington’s Continental Army to fight the British Army in Yorktown, Virginia. With the French Navy in support, the allied armies moved hundreds of miles to become the largest troop movement of the American Revolution. The effort and cooperation between the two sides led to a victory at Yorktown and secured American independence.",National Historic Trail,40.0958204557,-74.8563515109,"MA,RI,CT,NY,NJ,PA,DE,MD,VA,DC","The Washington-Rochambeau Revolutionary Route National Historic Trail encompasses over 680 miles of land and water trails through Rhode Island, Massachusetts, Connecticut, New York, New Jersey, Pennsylvania, Delaware, Maryland, Washington D.C., and Virginia",http://www.nps.gov/waro/planyourvisit/directions.htm,"With over 680 miles of land and water trails and hundreds of historical sites, there is a wide variety in weather. Please check with your favorite weather website before traveling.",USA
BE27CCA2-1ECA-4A6A-90E7-8EB38029FEF3,waba,Washita Battlefield,Washita Battlefield National Historic Site,https://www.nps.gov/waba/index.htm,"On November 27, 1868, Lt. Colonel George Armstrong Custer led the 7th US Cavalry on a surprise dawn attack on a Cheyenne village led by Peace Chief Black Kettle. The event was an example of the tragic clash of cultures that occurred during the Great Plains Wars. It is also a place of remembrance and reflection for those who died here. Read More",National Historic Site,35.62083963,-99.70445143,OK,"Washita Battlefield is located just west of Cheyenne in western Oklahoma approximately 130 miles west of Oklahoma City and 140 miles east of Amarillo, Texas; just 25 miles north of I-40 on State Highway 283. From Cheyenne head west on State Highway 47 for about 1 mile and then make a right on State Highway 47A. The visitor center will be on the right and the battlefield is about .5 miles past the visitor center on the right as well.",https://www.nps.gov/waba/planyourvisit/directions.htm,"Weather in western Oklahoma can vary considerably. Winters can be mild to severe with ice storms being the biggest concern. Spring is usually short but pleasant although severe weather, including tornadoes, is still a possibility. Usually a strong breeze is associated with spring weather. Summers are brutally hot and visitors should be cautioned about spending any length of time in the heat. Falls are cool with a bitter wind.",USA
EA86FED8-2E03-467A-A8BD-4F032A647F35,wefa,Weir Farm,Weir Farm National Historical Park,https://www.nps.gov/wefa/index.htm,"Visit the home and studio of America's most beloved Impressionist, J. Alden Weir, and walk in the footsteps of generations of world-class artists. Set amidst more than 60 acres of painterly woods, fields, and waterways, you’ll soon see why Weir described his home as the ""Great Good Place."" Weir’s farm is a national legacy to American Impressionism, the creative spirit, and historic preservation.",National Historical Park,41.25886268,-73.45452542,CT,"If you are coming to Weir Farm National Historical Park as part of a group that will require three or more vehicles, please call in advance to arrange a group visit. Follow Route 7 the Branchville section of Ridgefield. Turn onto Route 102 West at a traffic light. Take 2nd left onto Old Branchville Road. Turn left at first stop sign onto Nod Hill Road. Follow Nod Hill Road one mile; continue straight after stop sign at Pelham Lane to 735 Nod Hill Road",http://www.nps.gov/wefa/planyourvisit/directions.htm,Weir Farm’s grounds are open all year and each season offers a unique experience. For a comfortable visit please note the following information. Winter: Temperatures average from 20 F to 40 F. Storms and colder weather are possible. Spring: Temperatures average from 30 F to 70 F. Rain is common. Summer: Temperatures average from 60 F to 85 F. High humidity is common in July and August. Fall: Temperatures average from 35 F to 75 F. Foliage season runs from mid-September to mid-to-late October.,USA
"89730CB2-BB7D-400B-AF35-5F95A574D97D",whis,Whiskeytown,Whiskeytown National Recreation Area,https://www.nps.gov/whis/index.htm,"Whiskeytown Lake’s crystal-clear water is perhaps the most recognized feature of the park. However, water-based recreation is only a part of what the 42,000-acre Whiskeytown National Recreation Area has to offer. Visit waterfalls, hike through rugged mountains, explore California Gold Rush history, and observe post-fire ecology in action. Your national park is calling...",National Recreation Area,40.61359941,-122.6022657,CA,"Car From Interstate 5, take the Highway 44 West exit toward Downtown Redding and Eureka. From Downtown Redding, follow Highway 299 west toward Eureka for approximately 8 miles to reach the Visitor Center. Plane Commercial air service is available to Redding California located approximately 16 miles from Whiskeytown. Rental vehicles are available.",http://www.nps.gov/whis/planyourvisit/directions.htm,"Whiskeytown NRA is in a Mediterranean climate, which means hot, dry summers followed by cool, wet winters. Summer temperatures often reach the upper 90's to lower 100 degrees Fahrenheit, as well as the occasional thunderstorm. Winter brings snow to the upper elevations (only occasionally down to the lake level of 1,200'), and rain and ice. See the park weather page for the current weather.",USA
"32D2B528-193E-43FA-BF38-32493D9E317D",whsa,White Sands,White Sands National Park,https://www.nps.gov/whsa/index.htm,"Rising from the heart of the Tularosa Basin is one of the world's great natural wonders - the glistening white sands of New Mexico. Great wave-like dunes of gypsum sand have engulfed 275 square miles of desert, creating the world's largest gypsum dunefield. White Sands National Park preserves a major portion of this unique dunefield, along with the plants and animals that live here.",National Park,32.77907858,-106.3333461,NM,White Sands National Park is located off of US Highway 70 between the cities of Las Cruces and Alamogordo. The park is about 15 miles west of Alamogordo and 52 miles east of Las Cruces.,http://www.nps.gov/whsa/planyourvisit/directions.htm,Temperatures at White Sands vary greatly throughout the year. Summer time temperatures can be very hot. Winters are mild with cool evenings. Spring time is the windy season. Fall is very enjoyable with mild daytime and night time temperatures.,USA
"10505DA0-A627-47EA-8533-5C67C3B2AF15",whmi,Whitman Mission,Whitman Mission National Historic Site,https://www.nps.gov/whmi/index.htm,"One moment can change the fate of many nations. After thousands of years of habitation by the Cayuse Nation, life in the Columbia River Plateau begins to change rapidly with the influx of missionaries, newcomers from the Oregon Trail, and diseases. A single violent act of desperation to protect a community ignites a series of events that will reshape the United States forever.",National Historic Site,46.04119286,-118.4629388,WA,"The site can be reached from US Highway 12, 8 miles west of Walla Walla, Wa. Airports are located in Walla Walla (11 miles east of park), Pasco (43 miles west), and Pendleton, Oregon (46 miles south).",http://www.nps.gov/whmi/planyourvisit/directions.htm,"Summers are hot. Hats, water and sunblock are recommended. Winters are mild and rainy with a few snow storms. Layered clothing is advised.",USA
"8CB65BC9-2A9D-4AA0-A5E2-B64E9CDA1575",wiho,William Howard Taft,William Howard Taft National Historic Site,https://www.nps.gov/wiho/index.htm,"High atop one of Cincinnati's most prominent hilltops stands the two-story Greek Revival house where William Howard Taft was born and grew up. Hard work, a good education, and an interest in civic duty are attributes that made the Taft family outstanding leaders over the years. The environment that shaped Taft's character and philosophy is highlighted on a visit to the site.",National Historic Site,39.11970352,-84.50758951,OH,"From I-71 north; Take Exit 2 (Reading Road and Eden Park Drive). Stay in right lane; turn left at first stoplight onto Dorchester Avenue, and go to the top of the hill. Turn right on Auburn Avenue and go 1 ½ blocks to the site. Park will be on the right. From I-71S, take Exit 3 (Taft Road). Follow Taft Road westbound. Go 0.75 mile to Auburn Avenue. Turn left and go 0.5 mile to the site. Park will be on the left.",http://www.nps.gov/wiho/planyourvisit/directions.htm,"The park lies in a humid continental zone with a generally temperate climate. Winters are mildly cold with average temperatures around 48 degrees (F). Summers are hot and humid with an average temperature around 77 degrees (F). Average annual total rainfall is just under 40"". Snowfall in the winter is generally light with an average total snowfall of less than 12""",USA
"2067FAB2-41D4-43DF-8142-9B1FC40AFDFC",wicr,Wilson's Creek,Wilson's Creek National Battlefield,https://www.nps.gov/wicr/index.htm,"Wilson's Creek was the first major Civil War battle fought west of the Mississippi River, and the site of the death of Nathaniel Lyon, the first Union general killed in action. The costly Southern victory on August 10, 1861, focused national attention on the war in Missouri. Wilson’s Creek NB commemorates and interprets the battle within the context of the war in the Trans-Mississippi West.",National Battlefield,37.1000127,-93.40986704,MO,"From I-44: exit at Exit 70 (Missouri Highway MM). Continue south to U.S. Highway 60. Proceed through the intersection. Continue 1/2 mile to Missouri Highway ZZ. Turn right on ZZ. Continue south to Farm Road 182 (Elm Street). At the roundabout, take the third exit; the entrance to the battlefield is on the right.",http://www.nps.gov/wicr/planyourvisit/directions.htm,"Summer months are frequently hot and humid, with occasional showers and thunderstorms. Winter months (especially January and February) are frequently cold, with occasional ice and light snow. Spring and fall months are generally pleasant, with occasional showers.",USA
"37C48EE0-2881-4D22-8F91-A249AE3B0CD0",wica,Wind Cave,Wind Cave National Park,https://www.nps.gov/wica/index.htm,"Wind Cave National Park protects two very different worlds - one deep within the earth, the other a sunlit world of many resources. Bison, elk, and other wildlife roam the rolling prairie grasslands and forested hillsides of one of America's oldest national parks. Below the remnant island of intact prairie sits Wind Cave, one of the longest and most complex caves in the world.",National Park,43.58012365,-103.4394709,SD,"Wind Cave National Park is located in South Dakota about 11 miles north of Hot Springs, or about 22 miles south of Custer, on US Highway 385. The park Visitor Center, where all cave tours begin, is approximately 1/2 mile west of the highway.",http://www.nps.gov/wica/planyourvisit/directions.htm,"Spring: Highs range from 50-70°F with highly variable weather. Spring is the park's wettest season. Summer: Hot and generally dry with daytime temperatures regularly exceeding 80°F (27°C). Strong thunderstorms are common and can produce large hail and lightning. Fall: Generally dry with warm days and cool nights. Highs 50-60°F. Lows below freezing are common. Winter: Highs are in the high 30s with lows around 10°F. Snowfall averages 30 inches annually, periodically closing park roads.",USA
CEC8BD62-9229-4455-ABE8-F4310F4AB623,wing,Wing Luke Museum,Wing Luke Museum Affiliated Area,https://www.nps.gov/wing/index.htm,"More than a museum, the Wing is an experience. A chance to truly understand what it was - and is - to be Asian American in the Pacific Northwest. Take a guided tour of a historic hotel and learn the inside story about what makes the local Chinatown-International District unique. Visitors explore thought-provoking exhibitions of real stories, including actor and martial arts master Bruce Lee.",Affiliated Area,47.59820859,-122.3228912,WA,"The Wing Luke Museum is located in Seattle’s Chinatown-International District at 719 South King Street (between 7th and 8th Avenue South). It is accessible by foot, public transportation, and car.",http://www.nps.gov/wing/planyourvisit/directions.htm,Seattle has a temperate climate with average winter temperatures in the 50s and average summer temperatures in the 70s. Overcast skies and light rain are common from October through May.,USA
"72F41D84-A8ED-47FC-935A-2FD28C3C582E",wotr,Wolf Trap National Park for the Performing Arts,Wolf Trap National Park for the Performing Arts,https://www.nps.gov/wotr/index.htm,"No matter what your age or taste in shows, you'll find something you like onstage at Wolf Trap National Park for the Performing Arts. From May through September, multiple amphitheaters in the park present performances such as musicals, dance, opera, jazz, and popular and country music. A good time to explore the beauty and history of the park without the crowds is October - April.","",38.93854526,-77.265089,VA,"Wolf Trap National Park for the Performing Arts is located in Vienna, Virginia. The park can be accessed by traveling from Route 7, the Dulles Toll Road (Route 267), Beulah Road or Old Courthouse Road. For more detailed information visit the park's directions page.",http://www.nps.gov/wotr/planyourvisit/directions.htm,"The weather at Wolf Trap National Park for the Performing Arts is typical for the mid-Atlantic area. There are four seasons. The majority of visitation is during the summers, which can be hot and humid during the day and cooler at night.",USA
"09689FA5-2147-4BF2-935C-AE92AB85A2E5",wori,Women's Rights,Women's Rights National Historical Park,https://www.nps.gov/wori/index.htm,"Women’s Rights National Historical Park tells the story of the first Women’s Rights Convention, held in Seneca Falls, New York on July 19-20, 1848. It is a story of struggles for civil rights, human rights, and equality, global struggles that continue today. The efforts of women’s rights leaders, abolitionists, and other 19th century reformers remind us that all people must be accepted as equals.",National Historical Park,42.90817073,-76.81655558,NY,"From the New York State Thruway (I-90) take exit 41 (Waterloo, Route 414). Turn right onto Route 414 South after exiting the tollbooth. Follow Route 414 South for approximately four miles. At the intersections of Route 414 and Routes 5 & 20, turn left onto Route 5 & 20 East. Follow for approximately one and a half miles into the Village of Seneca Falls. The Visitor Center is on the left at 136 Fall Street, Seneca Falls, NY 13148.",http://www.nps.gov/wori/planyourvisit/directions.htm,"In the winter, temperatures range from 0-40 degrees with an average of 10 inches of snow per month. Summer temperatures range from 60-85 degrees with high humidity.",USA
"3B4879C9-E8D3-4B0C-9F6D-8345FAA298A6",wwim,World War I Memorial,World War I Memorial,https://www.nps.gov/wwim/index.htm,"A grateful nation honors the service, valor, courage and sacrifice of the 4.7 million American sons and daughters who served in the Great War.","",38.8959,-77.0329,DC,"1493 Pennsylvania Avenue NW, Nearest Intersection: 15th St NW and Pennsylvania Ave NW",http://www.nps.gov/wwim/planyourvisit/directions.htm,Washington DC gets to see all four seasons. Humidity will make the temps feel hotter in summer and colder in winter. Spring (March - May) Temp: Average high is 65.5 degrees with a low of 46.5 degrees Summer (June - August) Temp: Average high is 86 degrees with a low of 68.5 degrees Fall (September - November) Temp: Average high is 68 degrees with a low of 51.5 degrees Winter (December - February) Temp: Average high is 45 degrees with a low of 30 degrees (Source: www.usclimatedata.com),USA
F85AF8D0-1B85-4B2C-9356-840A4AF6A354,wwii,World War II Memorial,World War II Memorial,https://www.nps.gov/wwii/index.htm,"Through stone architecture and bronze sculptures, the World War II Memorial recognizes the ways Americans served, honors those who fell, and recognizes the victory they achieved to restore freedom and end tyranny around the globe.","",38.88923917,-77.0403759,DC,"GPS Coordinates: 38.889413, -77.040553 Address: 1750 Independence Ave. SW, Washington, D.C. Nearest Intersection: 17th St. & Independence Ave. SW",http://www.nps.gov/wwii/planyourvisit/directions.htm,Washington DC gets to see all four seasons. Humidity will make the temps feel hotter in summer and colder in winter. Spring (March - May) Temp: Average high is 65.5 degrees with a low of 46.5 degrees Summer (June - August) Temp: Average high is 86 degrees with a low of 68.5 degrees Fall (September - November) Temp: Average high is 68 degrees with a low of 51.5 degrees Winter (December - February) Temp: Average high is 45 degrees with a low of 30 degrees (Source: www.usclimatedata.com),USA
B7944940-3FE5-4F9B-80AB-2FD78A4CDD48,wrst,Wrangell - St Elias,Wrangell - St Elias National Park & Preserve,https://www.nps.gov/wrst/index.htm,"Wrangell-St. Elias is a vast national park that rises from the ocean all the way up to 18,008 ft. At 13.2 million acres, the park is the same size as Yellowstone National Park, Yosemite National Park, and Switzerland combined! Within this wild landscape, people continue to live off the land as they have done for centuries. This rugged, beautiful land is filled with opportunities for adventure.",National Park and Preserve,61.4182147,-142.6028439,AK,"The administrative building and main park visitor center are located along the Richardson Highway (Hwy 4), which is a paved state highway that runs through Copper Center, AK. The buildings are 8 miles south of the Glenn Highway and Richardson Highway intersection near Glennallen, Alaska. This is approximately 200 miles east of Anchorage, AK and 250 miles south of Fairbanks, AK.",http://www.nps.gov/wrst/planyourvisit/wrangell-st-elias-visitor-center.htm,Varies widely depending on location in park and time of year. Visit https://www.nps.gov/wrst/planyourvisit/weather.htm for detailed information.,USA
E2AE772D-7A2B-49CC-9AFA-E8F068506B22,wrbr,Wright Brothers,Wright Brothers National Memorial,https://www.nps.gov/wrbr/index.htm,"Wind, sand, and a dream of flight brought Wilbur and Orville Wright to Kitty Hawk, North Carolina where, after four years of scientific experimentation, they achieved the first successful airplane flights on December 17, 1903. With courage and perseverance, these self-taught engineers relied on teamwork and application of the scientific process. What they achieved changed our world forever.",National Memorial,36.01637713,-75.66997163,NC,Wright Brothers National Memorial is located along US 158 in the town of Kill Devil Hills on the Outer Banks of North Carolina.,http://www.nps.gov/wrbr/planyourvisit/directions.htm,"Weather on the Outer Banks varies seasonally and daily. Summers can be very hot and sunny (wear sunscreen and drink water), while winters can be cold and wet. High winds are always a possibility any time of the year. It is not uncommon for a brief winter snow each year. Being on a barrier island, the memorial is susceptible to storm impacts, including hurricanes in the summer and nor'easters in the winter. No matter what time of year you visit, dress for the weather, and be ready for wind!",USA
"686C8EC8-5487-43B9-B5E8-FCABD56227F0",wupa,Wupatki,Wupatki National Monument,https://www.nps.gov/wupa/index.htm,"Nestled between the Painted Desert and ponderosa highlands of northern Arizona, Wupatki National Monument is an unlikely landscape for a thriving community. The early 1100's marked a time of cooler and wetter weather, when the ancestors of contemporary Pueblo communities created a bustling center of trade and culture. For indigenous peoples, these sites represent the footprints of their ancestors.",National Monument,35.55741077,-111.3957216,AZ,Wupatki and Sunset Crater Volcano National Monuments are connected by loop road FR-545 (paved). Visitors can enter the loop road near mile markers 430 (Sunset Crater Volcano) and 444 (Wupatki) on U.S. Highway 89.,http://www.nps.gov/wupa/planyourvisit/directions.htm,"Be prepared for variable and extreme weather conditions. You may expect high winds any time of year, summer temperatures above 100ºF (38ºC), afternoon thunderstorms July–September, and occasional snow in winter and early spring. Dress in layers, as Wupatki weather can change quickly at any time of year.",USA
F58C6D24-8D10-4573-9826-65D42B8B83AD,yell,Yellowstone,Yellowstone National Park,https://www.nps.gov/yell/index.htm,"On March 1, 1872, Yellowstone became the first national park for all to enjoy the unique hydrothermal wonders. Today, millions of people come here each year to camp, hike, and enjoy the majesty of the park.",National Park,44.59824417,-110.5471695,"ID,MT,WY","Yellowstone National Park covers nearly 3,500 square miles in the northwest corner of Wyoming (3% of the park is in Montana and 1% is in Idaho). Yellowstone has five entrance stations, and several are closed to regular vehicles during winter. It takes many hours to drive between these entrances, so be sure to check the status of roads at the entrance you intend to use while planning your trip and before you arrive.",http://www.nps.gov/yell/planyourvisit/directions.htm,"Yellowstone's weather can vary quite a bit, even in a single day. In the summer, daytime highs can exceed 70°F (21°C), only to drop 20 or more degrees when a thunderstorm rolls through. It can snow during any month of the year, and winter lows frequently drop below 0°F (-18°C), especially at night. Bring a range of clothing options, including a warm jacket and rain gear, even in the summer.",USA
D09FF0F8-B16E-4D2B-9C37-03202D6B8176,york,Yorktown Battlefield,Yorktown Battlefield Part of Colonial National Historical Park,https://www.nps.gov/york/index.htm,"Discover what it took for the United States to be independent as you explore the site of the last major battle of the Revolutionary War. Here at Yorktown, in the fall of 1781, General George Washington, with allied American and French forces, besieged General Charles Lord Cornwallis’s British army. On October 19, Cornwallis surrendered, effectively ending the war and ensuring independence.",Part of Colonial National Historical Park,37.2195,-76.4983,VA,"For an internet map search or GPS, use the following: Yorktown Battlefield Visitor Center, 1000 Colonial Parkway, Yorktown, Virginia 23690. Eastbound from the Richmond area via I-64, exit 242B for Yorktown, to the Colonial Parkway. Follow the parkway to its end. West bound Interstate 64 from the Virginia Beach/Norfolk/Hampton area for Yorktown should take Route 105 East (Fort Eustis Boulevard east), exit 250B to Route 17. Turn left onto Route 17. Follow the signs to Yorktown Battlefield.",http://www.nps.gov/york/planyourvisit/directions.htm,"Yorktown, VA climate is warm during summer when temperatures tend to be in the 80's and cold during winter when temperatures tend to be in the 30's. The warmest month of the year is July with an average maximum temperature of 89.00 degrees Fahrenheit, while the coldest month of the year is January with an average minimum temperature of 28.10 degrees Fahrenheit. For closures in due to inclement weather at Colonial National Historical Park please phone this 24 hour phone number (757) 856-1240.",USA
"4324B2B4-D1A3-497F-8E6B-27171FAE4DB2",yose,Yosemite,Yosemite National Park,https://www.nps.gov/yose/index.htm,"Not just a great valley, but a shrine to human foresight, the strength of granite, the power of glaciers, the persistence of life, and the tranquility of the High Sierra. First protected in 1864, Yosemite National Park is best known for its waterfalls, but within its nearly 1,200 square miles, you can find deep valleys, grand meadows, ancient giant sequoias, a vast wilderness area, and much more.",National Park,37.84883288,-119.5571873,CA,"You can drive to Yosemite year-round and enter via Highways 41, 140, and 120 from the west. Tioga Pass Entrance (via Highway 120 from the east) is closed from approximately November through late May or June. Hetch Hetchy is open all year but may close intermittently due to snow. Please note that GPS units do not always provide accurate directions to or within Yosemite.",http://www.nps.gov/yose/planyourvisit/driving.htm,"Yosemite National Park covers nearly 1,200 square miles (3,100 square km) in the Sierra Nevada, with elevations ranging from about 2,000 feet (600 m) to 13,000 ft (4,000 m). Yosemite receives 95% of its precipitation between October and May (and over 75% between November and March). Most of Yosemite is blanketed in snow from about November through May. (Yosemite Valley can be rainy or snowy in any given winter storm.)",USA
"9854D136-AFC0-4966-BB40-FE9323B56A49",yuho,Yucca House,Yucca House National Monument,https://www.nps.gov/yuho/index.htm,"Yucca House National Monument preserves a large unexcavated pueblo with a stunning setting in Montezuma Valley, nestled between Mesa Verde and Ute Mountain. Since Yucca House was protected as a national monument in 1919, it has remained largely untouched, offering intrepid visitors a sense of discovery and preserving the pueblo's beauty and integrity for future generations.",National Monument,37.24778944,-108.6861274,CO,"From Cortez, take Hwy. 491 south approximately 8 miles. Take a right on MC County Road B (green sign), which is a dirt road one mile south of MC Road C. Drive 0.8 miles, crossing a paved road (MC Road 21), and take the next dirt road on the right (before the farmhouse on the left). Follow this road north and west for 1.4 miles, and head towards a white ranch house with a red roof on the west horizon. Once at the ranch house, Yucca House NM is on the left side if the driveway.",http://www.nps.gov/yuho/planyourvisit/directions.htm,"Spring and Fall are mild with daytime temperatures ranging from 50 F to 80 F. Winter temperatures are below 50 F with occasional snowstorms. Summers are hot and dry, with highs in the 90s.",USA
"6F550E4D-AE26-4250-A674-397E2DF88092",yuch,Yukon - Charley Rivers,Yukon - Charley Rivers National Preserve,https://www.nps.gov/yuch/index.htm,"Located in Interior Alaska, Yukon-Charley Rivers offers exploration in a largely untouched landscape. Whether you float the mighty Yukon River or paddle the Charley River's whitewater, your memories will last a lifetime. Geology, cultural history, gold rush remnants, wildlife, and vast scenery will be a part of your experience. But, the strongest element will be solitude. Your adventure awaits.",National Preserve,65.0935608,-142.7960021,AK,"Although there is no direct highway connection to Yukon-Charley Rivers National Preserve, visitors are able to access the preserve by either air travel from Fairbanks, or water or air travel from two small towns on the road system(Eagle and Circle), near the preserve boundaries.",http://www.nps.gov/yuch/planyourvisit/directions.htm,"The area that Yukon-Charley Rivers encompasses is generally classified as sub-arctic, with exceptionally cold winters, relatively warm summers, low annual precipitation, and generally high winds.",USA
"41BAB8ED-C95F-447D-9DA1-FCC4E4D808B2",zion,Zion,Zion National Park,https://www.nps.gov/zion/index.htm,"Follow the paths where people have walked for thousands of years. Gaze up at massive sandstone cliffs of cream, pink, and red that soar into a brilliant blue sky. Experience the tall, stretching walls of a narrow slot canyon. Zion’s unique array of plants and animals will enchant you as you absorb the rich history of the past and enjoy the excitement of present-day adventures.",National Park,37.29839254,-113.0265138,UT,"Zion National Park's main, south entrance and administrative offices are located near Springdale, Utah You may drive yourself on all open park roads except the Zion Canyon Scenic Drive. During most of the year, the Scenic Drive is accessed by shuttle bus only. Shuttles are free to ride. Board one in Springdale or at the Zion Canyon Visitor Center.",http://www.nps.gov/zion/planyourvisit/directions.htm,"Zion is known for a wide range of weather conditions. Temperatures vary with changes in elevation and day/night temperatures may differ by over 30°F. In summer, temperatures in Zion National Park often exceed 100°F/38°C. Zion experiences monsoons from mid-July into September that result in an increased risk of flash floods. Always be aware of the threat of storms and lightning and be prepared for a wide range of weather conditions. Winters are generally mild.",USA
