PARK_ID,ACTIVITY_ID
00E65872-53F7-4C9B-BD29-B9BC99930D0D,0C0D142F-06B5-4BE1-8B44-491B90F93DEB
00E65872-53F7-4C9B-BD29-B9BC99930D0D,1DFACD97-1B9C-4F5A-80F2-05593604799E
00E65872-53F7-4C9B-BD29-B9BC99930D0D,24380E3F-AD9D-4E38-BF13-C8EEB21893E7
00E65872-53F7-4C9B-BD29-B9BC99930D0D,5F723BAD-7359-48FC-98FA-631592256E35
00E65872-53F7-4C9B-BD29-B9BC99930D0D,A59947B7-3376-49B4-AD02-C0423E08C5F7
00E65872-53F7-4C9B-BD29-B9BC99930D0D,B204DE60-5A24-43DD-8902-C81625A09A74
00E65872-53F7-4C9B-BD29-B9BC99930D0D,B33DC9B6-0B7D-4322-BAD7-A13A34C584A3
00E65872-53F7-4C9B-BD29-B9BC99930D0D,C8F98B28-3C10-41AE-AA99-092B3B398C43
00E65872-53F7-4C9B-BD29-B9BC99930D0D,DF4A35E0-7983-4A3E-BC47-F37B872B0F25
0103833B-8114-4483-9754-11B5171BCB20,09DF0950-D319-4557-A57E-04CD2F63FF42
0103833B-8114-4483-9754-11B5171BCB20,0B685688-3405-4E2A-ABBA-E3069492EC50
0103833B-8114-4483-9754-11B5171BCB20,0C0D142F-06B5-4BE1-8B44-491B90F93DEB
0103833B-8114-4483-9754-11B5171BCB20,1DFACD97-1B9C-4F5A-80F2-05593604799E
0103833B-8114-4483-9754-11B5171BCB20,24380E3F-AD9D-4E38-BF13-C8EEB21893E7
0103833B-8114-4483-9754-11B5171BCB20,42FD78B9-2B90-4AA9-BC43-F10E9FEA8B5A
0103833B-8114-4483-9754-11B5171BCB20,AE42B46C-E4B7-4889-A122-08FE180371AE
0103833B-8114-4483-9754-11B5171BCB20,B33DC9B6-0B7D-4322-BAD7-A13A34C584A3
0103833B-8114-4483-9754-11B5171BCB20,BFF8C027-7C8F-480B-A5F8-CD8CE490BFBA
0103833B-8114-4483-9754-11B5171BCB20,C11D3746-5063-4BD0-B245-7178D1AD866C
0103833B-8114-4483-9754-11B5171BCB20,C8F98B28-3C10-41AE-AA99-092B3B398C43
0103833B-8114-4483-9754-11B5171BCB20,DF4A35E0-7983-4A3E-BC47-F37B872B0F25
021F297B-D672-4794-8C5E-BB58743F252A,071BA73C-1D3C-46D4-A53C-00D5602F7F0E
021F297B-D672-4794-8C5E-BB58743F252A,0B685688-3405-4E2A-ABBA-E3069492EC50
021F297B-D672-4794-8C5E-BB58743F252A,24380E3F-AD9D-4E38-BF13-C8EEB21893E7
021F297B-D672-4794-8C5E-BB58743F252A,4D06CEED-90C6-4B69-B264-32CC90B69BA6
021F297B-D672-4794-8C5E-BB58743F252A,4D224BCA-C127-408B-AC75-A51563C42411
021F297B-D672-4794-8C5E-BB58743F252A,587BB2D3-EC35-41B2-B3F7-A39E2B088AEE
021F297B-D672-4794-8C5E-BB58743F252A,7CE6E935-F839-4FEC-A63E-052B1DEF39D2
021F297B-D672-4794-8C5E-BB58743F252A,AE42B46C-E4B7-4889-A122-08FE180371AE
021F297B-D672-4794-8C5E-BB58743F252A,BFF8C027-7C8F-480B-A5F8-CD8CE490BFBA
021F297B-D672-4794-8C5E-BB58743F252A,DF4A35E0-7983-4A3E-BC47-F37B872B0F25
0260D050-761A-4446-AB05-641986F9FDFB,0C0D142F-06B5-4BE1-8B44-491B90F93DEB
0260D050-761A-4446-AB05-641986F9FDFB,B33DC9B6-0B7D-4322-BAD7-A13A34C584A3
0260D050-761A-4446-AB05-641986F9FDFB,C8F98B28-3C10-41AE-AA99-092B3B398C43
0260D050-761A-4446-AB05-641986F9FDFB,DF4A35E0-7983-4A3E-BC47-F37B872B0F25
0265E5A4-576A-4626-882A-05971DEE9B76,0B685688-3405-4E2A-ABBA-E3069492EC50
0265E5A4-576A-4626-882A-05971DEE9B76,24380E3F-AD9D-4E38-BF13-C8EEB21893E7
0265E5A4-576A-4626-882A-05971DEE9B76,B33DC9B6-0B7D-4322-BAD7-A13A34C584A3
0265E5A4-576A-4626-882A-05971DEE9B76,BFF8C027-7C8F-480B-A5F8-CD8CE490BFBA
0265E5A4-576A-4626-882A-05971DEE9B76,C8F98B28-3C10-41AE-AA99-092B3B398C43
0265E5A4-576A-4626-882A-05971DEE9B76,DF4A35E0-7983-4A3E-BC47-F37B872B0F25
0419867F-20D9-49CF-BC42-88F5A70AD32D,09DF0950-D319-4557-A57E-04CD2F63FF42
0419867F-20D9-49CF-BC42-88F5A70AD32D,1DFACD97-1B9C-4F5A-80F2-05593604799E
0419867F-20D9-49CF-BC42-88F5A70AD32D,24380E3F-AD9D-4E38-BF13-C8EEB21893E7
0419867F-20D9-49CF-BC42-88F5A70AD32D,B204DE60-5A24-43DD-8902-C81625A09A74
0419867F-20D9-49CF-BC42-88F5A70AD32D,B33DC9B6-0B7D-4322-BAD7-A13A34C584A3
0419867F-20D9-49CF-BC42-88F5A70AD32D,DF4A35E0-7983-4A3E-BC47-F37B872B0F25
041B325C-A34F-4027-8E41-1DF3F9A1D799,0307955A-B65C-4CE4-A780-EB36BAAADF0B
041B325C-A34F-4027-8E41-1DF3F9A1D799,09DF0950-D319-4557-A57E-04CD2F63FF42
041B325C-A34F-4027-8E41-1DF3F9A1D799,0B685688-3405-4E2A-ABBA-E3069492EC50
041B325C-A34F-4027-8E41-1DF3F9A1D799,0C0D142F-06B5-4BE1-8B44-491B90F93DEB
041B325C-A34F-4027-8E41-1DF3F9A1D799,1DFACD97-1B9C-4F5A-80F2-05593604799E
041B325C-A34F-4027-8E41-1DF3F9A1D799,24380E3F-AD9D-4E38-BF13-C8EEB21893E7
041B325C-A34F-4027-8E41-1DF3F9A1D799,4D224BCA-C127-408B-AC75-A51563C42411
041B325C-A34F-4027-8E41-1DF3F9A1D799,587BB2D3-EC35-41B2-B3F7-A39E2B088AEE
041B325C-A34F-4027-8E41-1DF3F9A1D799,5F723BAD-7359-48FC-98FA-631592256E35
041B325C-A34F-4027-8E41-1DF3F9A1D799,7CE6E935-F839-4FEC-A63E-052B1DEF39D2
041B325C-A34F-4027-8E41-1DF3F9A1D799,A59947B7-3376-49B4-AD02-C0423E08C5F7
041B325C-A34F-4027-8E41-1DF3F9A1D799,AE3C95F5-E05B-4A28-81DD-1C5FD4BE88E2
041B325C-A34F-4027-8E41-1DF3F9A1D799,AE42B46C-E4B7-4889-A122-08FE180371AE
041B325C-A34F-4027-8E41-1DF3F9A1D799,B33DC9B6-0B7D-4322-BAD7-A13A34C584A3
041B325C-A34F-4027-8E41-1DF3F9A1D799,BFF8C027-7C8F-480B-A5F8-CD8CE490BFBA
041B325C-A34F-4027-8E41-1DF3F9A1D799,DF4A35E0-7983-4A3E-BC47-F37B872B0F25
0477F67A-A350-449F-B001-848F867F2CA2,071BA73C-1D3C-46D4-A53C-00D5602F7F0E
0477F67A-A350-449F-B001-848F867F2CA2,AE42B46C-E4B7-4889-A122-08FE180371AE
04CB5DB1-522B-4C2C-BB3F-C36361E391E7,24380E3F-AD9D-4E38-BF13-C8EEB21893E7
04CB5DB1-522B-4C2C-BB3F-C36361E391E7,42FD78B9-2B90-4AA9-BC43-F10E9FEA8B5A
04CB5DB1-522B-4C2C-BB3F-C36361E391E7,B33DC9B6-0B7D-4322-BAD7-A13A34C584A3
04CB5DB1-522B-4C2C-BB3F-C36361E391E7,BFF8C027-7C8F-480B-A5F8-CD8CE490BFBA
04CB5DB1-522B-4C2C-BB3F-C36361E391E7,C8F98B28-3C10-41AE-AA99-092B3B398C43
05106DE8-D6F2-4088-9834-79462FBDDA21,C8F98B28-3C10-41AE-AA99-092B3B398C43
0529BC85-CD42-4DA9-AC60-CAD7C40C3525,0C0D142F-06B5-4BE1-8B44-491B90F93DEB
0529BC85-CD42-4DA9-AC60-CAD7C40C3525,B204DE60-5A24-43DD-8902-C81625A09A74
0529BC85-CD42-4DA9-AC60-CAD7C40C3525,B33DC9B6-0B7D-4322-BAD7-A13A34C584A3
0529BC85-CD42-4DA9-AC60-CAD7C40C3525,C8F98B28-3C10-41AE-AA99-092B3B398C43
05F2A0A7-317D-4C4F-95D6-F046BE96310C,0307955A-B65C-4CE4-A780-EB36BAAADF0B
05F2A0A7-317D-4C4F-95D6-F046BE96310C,09DF0950-D319-4557-A57E-04CD2F63FF42
05F2A0A7-317D-4C4F-95D6-F046BE96310C,0B685688-3405-4E2A-ABBA-E3069492EC50
05F2A0A7-317D-4C4F-95D6-F046BE96310C,0C0D142F-06B5-4BE1-8B44-491B90F93DEB
05F2A0A7-317D-4C4F-95D6-F046BE96310C,1DFACD97-1B9C-4F5A-80F2-05593604799E
05F2A0A7-317D-4C4F-95D6-F046BE96310C,24380E3F-AD9D-4E38-BF13-C8EEB21893E7
05F2A0A7-317D-4C4F-95D6-F046BE96310C,B33DC9B6-0B7D-4322-BAD7-A13A34C584A3
05F2A0A7-317D-4C4F-95D6-F046BE96310C,BFF8C027-7C8F-480B-A5F8-CD8CE490BFBA
05F2A0A7-317D-4C4F-95D6-F046BE96310C,C8F98B28-3C10-41AE-AA99-092B3B398C43
05F2A0A7-317D-4C4F-95D6-F046BE96310C,DF4A35E0-7983-4A3E-BC47-F37B872B0F25
061D9754-B947-48FD-99BE-1FE1AAD1BB90,0B685688-3405-4E2A-ABBA-E3069492EC50
061D9754-B947-48FD-99BE-1FE1AAD1BB90,0C0D142F-06B5-4BE1-8B44-491B90F93DEB
061D9754-B947-48FD-99BE-1FE1AAD1BB90,13A57703-BB1A-41A2-94B8-53B692EB7238
061D9754-B947-48FD-99BE-1FE1AAD1BB90,24380E3F-AD9D-4E38-BF13-C8EEB21893E7
061D9754-B947-48FD-99BE-1FE1AAD1BB90,4D224BCA-C127-408B-AC75-A51563C42411
061D9754-B947-48FD-99BE-1FE1AAD1BB90,7CE6E935-F839-4FEC-A63E-052B1DEF39D2
061D9754-B947-48FD-99BE-1FE1AAD1BB90,A59947B7-3376-49B4-AD02-C0423E08C5F7
061D9754-B947-48FD-99BE-1FE1AAD1BB90,AE42B46C-E4B7-4889-A122-08FE180371AE
061D9754-B947-48FD-99BE-1FE1AAD1BB90,B33DC9B6-0B7D-4322-BAD7-A13A34C584A3
061D9754-B947-48FD-99BE-1FE1AAD1BB90,BFF8C027-7C8F-480B-A5F8-CD8CE490BFBA
061D9754-B947-48FD-99BE-1FE1AAD1BB90,DF4A35E0-7983-4A3E-BC47-F37B872B0F25
061D9754-B947-48FD-99BE-1FE1AAD1BB90,F9B1D433-6B86-4804-AED7-B50A519A3B7C
061F7BA2-8C57-4471-A31E-302AD99E3F6A,09DF0950-D319-4557-A57E-04CD2F63FF42
061F7BA2-8C57-4471-A31E-302AD99E3F6A,24380E3F-AD9D-4E38-BF13-C8EEB21893E7
061F7BA2-8C57-4471-A31E-302AD99E3F6A,B33DC9B6-0B7D-4322-BAD7-A13A34C584A3
061F7BA2-8C57-4471-A31E-302AD99E3F6A,DF4A35E0-7983-4A3E-BC47-F37B872B0F25
062F89B7-8DB4-4ACD-88D1-573669E63091,0307955A-B65C-4CE4-A780-EB36BAAADF0B
062F89B7-8DB4-4ACD-88D1-573669E63091,0C0D142F-06B5-4BE1-8B44-491B90F93DEB
062F89B7-8DB4-4ACD-88D1-573669E63091,24380E3F-AD9D-4E38-BF13-C8EEB21893E7
062F89B7-8DB4-4ACD-88D1-573669E63091,5F723BAD-7359-48FC-98FA-631592256E35
062F89B7-8DB4-4ACD-88D1-573669E63091,7CE6E935-F839-4FEC-A63E-052B1DEF39D2
062F89B7-8DB4-4ACD-88D1-573669E63091,B204DE60-5A24-43DD-8902-C81625A09A74
062F89B7-8DB4-4ACD-88D1-573669E63091,B33DC9B6-0B7D-4322-BAD7-A13A34C584A3
062F89B7-8DB4-4ACD-88D1-573669E63091,BFF8C027-7C8F-480B-A5F8-CD8CE490BFBA
062F89B7-8DB4-4ACD-88D1-573669E63091,DF4A35E0-7983-4A3E-BC47-F37B872B0F25
067468EC-25DB-447C-91A8-068C167EEF32,1DFACD97-1B9C-4F5A-80F2-05593604799E
067468EC-25DB-447C-91A8-068C167EEF32,24380E3F-AD9D-4E38-BF13-C8EEB21893E7
067468EC-25DB-447C-91A8-068C167EEF32,C8F98B28-3C10-41AE-AA99-092B3B398C43
07229CB8-8533-4669-B614-2B884779DD93,01D717BC-18BB-4FE4-95BA-6B13AD702038
07229CB8-8533-4669-B614-2B884779DD93,0B685688-3405-4E2A-ABBA-E3069492EC50
07229CB8-8533-4669-B614-2B884779DD93,0C0D142F-06B5-4BE1-8B44-491B90F93DEB
07229CB8-8533-4669-B614-2B884779DD93,13A57703-BB1A-41A2-94B8-53B692EB7238
07229CB8-8533-4669-B614-2B884779DD93,1DFACD97-1B9C-4F5A-80F2-05593604799E
07229CB8-8533-4669-B614-2B884779DD93,24380E3F-AD9D-4E38-BF13-C8EEB21893E7
07229CB8-8533-4669-B614-2B884779DD93,42FD78B9-2B90-4AA9-BC43-F10E9FEA8B5A
07229CB8-8533-4669-B614-2B884779DD93,5F723BAD-7359-48FC-98FA-631592256E35
07229CB8-8533-4669-B614-2B884779DD93,7C912B83-1B1B-4807-9B66-97C12211E48E
07229CB8-8533-4669-B614-2B884779DD93,7CE6E935-F839-4FEC-A63E-052B1DEF39D2
07229CB8-8533-4669-B614-2B884779DD93,A59947B7-3376-49B4-AD02-C0423E08C5F7
07229CB8-8533-4669-B614-2B884779DD93,AE42B46C-E4B7-4889-A122-08FE180371AE
07229CB8-8533-4669-B614-2B884779DD93,B12FAAB9-713F-4B38-83E4-A273F5A43C77
07229CB8-8533-4669-B614-2B884779DD93,B204DE60-5A24-43DD-8902-C81625A09A74
07229CB8-8533-4669-B614-2B884779DD93,B33DC9B6-0B7D-4322-BAD7-A13A34C584A3
07229CB8-8533-4669-B614-2B884779DD93,BFF8C027-7C8F-480B-A5F8-CD8CE490BFBA
07229CB8-8533-4669-B614-2B884779DD93,C38B3C62-1BBF-4EA1-A1A2-35DE21B74C17
07229CB8-8533-4669-B614-2B884779DD93,C8F98B28-3C10-41AE-AA99-092B3B398C43
07229CB8-8533-4669-B614-2B884779DD93,DF4A35E0-7983-4A3E-BC47-F37B872B0F25
07229CB8-8533-4669-B614-2B884779DD93,F9B1D433-6B86-4804-AED7-B50A519A3B7C
0776E4B1-036C-4C61-9F5D-F5DB0EFB3220,09DF0950-D319-4557-A57E-04CD2F63FF42
0776E4B1-036C-4C61-9F5D-F5DB0EFB3220,C8F98B28-3C10-41AE-AA99-092B3B398C43
07A92FEB-682E-4895-8070-3323BC6F9EF7,09DF0950-D319-4557-A57E-04CD2F63FF42
07A92FEB-682E-4895-8070-3323BC6F9EF7,5F723BAD-7359-48FC-98FA-631592256E35
07A92FEB-682E-4895-8070-3323BC6F9EF7,B33DC9B6-0B7D-4322-BAD7-A13A34C584A3
07A92FEB-682E-4895-8070-3323BC6F9EF7,C8F98B28-3C10-41AE-AA99-092B3B398C43
07A92FEB-682E-4895-8070-3323BC6F9EF7,DF4A35E0-7983-4A3E-BC47-F37B872B0F25
07D9E506-B86A-4762-801F-2D333F369D5D,B33DC9B6-0B7D-4322-BAD7-A13A34C584A3
07D9E506-B86A-4762-801F-2D333F369D5D,DF4A35E0-7983-4A3E-BC47-F37B872B0F25
0826F21E-43A2-4675-8D2A-11F676293364,09DF0950-D319-4557-A57E-04CD2F63FF42
0826F21E-43A2-4675-8D2A-11F676293364,0B685688-3405-4E2A-ABBA-E3069492EC50
0826F21E-43A2-4675-8D2A-11F676293364,0C0D142F-06B5-4BE1-8B44-491B90F93DEB
0826F21E-43A2-4675-8D2A-11F676293364,13A57703-BB1A-41A2-94B8-53B692EB7238
0826F21E-43A2-4675-8D2A-11F676293364,24380E3F-AD9D-4E38-BF13-C8EEB21893E7
0826F21E-43A2-4675-8D2A-11F676293364,5F723BAD-7359-48FC-98FA-631592256E35
0826F21E-43A2-4675-8D2A-11F676293364,8386EEAF-985F-4DE8-9037-CCF91975AC94
0826F21E-43A2-4675-8D2A-11F676293364,A59947B7-3376-49B4-AD02-C0423E08C5F7
0826F21E-43A2-4675-8D2A-11F676293364,B33DC9B6-0B7D-4322-BAD7-A13A34C584A3
0826F21E-43A2-4675-8D2A-11F676293364,BA316D0F-92AE-4E00-8C80-DBD605DC58C3
0826F21E-43A2-4675-8D2A-11F676293364,BFF8C027-7C8F-480B-A5F8-CD8CE490BFBA
0826F21E-43A2-4675-8D2A-11F676293364,DF4A35E0-7983-4A3E-BC47-F37B872B0F25
08EFF7E4-0FE4-4402-B23A-124EB8AAC249,0B685688-3405-4E2A-ABBA-E3069492EC50
08EFF7E4-0FE4-4402-B23A-124EB8AAC249,0C0D142F-06B5-4BE1-8B44-491B90F93DEB
08EFF7E4-0FE4-4402-B23A-124EB8AAC249,1DFACD97-1B9C-4F5A-80F2-05593604799E
08EFF7E4-0FE4-4402-B23A-124EB8AAC249,24380E3F-AD9D-4E38-BF13-C8EEB21893E7
08EFF7E4-0FE4-4402-B23A-124EB8AAC249,42FD78B9-2B90-4AA9-BC43-F10E9FEA8B5A
08EFF7E4-0FE4-4402-B23A-124EB8AAC249,B33DC9B6-0B7D-4322-BAD7-A13A34C584A3
08EFF7E4-0FE4-4402-B23A-124EB8AAC249,BFF8C027-7C8F-480B-A5F8-CD8CE490BFBA
08EFF7E4-0FE4-4402-B23A-124EB8AAC249,C8F98B28-3C10-41AE-AA99-092B3B398C43
08EFF7E4-0FE4-4402-B23A-124EB8AAC249,DF4A35E0-7983-4A3E-BC47-F37B872B0F25
09689FA5-2147-4BF2-935C-AE92AB85A2E5,0C0D142F-06B5-4BE1-8B44-491B90F93DEB
09689FA5-2147-4BF2-935C-AE92AB85A2E5,B33DC9B6-0B7D-4322-BAD7-A13A34C584A3
09689FA5-2147-4BF2-935C-AE92AB85A2E5,C8F98B28-3C10-41AE-AA99-092B3B398C43
09689FA5-2147-4BF2-935C-AE92AB85A2E5,DF4A35E0-7983-4A3E-BC47-F37B872B0F25
09812D3A-1E2B-4402-9ABC-31C79BCB9F6B,071BA73C-1D3C-46D4-A53C-00D5602F7F0E
09812D3A-1E2B-4402-9ABC-31C79BCB9F6B,0B685688-3405-4E2A-ABBA-E3069492EC50
09812D3A-1E2B-4402-9ABC-31C79BCB9F6B,24380E3F-AD9D-4E38-BF13-C8EEB21893E7
09812D3A-1E2B-4402-9ABC-31C79BCB9F6B,4D06CEED-90C6-4B69-B264-32CC90B69BA6
09812D3A-1E2B-4402-9ABC-31C79BCB9F6B,4D224BCA-C127-408B-AC75-A51563C42411
09812D3A-1E2B-4402-9ABC-31C79BCB9F6B,A59947B7-3376-49B4-AD02-C0423E08C5F7
09812D3A-1E2B-4402-9ABC-31C79BCB9F6B,AE42B46C-E4B7-4889-A122-08FE180371AE
09812D3A-1E2B-4402-9ABC-31C79BCB9F6B,BFF8C027-7C8F-480B-A5F8-CD8CE490BFBA
09812D3A-1E2B-4402-9ABC-31C79BCB9F6B,C8F98B28-3C10-41AE-AA99-092B3B398C43
09812D3A-1E2B-4402-9ABC-31C79BCB9F6B,DF4A35E0-7983-4A3E-BC47-F37B872B0F25
0AEC82D5-0D49-492A-9936-DBE44AF69F09,09DF0950-D319-4557-A57E-04CD2F63FF42
0AEC82D5-0D49-492A-9936-DBE44AF69F09,0B685688-3405-4E2A-ABBA-E3069492EC50
0AEC82D5-0D49-492A-9936-DBE44AF69F09,0C0D142F-06B5-4BE1-8B44-491B90F93DEB
0AEC82D5-0D49-492A-9936-DBE44AF69F09,1DFACD97-1B9C-4F5A-80F2-05593604799E
0AEC82D5-0D49-492A-9936-DBE44AF69F09,24380E3F-AD9D-4E38-BF13-C8EEB21893E7
0AEC82D5-0D49-492A-9936-DBE44AF69F09,42FD78B9-2B90-4AA9-BC43-F10E9FEA8B5A
0AEC82D5-0D49-492A-9936-DBE44AF69F09,4D224BCA-C127-408B-AC75-A51563C42411
0AEC82D5-0D49-492A-9936-DBE44AF69F09,5F723BAD-7359-48FC-98FA-631592256E35
0AEC82D5-0D49-492A-9936-DBE44AF69F09,7CE6E935-F839-4FEC-A63E-052B1DEF39D2
0AEC82D5-0D49-492A-9936-DBE44AF69F09,94369BFD-F186-477E-8713-AE2A745154DA
0AEC82D5-0D49-492A-9936-DBE44AF69F09,AE42B46C-E4B7-4889-A122-08FE180371AE
0AEC82D5-0D49-492A-9936-DBE44AF69F09,B204DE60-5A24-43DD-8902-C81625A09A74
0AEC82D5-0D49-492A-9936-DBE44AF69F09,B33DC9B6-0B7D-4322-BAD7-A13A34C584A3
0AEC82D5-0D49-492A-9936-DBE44AF69F09,BFF8C027-7C8F-480B-A5F8-CD8CE490BFBA
0AEC82D5-0D49-492A-9936-DBE44AF69F09,C11D3746-5063-4BD0-B245-7178D1AD866C
0AEC82D5-0D49-492A-9936-DBE44AF69F09,C8F98B28-3C10-41AE-AA99-092B3B398C43
0AEC82D5-0D49-492A-9936-DBE44AF69F09,DF4A35E0-7983-4A3E-BC47-F37B872B0F25
0B61230F-375C-4392-BDF0-BB3FC43D2CFE,0C0D142F-06B5-4BE1-8B44-491B90F93DEB
0B61230F-375C-4392-BDF0-BB3FC43D2CFE,24380E3F-AD9D-4E38-BF13-C8EEB21893E7
0B61230F-375C-4392-BDF0-BB3FC43D2CFE,B33DC9B6-0B7D-4322-BAD7-A13A34C584A3
0B61230F-375C-4392-BDF0-BB3FC43D2CFE,C8F98B28-3C10-41AE-AA99-092B3B398C43
0B61230F-375C-4392-BDF0-BB3FC43D2CFE,DF4A35E0-7983-4A3E-BC47-F37B872B0F25
0C7D40DF-85BC-439E-BE58-34E11C1D4095,B33DC9B6-0B7D-4322-BAD7-A13A34C584A3
0DEA542F-01B7-4631-8AAD-124161D7B7E6,B33DC9B6-0B7D-4322-BAD7-A13A34C584A3
0DEA542F-01B7-4631-8AAD-124161D7B7E6,DF4A35E0-7983-4A3E-BC47-F37B872B0F25
0E797FA8-6E31-418B-A68F-13CEE37A2AF5,0307955A-B65C-4CE4-A780-EB36BAAADF0B
0E797FA8-6E31-418B-A68F-13CEE37A2AF5,09DF0950-D319-4557-A57E-04CD2F63FF42
0E797FA8-6E31-418B-A68F-13CEE37A2AF5,0B685688-3405-4E2A-ABBA-E3069492EC50
0E797FA8-6E31-418B-A68F-13CEE37A2AF5,1DFACD97-1B9C-4F5A-80F2-05593604799E
0E797FA8-6E31-418B-A68F-13CEE37A2AF5,24380E3F-AD9D-4E38-BF13-C8EEB21893E7
0E797FA8-6E31-418B-A68F-13CEE37A2AF5,7CE6E935-F839-4FEC-A63E-052B1DEF39D2
0E797FA8-6E31-418B-A68F-13CEE37A2AF5,A59947B7-3376-49B4-AD02-C0423E08C5F7
0E797FA8-6E31-418B-A68F-13CEE37A2AF5,AE3C95F5-E05B-4A28-81DD-1C5FD4BE88E2
0E797FA8-6E31-418B-A68F-13CEE37A2AF5,AE42B46C-E4B7-4889-A122-08FE180371AE
0E797FA8-6E31-418B-A68F-13CEE37A2AF5,B204DE60-5A24-43DD-8902-C81625A09A74
0E797FA8-6E31-418B-A68F-13CEE37A2AF5,B33DC9B6-0B7D-4322-BAD7-A13A34C584A3
0E797FA8-6E31-418B-A68F-13CEE37A2AF5,BFF8C027-7C8F-480B-A5F8-CD8CE490BFBA
0E797FA8-6E31-418B-A68F-13CEE37A2AF5,C8F98B28-3C10-41AE-AA99-092B3B398C43
0E797FA8-6E31-418B-A68F-13CEE37A2AF5,DF4A35E0-7983-4A3E-BC47-F37B872B0F25
0F6893CF-FC15-4AC5-8C95-E70FC9C21B1A,071BA73C-1D3C-46D4-A53C-00D5602F7F0E
0F6893CF-FC15-4AC5-8C95-E70FC9C21B1A,09DF0950-D319-4557-A57E-04CD2F63FF42
0F6893CF-FC15-4AC5-8C95-E70FC9C21B1A,0B685688-3405-4E2A-ABBA-E3069492EC50
0F6893CF-FC15-4AC5-8C95-E70FC9C21B1A,0C0D142F-06B5-4BE1-8B44-491B90F93DEB
0F6893CF-FC15-4AC5-8C95-E70FC9C21B1A,13A57703-BB1A-41A2-94B8-53B692EB7238
0F6893CF-FC15-4AC5-8C95-E70FC9C21B1A,1DFACD97-1B9C-4F5A-80F2-05593604799E
0F6893CF-FC15-4AC5-8C95-E70FC9C21B1A,24380E3F-AD9D-4E38-BF13-C8EEB21893E7
0F6893CF-FC15-4AC5-8C95-E70FC9C21B1A,42CF4021-8524-428E-866A-D33097A4A764
0F6893CF-FC15-4AC5-8C95-E70FC9C21B1A,4D224BCA-C127-408B-AC75-A51563C42411
0F6893CF-FC15-4AC5-8C95-E70FC9C21B1A,A59947B7-3376-49B4-AD02-C0423E08C5F7
0F6893CF-FC15-4AC5-8C95-E70FC9C21B1A,AE42B46C-E4B7-4889-A122-08FE180371AE
0F6893CF-FC15-4AC5-8C95-E70FC9C21B1A,B33DC9B6-0B7D-4322-BAD7-A13A34C584A3
0F6893CF-FC15-4AC5-8C95-E70FC9C21B1A,BFF8C027-7C8F-480B-A5F8-CD8CE490BFBA
0F6893CF-FC15-4AC5-8C95-E70FC9C21B1A,C8F98B28-3C10-41AE-AA99-092B3B398C43
0F6893CF-FC15-4AC5-8C95-E70FC9C21B1A,D72206E4-6CD1-4441-A355-F8F1827466B1
0F6893CF-FC15-4AC5-8C95-E70FC9C21B1A,DF4A35E0-7983-4A3E-BC47-F37B872B0F25
0FC25325-87AA-4325-A6B7-C404D94B16DB,01D717BC-18BB-4FE4-95BA-6B13AD702038
0FC25325-87AA-4325-A6B7-C404D94B16DB,09DF0950-D319-4557-A57E-04CD2F63FF42
0FC25325-87AA-4325-A6B7-C404D94B16DB,0B685688-3405-4E2A-ABBA-E3069492EC50
0FC25325-87AA-4325-A6B7-C404D94B16DB,0C0D142F-06B5-4BE1-8B44-491B90F93DEB
0FC25325-87AA-4325-A6B7-C404D94B16DB,13A57703-BB1A-41A2-94B8-53B692EB7238
0FC25325-87AA-4325-A6B7-C404D94B16DB,1DFACD97-1B9C-4F5A-80F2-05593604799E
0FC25325-87AA-4325-A6B7-C404D94B16DB,24380E3F-AD9D-4E38-BF13-C8EEB21893E7
0FC25325-87AA-4325-A6B7-C404D94B16DB,42FD78B9-2B90-4AA9-BC43-F10E9FEA8B5A
0FC25325-87AA-4325-A6B7-C404D94B16DB,B33DC9B6-0B7D-4322-BAD7-A13A34C584A3
0FC25325-87AA-4325-A6B7-C404D94B16DB,BFF8C027-7C8F-480B-A5F8-CD8CE490BFBA
0FC25325-87AA-4325-A6B7-C404D94B16DB,C11D3746-5063-4BD0-B245-7178D1AD866C
0FC25325-87AA-4325-A6B7-C404D94B16DB,C38B3C62-1BBF-4EA1-A1A2-35DE21B74C17
0FC25325-87AA-4325-A6B7-C404D94B16DB,C8F98B28-3C10-41AE-AA99-092B3B398C43
0FC25325-87AA-4325-A6B7-C404D94B16DB,DF4A35E0-7983-4A3E-BC47-F37B872B0F25
0FC25325-87AA-4325-A6B7-C404D94B16DB,F9B1D433-6B86-4804-AED7-B50A519A3B7C
10505DA0-A627-47EA-8533-5C67C3B2AF15,09DF0950-D319-4557-A57E-04CD2F63FF42
10505DA0-A627-47EA-8533-5C67C3B2AF15,0B685688-3405-4E2A-ABBA-E3069492EC50
10505DA0-A627-47EA-8533-5C67C3B2AF15,0C0D142F-06B5-4BE1-8B44-491B90F93DEB
10505DA0-A627-47EA-8533-5C67C3B2AF15,1DFACD97-1B9C-4F5A-80F2-05593604799E
10505DA0-A627-47EA-8533-5C67C3B2AF15,24380E3F-AD9D-4E38-BF13-C8EEB21893E7
10505DA0-A627-47EA-8533-5C67C3B2AF15,B33DC9B6-0B7D-4322-BAD7-A13A34C584A3
10505DA0-A627-47EA-8533-5C67C3B2AF15,BFF8C027-7C8F-480B-A5F8-CD8CE490BFBA
10505DA0-A627-47EA-8533-5C67C3B2AF15,C8F98B28-3C10-41AE-AA99-092B3B398C43
10505DA0-A627-47EA-8533-5C67C3B2AF15,DF4A35E0-7983-4A3E-BC47-F37B872B0F25
10AEFADA-AFA0-4998-A9E5-3F504F351AAB,0B685688-3405-4E2A-ABBA-E3069492EC50
10AEFADA-AFA0-4998-A9E5-3F504F351AAB,0C0D142F-06B5-4BE1-8B44-491B90F93DEB
10AEFADA-AFA0-4998-A9E5-3F504F351AAB,13A57703-BB1A-41A2-94B8-53B692EB7238
10AEFADA-AFA0-4998-A9E5-3F504F351AAB,1DFACD97-1B9C-4F5A-80F2-05593604799E
10AEFADA-AFA0-4998-A9E5-3F504F351AAB,24380E3F-AD9D-4E38-BF13-C8EEB21893E7
10AEFADA-AFA0-4998-A9E5-3F504F351AAB,5F723BAD-7359-48FC-98FA-631592256E35
10AEFADA-AFA0-4998-A9E5-3F504F351AAB,7CE6E935-F839-4FEC-A63E-052B1DEF39D2
10AEFADA-AFA0-4998-A9E5-3F504F351AAB,A59947B7-3376-49B4-AD02-C0423E08C5F7
10AEFADA-AFA0-4998-A9E5-3F504F351AAB,B33DC9B6-0B7D-4322-BAD7-A13A34C584A3
10AEFADA-AFA0-4998-A9E5-3F504F351AAB,BA316D0F-92AE-4E00-8C80-DBD605DC58C3
10AEFADA-AFA0-4998-A9E5-3F504F351AAB,BFF8C027-7C8F-480B-A5F8-CD8CE490BFBA
10AEFADA-AFA0-4998-A9E5-3F504F351AAB,C8F98B28-3C10-41AE-AA99-092B3B398C43
10AEFADA-AFA0-4998-A9E5-3F504F351AAB,DF4A35E0-7983-4A3E-BC47-F37B872B0F25
10AEFADA-AFA0-4998-A9E5-3F504F351AAB,F9B1D433-6B86-4804-AED7-B50A519A3B7C
111711AC-B056-4CCF-B08F-35EE0E313CF4,5F723BAD-7359-48FC-98FA-631592256E35
111711AC-B056-4CCF-B08F-35EE0E313CF4,C8F98B28-3C10-41AE-AA99-092B3B398C43
111711AC-B056-4CCF-B08F-35EE0E313CF4,DF4A35E0-7983-4A3E-BC47-F37B872B0F25
1172F473-8129-42CA-9A47-C9D0AC5CAF66,071BA73C-1D3C-46D4-A53C-00D5602F7F0E
1172F473-8129-42CA-9A47-C9D0AC5CAF66,0B685688-3405-4E2A-ABBA-E3069492EC50
1172F473-8129-42CA-9A47-C9D0AC5CAF66,3EBF7EAC-68FC-4754-B6A4-0C38A1583D45
1172F473-8129-42CA-9A47-C9D0AC5CAF66,42CF4021-8524-428E-866A-D33097A4A764
1172F473-8129-42CA-9A47-C9D0AC5CAF66,4D224BCA-C127-408B-AC75-A51563C42411
1172F473-8129-42CA-9A47-C9D0AC5CAF66,587BB2D3-EC35-41B2-B3F7-A39E2B088AEE
1172F473-8129-42CA-9A47-C9D0AC5CAF66,BFF8C027-7C8F-480B-A5F8-CD8CE490BFBA
11E73438-0CCC-4441-A76A-1995F67F2D89,01D717BC-18BB-4FE4-95BA-6B13AD702038
11E73438-0CCC-4441-A76A-1995F67F2D89,071BA73C-1D3C-46D4-A53C-00D5602F7F0E
11E73438-0CCC-4441-A76A-1995F67F2D89,0B685688-3405-4E2A-ABBA-E3069492EC50
11E73438-0CCC-4441-A76A-1995F67F2D89,0C0D142F-06B5-4BE1-8B44-491B90F93DEB
11E73438-0CCC-4441-A76A-1995F67F2D89,13A57703-BB1A-41A2-94B8-53B692EB7238
11E73438-0CCC-4441-A76A-1995F67F2D89,1DFACD97-1B9C-4F5A-80F2-05593604799E
11E73438-0CCC-4441-A76A-1995F67F2D89,24380E3F-AD9D-4E38-BF13-C8EEB21893E7
11E73438-0CCC-4441-A76A-1995F67F2D89,4D224BCA-C127-408B-AC75-A51563C42411
11E73438-0CCC-4441-A76A-1995F67F2D89,7C912B83-1B1B-4807-9B66-97C12211E48E
11E73438-0CCC-4441-A76A-1995F67F2D89,8C495067-8E94-4D78-BBD4-3379DACF6550
11E73438-0CCC-4441-A76A-1995F67F2D89,A59947B7-3376-49B4-AD02-C0423E08C5F7
11E73438-0CCC-4441-A76A-1995F67F2D89,AE42B46C-E4B7-4889-A122-08FE180371AE
11E73438-0CCC-4441-A76A-1995F67F2D89,B12FAAB9-713F-4B38-83E4-A273F5A43C77
11E73438-0CCC-4441-A76A-1995F67F2D89,B33DC9B6-0B7D-4322-BAD7-A13A34C584A3
11E73438-0CCC-4441-A76A-1995F67F2D89,BFF8C027-7C8F-480B-A5F8-CD8CE490BFBA
11E73438-0CCC-4441-A76A-1995F67F2D89,D72206E4-6CD1-4441-A355-F8F1827466B1
11E73438-0CCC-4441-A76A-1995F67F2D89,DF4A35E0-7983-4A3E-BC47-F37B872B0F25
11E73438-0CCC-4441-A76A-1995F67F2D89,F9B1D433-6B86-4804-AED7-B50A519A3B7C
126A6227-E39F-44F4-A279-B1EA257CBCDA,0B685688-3405-4E2A-ABBA-E3069492EC50
126A6227-E39F-44F4-A279-B1EA257CBCDA,1DFACD97-1B9C-4F5A-80F2-05593604799E
126A6227-E39F-44F4-A279-B1EA257CBCDA,24380E3F-AD9D-4E38-BF13-C8EEB21893E7
126A6227-E39F-44F4-A279-B1EA257CBCDA,B33DC9B6-0B7D-4322-BAD7-A13A34C584A3
126A6227-E39F-44F4-A279-B1EA257CBCDA,BFF8C027-7C8F-480B-A5F8-CD8CE490BFBA
126A6227-E39F-44F4-A279-B1EA257CBCDA,DF4A35E0-7983-4A3E-BC47-F37B872B0F25
1291920D-2428-4FEA-9670-7EBC45284A59,0307955A-B65C-4CE4-A780-EB36BAAADF0B
1291920D-2428-4FEA-9670-7EBC45284A59,0B685688-3405-4E2A-ABBA-E3069492EC50
1291920D-2428-4FEA-9670-7EBC45284A59,0C0D142F-06B5-4BE1-8B44-491B90F93DEB
1291920D-2428-4FEA-9670-7EBC45284A59,24380E3F-AD9D-4E38-BF13-C8EEB21893E7
1291920D-2428-4FEA-9670-7EBC45284A59,AE42B46C-E4B7-4889-A122-08FE180371AE
1291920D-2428-4FEA-9670-7EBC45284A59,B204DE60-5A24-43DD-8902-C81625A09A74
1291920D-2428-4FEA-9670-7EBC45284A59,B33DC9B6-0B7D-4322-BAD7-A13A34C584A3
1291920D-2428-4FEA-9670-7EBC45284A59,C8F98B28-3C10-41AE-AA99-092B3B398C43
1291920D-2428-4FEA-9670-7EBC45284A59,DF4A35E0-7983-4A3E-BC47-F37B872B0F25
1388A0C7-D12A-4642-885A-A9C723458BA3,01D717BC-18BB-4FE4-95BA-6B13AD702038
1388A0C7-D12A-4642-885A-A9C723458BA3,0B685688-3405-4E2A-ABBA-E3069492EC50
1388A0C7-D12A-4642-885A-A9C723458BA3,0C0D142F-06B5-4BE1-8B44-491B90F93DEB
1388A0C7-D12A-4642-885A-A9C723458BA3,13A57703-BB1A-41A2-94B8-53B692EB7238
1388A0C7-D12A-4642-885A-A9C723458BA3,24380E3F-AD9D-4E38-BF13-C8EEB21893E7
1388A0C7-D12A-4642-885A-A9C723458BA3,5F723BAD-7359-48FC-98FA-631592256E35
1388A0C7-D12A-4642-885A-A9C723458BA3,7CE6E935-F839-4FEC-A63E-052B1DEF39D2
1388A0C7-D12A-4642-885A-A9C723458BA3,A59947B7-3376-49B4-AD02-C0423E08C5F7
1388A0C7-D12A-4642-885A-A9C723458BA3,BA316D0F-92AE-4E00-8C80-DBD605DC58C3
1388A0C7-D12A-4642-885A-A9C723458BA3,BFF8C027-7C8F-480B-A5F8-CD8CE490BFBA
1388A0C7-D12A-4642-885A-A9C723458BA3,C8F98B28-3C10-41AE-AA99-092B3B398C43
1388A0C7-D12A-4642-885A-A9C723458BA3,DF4A35E0-7983-4A3E-BC47-F37B872B0F25
1388A0C7-D12A-4642-885A-A9C723458BA3,F9B1D433-6B86-4804-AED7-B50A519A3B7C
13E255FA-F68C-491C-828C-59E5B4FA2600,0B685688-3405-4E2A-ABBA-E3069492EC50
13E255FA-F68C-491C-828C-59E5B4FA2600,24380E3F-AD9D-4E38-BF13-C8EEB21893E7
13E255FA-F68C-491C-828C-59E5B4FA2600,B33DC9B6-0B7D-4322-BAD7-A13A34C584A3
13E255FA-F68C-491C-828C-59E5B4FA2600,BFF8C027-7C8F-480B-A5F8-CD8CE490BFBA
13E32BB8-D80B-45FA-ABF7-9C0CA5417ADC,0C0D142F-06B5-4BE1-8B44-491B90F93DEB
13E32BB8-D80B-45FA-ABF7-9C0CA5417ADC,24380E3F-AD9D-4E38-BF13-C8EEB21893E7
13E32BB8-D80B-45FA-ABF7-9C0CA5417ADC,B33DC9B6-0B7D-4322-BAD7-A13A34C584A3
13E32BB8-D80B-45FA-ABF7-9C0CA5417ADC,C8F98B28-3C10-41AE-AA99-092B3B398C43
13E32BB8-D80B-45FA-ABF7-9C0CA5417ADC,DF4A35E0-7983-4A3E-BC47-F37B872B0F25
14025CA9-91DE-4D36-B4CA-9880463C3BC2,071BA73C-1D3C-46D4-A53C-00D5602F7F0E
14025CA9-91DE-4D36-B4CA-9880463C3BC2,0B685688-3405-4E2A-ABBA-E3069492EC50
14025CA9-91DE-4D36-B4CA-9880463C3BC2,4D224BCA-C127-408B-AC75-A51563C42411
14025CA9-91DE-4D36-B4CA-9880463C3BC2,7CE6E935-F839-4FEC-A63E-052B1DEF39D2
14025CA9-91DE-4D36-B4CA-9880463C3BC2,8386EEAF-985F-4DE8-9037-CCF91975AC94
14025CA9-91DE-4D36-B4CA-9880463C3BC2,AE42B46C-E4B7-4889-A122-08FE180371AE
14025CA9-91DE-4D36-B4CA-9880463C3BC2,B33DC9B6-0B7D-4322-BAD7-A13A34C584A3
14025CA9-91DE-4D36-B4CA-9880463C3BC2,BFF8C027-7C8F-480B-A5F8-CD8CE490BFBA
14025CA9-91DE-4D36-B4CA-9880463C3BC2,DF4A35E0-7983-4A3E-BC47-F37B872B0F25
167A05D1-5793-49E0-89FE-0A1DDFA9A7F4,071BA73C-1D3C-46D4-A53C-00D5602F7F0E
167A05D1-5793-49E0-89FE-0A1DDFA9A7F4,0B685688-3405-4E2A-ABBA-E3069492EC50
167A05D1-5793-49E0-89FE-0A1DDFA9A7F4,13A57703-BB1A-41A2-94B8-53B692EB7238
167A05D1-5793-49E0-89FE-0A1DDFA9A7F4,24380E3F-AD9D-4E38-BF13-C8EEB21893E7
167A05D1-5793-49E0-89FE-0A1DDFA9A7F4,3EBF7EAC-68FC-4754-B6A4-0C38A1583D45
167A05D1-5793-49E0-89FE-0A1DDFA9A7F4,42CF4021-8524-428E-866A-D33097A4A764
167A05D1-5793-49E0-89FE-0A1DDFA9A7F4,42FD78B9-2B90-4AA9-BC43-F10E9FEA8B5A
167A05D1-5793-49E0-89FE-0A1DDFA9A7F4,4D224BCA-C127-408B-AC75-A51563C42411
167A05D1-5793-49E0-89FE-0A1DDFA9A7F4,587BB2D3-EC35-41B2-B3F7-A39E2B088AEE
167A05D1-5793-49E0-89FE-0A1DDFA9A7F4,A59947B7-3376-49B4-AD02-C0423E08C5F7
167A05D1-5793-49E0-89FE-0A1DDFA9A7F4,AE42B46C-E4B7-4889-A122-08FE180371AE
167A05D1-5793-49E0-89FE-0A1DDFA9A7F4,B33DC9B6-0B7D-4322-BAD7-A13A34C584A3
167A05D1-5793-49E0-89FE-0A1DDFA9A7F4,DF4A35E0-7983-4A3E-BC47-F37B872B0F25
16809469-7649-4DFA-9C76-57F2B9946DDC,0307955A-B65C-4CE4-A780-EB36BAAADF0B
16809469-7649-4DFA-9C76-57F2B9946DDC,071BA73C-1D3C-46D4-A53C-00D5602F7F0E
16809469-7649-4DFA-9C76-57F2B9946DDC,0B685688-3405-4E2A-ABBA-E3069492EC50
16809469-7649-4DFA-9C76-57F2B9946DDC,13A57703-BB1A-41A2-94B8-53B692EB7238
16809469-7649-4DFA-9C76-57F2B9946DDC,1DFACD97-1B9C-4F5A-80F2-05593604799E
16809469-7649-4DFA-9C76-57F2B9946DDC,24380E3F-AD9D-4E38-BF13-C8EEB21893E7
16809469-7649-4DFA-9C76-57F2B9946DDC,42FD78B9-2B90-4AA9-BC43-F10E9FEA8B5A
16809469-7649-4DFA-9C76-57F2B9946DDC,4D224BCA-C127-408B-AC75-A51563C42411
16809469-7649-4DFA-9C76-57F2B9946DDC,587BB2D3-EC35-41B2-B3F7-A39E2B088AEE
16809469-7649-4DFA-9C76-57F2B9946DDC,7CE6E935-F839-4FEC-A63E-052B1DEF39D2
16809469-7649-4DFA-9C76-57F2B9946DDC,8386EEAF-985F-4DE8-9037-CCF91975AC94
16809469-7649-4DFA-9C76-57F2B9946DDC,8A1C7B17-C2C6-4F7C-9539-EA1E19971D80
16809469-7649-4DFA-9C76-57F2B9946DDC,A59947B7-3376-49B4-AD02-C0423E08C5F7
16809469-7649-4DFA-9C76-57F2B9946DDC,AE42B46C-E4B7-4889-A122-08FE180371AE
16809469-7649-4DFA-9C76-57F2B9946DDC,BFF8C027-7C8F-480B-A5F8-CD8CE490BFBA
16809469-7649-4DFA-9C76-57F2B9946DDC,DF4A35E0-7983-4A3E-BC47-F37B872B0F25
16B99840-35CB-4D14-BB83-136C371EFD2E,0307955A-B65C-4CE4-A780-EB36BAAADF0B
16B99840-35CB-4D14-BB83-136C371EFD2E,24380E3F-AD9D-4E38-BF13-C8EEB21893E7
16B99840-35CB-4D14-BB83-136C371EFD2E,5F723BAD-7359-48FC-98FA-631592256E35
16B99840-35CB-4D14-BB83-136C371EFD2E,7CE6E935-F839-4FEC-A63E-052B1DEF39D2
16B99840-35CB-4D14-BB83-136C371EFD2E,AE42B46C-E4B7-4889-A122-08FE180371AE
16B99840-35CB-4D14-BB83-136C371EFD2E,B33DC9B6-0B7D-4322-BAD7-A13A34C584A3
16B99840-35CB-4D14-BB83-136C371EFD2E,BFF8C027-7C8F-480B-A5F8-CD8CE490BFBA
16B99840-35CB-4D14-BB83-136C371EFD2E,DF4A35E0-7983-4A3E-BC47-F37B872B0F25
16CCCC56-1DC1-47D6-AE91-E939955BFC53,09DF0950-D319-4557-A57E-04CD2F63FF42
16CCCC56-1DC1-47D6-AE91-E939955BFC53,0B685688-3405-4E2A-ABBA-E3069492EC50
16CCCC56-1DC1-47D6-AE91-E939955BFC53,0C0D142F-06B5-4BE1-8B44-491B90F93DEB
16CCCC56-1DC1-47D6-AE91-E939955BFC53,1DFACD97-1B9C-4F5A-80F2-05593604799E
16CCCC56-1DC1-47D6-AE91-E939955BFC53,24380E3F-AD9D-4E38-BF13-C8EEB21893E7
16CCCC56-1DC1-47D6-AE91-E939955BFC53,5F723BAD-7359-48FC-98FA-631592256E35
16CCCC56-1DC1-47D6-AE91-E939955BFC53,B204DE60-5A24-43DD-8902-C81625A09A74
16CCCC56-1DC1-47D6-AE91-E939955BFC53,B33DC9B6-0B7D-4322-BAD7-A13A34C584A3
16CCCC56-1DC1-47D6-AE91-E939955BFC53,BFF8C027-7C8F-480B-A5F8-CD8CE490BFBA
16CCCC56-1DC1-47D6-AE91-E939955BFC53,C8F98B28-3C10-41AE-AA99-092B3B398C43
16CCCC56-1DC1-47D6-AE91-E939955BFC53,DF4A35E0-7983-4A3E-BC47-F37B872B0F25
186BF51D-FA34-4DD7-A967-233CB32547B8,071BA73C-1D3C-46D4-A53C-00D5602F7F0E
186BF51D-FA34-4DD7-A967-233CB32547B8,09DF0950-D319-4557-A57E-04CD2F63FF42
186BF51D-FA34-4DD7-A967-233CB32547B8,0B685688-3405-4E2A-ABBA-E3069492EC50
186BF51D-FA34-4DD7-A967-233CB32547B8,0C0D142F-06B5-4BE1-8B44-491B90F93DEB
186BF51D-FA34-4DD7-A967-233CB32547B8,13A57703-BB1A-41A2-94B8-53B692EB7238
186BF51D-FA34-4DD7-A967-233CB32547B8,1DFACD97-1B9C-4F5A-80F2-05593604799E
186BF51D-FA34-4DD7-A967-233CB32547B8,24380E3F-AD9D-4E38-BF13-C8EEB21893E7
186BF51D-FA34-4DD7-A967-233CB32547B8,42FD78B9-2B90-4AA9-BC43-F10E9FEA8B5A
186BF51D-FA34-4DD7-A967-233CB32547B8,4D224BCA-C127-408B-AC75-A51563C42411
186BF51D-FA34-4DD7-A967-233CB32547B8,587BB2D3-EC35-41B2-B3F7-A39E2B088AEE
186BF51D-FA34-4DD7-A967-233CB32547B8,7CE6E935-F839-4FEC-A63E-052B1DEF39D2
186BF51D-FA34-4DD7-A967-233CB32547B8,A59947B7-3376-49B4-AD02-C0423E08C5F7
186BF51D-FA34-4DD7-A967-233CB32547B8,AE3C95F5-E05B-4A28-81DD-1C5FD4BE88E2
186BF51D-FA34-4DD7-A967-233CB32547B8,AE42B46C-E4B7-4889-A122-08FE180371AE
186BF51D-FA34-4DD7-A967-233CB32547B8,B204DE60-5A24-43DD-8902-C81625A09A74
186BF51D-FA34-4DD7-A967-233CB32547B8,B33DC9B6-0B7D-4322-BAD7-A13A34C584A3
186BF51D-FA34-4DD7-A967-233CB32547B8,BFF8C027-7C8F-480B-A5F8-CD8CE490BFBA
186BF51D-FA34-4DD7-A967-233CB32547B8,C8F98B28-3C10-41AE-AA99-092B3B398C43
186BF51D-FA34-4DD7-A967-233CB32547B8,DF4A35E0-7983-4A3E-BC47-F37B872B0F25
1A47416F-DAA3-4137-9F30-14AF86B4E547,B33DC9B6-0B7D-4322-BAD7-A13A34C584A3
1ABD0EFF-AC09-4EA1-8CC1-2351A3E160D0,0307955A-B65C-4CE4-A780-EB36BAAADF0B
1ABD0EFF-AC09-4EA1-8CC1-2351A3E160D0,09DF0950-D319-4557-A57E-04CD2F63FF42
1ABD0EFF-AC09-4EA1-8CC1-2351A3E160D0,0B685688-3405-4E2A-ABBA-E3069492EC50
1ABD0EFF-AC09-4EA1-8CC1-2351A3E160D0,0C0D142F-06B5-4BE1-8B44-491B90F93DEB
1ABD0EFF-AC09-4EA1-8CC1-2351A3E160D0,13A57703-BB1A-41A2-94B8-53B692EB7238
1ABD0EFF-AC09-4EA1-8CC1-2351A3E160D0,1DFACD97-1B9C-4F5A-80F2-05593604799E
1ABD0EFF-AC09-4EA1-8CC1-2351A3E160D0,24380E3F-AD9D-4E38-BF13-C8EEB21893E7
1ABD0EFF-AC09-4EA1-8CC1-2351A3E160D0,42FD78B9-2B90-4AA9-BC43-F10E9FEA8B5A
1ABD0EFF-AC09-4EA1-8CC1-2351A3E160D0,5F723BAD-7359-48FC-98FA-631592256E35
1ABD0EFF-AC09-4EA1-8CC1-2351A3E160D0,7CE6E935-F839-4FEC-A63E-052B1DEF39D2
1ABD0EFF-AC09-4EA1-8CC1-2351A3E160D0,A59947B7-3376-49B4-AD02-C0423E08C5F7
1ABD0EFF-AC09-4EA1-8CC1-2351A3E160D0,B33DC9B6-0B7D-4322-BAD7-A13A34C584A3
1ABD0EFF-AC09-4EA1-8CC1-2351A3E160D0,BFF8C027-7C8F-480B-A5F8-CD8CE490BFBA
1ABD0EFF-AC09-4EA1-8CC1-2351A3E160D0,C11D3746-5063-4BD0-B245-7178D1AD866C
1ABD0EFF-AC09-4EA1-8CC1-2351A3E160D0,C8F98B28-3C10-41AE-AA99-092B3B398C43
1ABD0EFF-AC09-4EA1-8CC1-2351A3E160D0,DF4A35E0-7983-4A3E-BC47-F37B872B0F25
1BB1F955-A830-4E85-A80F-5E940A143CE5,0307955A-B65C-4CE4-A780-EB36BAAADF0B
1BB1F955-A830-4E85-A80F-5E940A143CE5,0B685688-3405-4E2A-ABBA-E3069492EC50
1BB1F955-A830-4E85-A80F-5E940A143CE5,0C0D142F-06B5-4BE1-8B44-491B90F93DEB
1BB1F955-A830-4E85-A80F-5E940A143CE5,13A57703-BB1A-41A2-94B8-53B692EB7238
1BB1F955-A830-4E85-A80F-5E940A143CE5,1DFACD97-1B9C-4F5A-80F2-05593604799E
1BB1F955-A830-4E85-A80F-5E940A143CE5,24380E3F-AD9D-4E38-BF13-C8EEB21893E7
1BB1F955-A830-4E85-A80F-5E940A143CE5,A59947B7-3376-49B4-AD02-C0423E08C5F7
1BB1F955-A830-4E85-A80F-5E940A143CE5,B33DC9B6-0B7D-4322-BAD7-A13A34C584A3
1BB1F955-A830-4E85-A80F-5E940A143CE5,BFF8C027-7C8F-480B-A5F8-CD8CE490BFBA
1BB1F955-A830-4E85-A80F-5E940A143CE5,C8F98B28-3C10-41AE-AA99-092B3B398C43
1BB1F955-A830-4E85-A80F-5E940A143CE5,DF4A35E0-7983-4A3E-BC47-F37B872B0F25
1D530576-5363-4264-9A26-1C0809DB0B6A,0C0D142F-06B5-4BE1-8B44-491B90F93DEB
1D530576-5363-4264-9A26-1C0809DB0B6A,24380E3F-AD9D-4E38-BF13-C8EEB21893E7
1D530576-5363-4264-9A26-1C0809DB0B6A,B33DC9B6-0B7D-4322-BAD7-A13A34C584A3
1D530576-5363-4264-9A26-1C0809DB0B6A,C8F98B28-3C10-41AE-AA99-092B3B398C43
1D530576-5363-4264-9A26-1C0809DB0B6A,DF4A35E0-7983-4A3E-BC47-F37B872B0F25
1E521374-B73C-41CD-B524-89E4AC6495F5,071BA73C-1D3C-46D4-A53C-00D5602F7F0E
1E521374-B73C-41CD-B524-89E4AC6495F5,09DF0950-D319-4557-A57E-04CD2F63FF42
1E521374-B73C-41CD-B524-89E4AC6495F5,0B685688-3405-4E2A-ABBA-E3069492EC50
1E521374-B73C-41CD-B524-89E4AC6495F5,1DFACD97-1B9C-4F5A-80F2-05593604799E
1E521374-B73C-41CD-B524-89E4AC6495F5,24380E3F-AD9D-4E38-BF13-C8EEB21893E7
1E521374-B73C-41CD-B524-89E4AC6495F5,3F3ABD16-2C52-4EAA-A1F6-4235DE5686F0
1E521374-B73C-41CD-B524-89E4AC6495F5,7CE6E935-F839-4FEC-A63E-052B1DEF39D2
1E521374-B73C-41CD-B524-89E4AC6495F5,AE42B46C-E4B7-4889-A122-08FE180371AE
1E521374-B73C-41CD-B524-89E4AC6495F5,B33DC9B6-0B7D-4322-BAD7-A13A34C584A3
1E521374-B73C-41CD-B524-89E4AC6495F5,C8F98B28-3C10-41AE-AA99-092B3B398C43
1E521374-B73C-41CD-B524-89E4AC6495F5,DF4A35E0-7983-4A3E-BC47-F37B872B0F25
1EAEF5FA-8CD4-40D7-8B09-07F20E3E5AA5,24380E3F-AD9D-4E38-BF13-C8EEB21893E7
1EAEF5FA-8CD4-40D7-8B09-07F20E3E5AA5,B33DC9B6-0B7D-4322-BAD7-A13A34C584A3
1EAEF5FA-8CD4-40D7-8B09-07F20E3E5AA5,DF4A35E0-7983-4A3E-BC47-F37B872B0F25
1F38885B-538E-499C-B5A6-30D76267AC7F,01D717BC-18BB-4FE4-95BA-6B13AD702038
1F38885B-538E-499C-B5A6-30D76267AC7F,0307955A-B65C-4CE4-A780-EB36BAAADF0B
1F38885B-538E-499C-B5A6-30D76267AC7F,0C0D142F-06B5-4BE1-8B44-491B90F93DEB
1F38885B-538E-499C-B5A6-30D76267AC7F,13A57703-BB1A-41A2-94B8-53B692EB7238
1F38885B-538E-499C-B5A6-30D76267AC7F,1DFACD97-1B9C-4F5A-80F2-05593604799E
1F38885B-538E-499C-B5A6-30D76267AC7F,24380E3F-AD9D-4E38-BF13-C8EEB21893E7
1F38885B-538E-499C-B5A6-30D76267AC7F,B33DC9B6-0B7D-4322-BAD7-A13A34C584A3
1F38885B-538E-499C-B5A6-30D76267AC7F,BFF8C027-7C8F-480B-A5F8-CD8CE490BFBA
1F38885B-538E-499C-B5A6-30D76267AC7F,C8F98B28-3C10-41AE-AA99-092B3B398C43
1F38885B-538E-499C-B5A6-30D76267AC7F,DF4A35E0-7983-4A3E-BC47-F37B872B0F25
1FC8F995-C4F2-4553-BDE4-BB43AAB12ED6,09DF0950-D319-4557-A57E-04CD2F63FF42
1FC8F995-C4F2-4553-BDE4-BB43AAB12ED6,5F723BAD-7359-48FC-98FA-631592256E35
1FC8F995-C4F2-4553-BDE4-BB43AAB12ED6,7CE6E935-F839-4FEC-A63E-052B1DEF39D2
1FC8F995-C4F2-4553-BDE4-BB43AAB12ED6,B33DC9B6-0B7D-4322-BAD7-A13A34C584A3
1FC8F995-C4F2-4553-BDE4-BB43AAB12ED6,DF4A35E0-7983-4A3E-BC47-F37B872B0F25
2067FAB2-41D4-43DF-8142-9B1FC40AFDFC,0307955A-B65C-4CE4-A780-EB36BAAADF0B
2067FAB2-41D4-43DF-8142-9B1FC40AFDFC,09DF0950-D319-4557-A57E-04CD2F63FF42
2067FAB2-41D4-43DF-8142-9B1FC40AFDFC,0B685688-3405-4E2A-ABBA-E3069492EC50
2067FAB2-41D4-43DF-8142-9B1FC40AFDFC,0C0D142F-06B5-4BE1-8B44-491B90F93DEB
2067FAB2-41D4-43DF-8142-9B1FC40AFDFC,1DFACD97-1B9C-4F5A-80F2-05593604799E
2067FAB2-41D4-43DF-8142-9B1FC40AFDFC,24380E3F-AD9D-4E38-BF13-C8EEB21893E7
2067FAB2-41D4-43DF-8142-9B1FC40AFDFC,5F723BAD-7359-48FC-98FA-631592256E35
2067FAB2-41D4-43DF-8142-9B1FC40AFDFC,7CE6E935-F839-4FEC-A63E-052B1DEF39D2
2067FAB2-41D4-43DF-8142-9B1FC40AFDFC,B204DE60-5A24-43DD-8902-C81625A09A74
2067FAB2-41D4-43DF-8142-9B1FC40AFDFC,B33DC9B6-0B7D-4322-BAD7-A13A34C584A3
2067FAB2-41D4-43DF-8142-9B1FC40AFDFC,BFF8C027-7C8F-480B-A5F8-CD8CE490BFBA
2067FAB2-41D4-43DF-8142-9B1FC40AFDFC,C8F98B28-3C10-41AE-AA99-092B3B398C43
2067FAB2-41D4-43DF-8142-9B1FC40AFDFC,DF4A35E0-7983-4A3E-BC47-F37B872B0F25
211E9758-FA5F-4BAA-AABF-D939B7C07A79,0B685688-3405-4E2A-ABBA-E3069492EC50
22177869-21C7-49A1-961C-3F2114F01007,0C0D142F-06B5-4BE1-8B44-491B90F93DEB
22177869-21C7-49A1-961C-3F2114F01007,1DFACD97-1B9C-4F5A-80F2-05593604799E
22177869-21C7-49A1-961C-3F2114F01007,B33DC9B6-0B7D-4322-BAD7-A13A34C584A3
22177869-21C7-49A1-961C-3F2114F01007,DF4A35E0-7983-4A3E-BC47-F37B872B0F25
2337D255-2D32-4997-957A-D461EEA03AF8,09DF0950-D319-4557-A57E-04CD2F63FF42
2337D255-2D32-4997-957A-D461EEA03AF8,24380E3F-AD9D-4E38-BF13-C8EEB21893E7
2337D255-2D32-4997-957A-D461EEA03AF8,B33DC9B6-0B7D-4322-BAD7-A13A34C584A3
2337D255-2D32-4997-957A-D461EEA03AF8,C8F98B28-3C10-41AE-AA99-092B3B398C43
2337D255-2D32-4997-957A-D461EEA03AF8,DF4A35E0-7983-4A3E-BC47-F37B872B0F25
249AF67F-BB6C-4D0A-B632-07BEE855D24B,0B685688-3405-4E2A-ABBA-E3069492EC50
249AF67F-BB6C-4D0A-B632-07BEE855D24B,0C0D142F-06B5-4BE1-8B44-491B90F93DEB
249AF67F-BB6C-4D0A-B632-07BEE855D24B,1DFACD97-1B9C-4F5A-80F2-05593604799E
249AF67F-BB6C-4D0A-B632-07BEE855D24B,24380E3F-AD9D-4E38-BF13-C8EEB21893E7
249AF67F-BB6C-4D0A-B632-07BEE855D24B,7CE6E935-F839-4FEC-A63E-052B1DEF39D2
249AF67F-BB6C-4D0A-B632-07BEE855D24B,B33DC9B6-0B7D-4322-BAD7-A13A34C584A3
249AF67F-BB6C-4D0A-B632-07BEE855D24B,C8F98B28-3C10-41AE-AA99-092B3B398C43
249AF67F-BB6C-4D0A-B632-07BEE855D24B,DF4A35E0-7983-4A3E-BC47-F37B872B0F25
25554F74-A4AB-4C49-9071-341F00F0DAB8,071BA73C-1D3C-46D4-A53C-00D5602F7F0E
25554F74-A4AB-4C49-9071-341F00F0DAB8,0B685688-3405-4E2A-ABBA-E3069492EC50
25554F74-A4AB-4C49-9071-341F00F0DAB8,4D224BCA-C127-408B-AC75-A51563C42411
25554F74-A4AB-4C49-9071-341F00F0DAB8,B33DC9B6-0B7D-4322-BAD7-A13A34C584A3
25554F74-A4AB-4C49-9071-341F00F0DAB8,C11D3746-5063-4BD0-B245-7178D1AD866C
25554F74-A4AB-4C49-9071-341F00F0DAB8,DF4A35E0-7983-4A3E-BC47-F37B872B0F25
259CE799-32C4-4CA9-BBDF-2F305018289C,24380E3F-AD9D-4E38-BF13-C8EEB21893E7
259CE799-32C4-4CA9-BBDF-2F305018289C,B33DC9B6-0B7D-4322-BAD7-A13A34C584A3
259CE799-32C4-4CA9-BBDF-2F305018289C,C8F98B28-3C10-41AE-AA99-092B3B398C43
2666104A-6685-4F93-9412-8091007BEF6C,0B685688-3405-4E2A-ABBA-E3069492EC50
2666104A-6685-4F93-9412-8091007BEF6C,0C0D142F-06B5-4BE1-8B44-491B90F93DEB
2666104A-6685-4F93-9412-8091007BEF6C,1DFACD97-1B9C-4F5A-80F2-05593604799E
2666104A-6685-4F93-9412-8091007BEF6C,24380E3F-AD9D-4E38-BF13-C8EEB21893E7
2666104A-6685-4F93-9412-8091007BEF6C,4D224BCA-C127-408B-AC75-A51563C42411
2666104A-6685-4F93-9412-8091007BEF6C,8386EEAF-985F-4DE8-9037-CCF91975AC94
2666104A-6685-4F93-9412-8091007BEF6C,AE42B46C-E4B7-4889-A122-08FE180371AE
2666104A-6685-4F93-9412-8091007BEF6C,B204DE60-5A24-43DD-8902-C81625A09A74
2666104A-6685-4F93-9412-8091007BEF6C,B33DC9B6-0B7D-4322-BAD7-A13A34C584A3
2666104A-6685-4F93-9412-8091007BEF6C,BFF8C027-7C8F-480B-A5F8-CD8CE490BFBA
2666104A-6685-4F93-9412-8091007BEF6C,C8F98B28-3C10-41AE-AA99-092B3B398C43
2666104A-6685-4F93-9412-8091007BEF6C,DF4A35E0-7983-4A3E-BC47-F37B872B0F25
26FBF456-94A2-413C-87D9-DDBCD96815FA,B33DC9B6-0B7D-4322-BAD7-A13A34C584A3
26FBF456-94A2-413C-87D9-DDBCD96815FA,BA316D0F-92AE-4E00-8C80-DBD605DC58C3
26FBF456-94A2-413C-87D9-DDBCD96815FA,BFF8C027-7C8F-480B-A5F8-CD8CE490BFBA
26FBF456-94A2-413C-87D9-DDBCD96815FA,DF4A35E0-7983-4A3E-BC47-F37B872B0F25
2828F5DF-F4E9-48DE-9D4D-2EC39E0276B2,24380E3F-AD9D-4E38-BF13-C8EEB21893E7
2828F5DF-F4E9-48DE-9D4D-2EC39E0276B2,B204DE60-5A24-43DD-8902-C81625A09A74
2828F5DF-F4E9-48DE-9D4D-2EC39E0276B2,B33DC9B6-0B7D-4322-BAD7-A13A34C584A3
2828F5DF-F4E9-48DE-9D4D-2EC39E0276B2,BFF8C027-7C8F-480B-A5F8-CD8CE490BFBA
2828F5DF-F4E9-48DE-9D4D-2EC39E0276B2,DF4A35E0-7983-4A3E-BC47-F37B872B0F25
28ECD546-FD68-4640-8A31-773F7F7A5211,09DF0950-D319-4557-A57E-04CD2F63FF42
28ECD546-FD68-4640-8A31-773F7F7A5211,0B685688-3405-4E2A-ABBA-E3069492EC50
28ECD546-FD68-4640-8A31-773F7F7A5211,0C0D142F-06B5-4BE1-8B44-491B90F93DEB
28ECD546-FD68-4640-8A31-773F7F7A5211,1DFACD97-1B9C-4F5A-80F2-05593604799E
28ECD546-FD68-4640-8A31-773F7F7A5211,24380E3F-AD9D-4E38-BF13-C8EEB21893E7
28ECD546-FD68-4640-8A31-773F7F7A5211,42FD78B9-2B90-4AA9-BC43-F10E9FEA8B5A
28ECD546-FD68-4640-8A31-773F7F7A5211,7779241F-A70B-49BC-86F0-829AE332C708
28ECD546-FD68-4640-8A31-773F7F7A5211,7CE6E935-F839-4FEC-A63E-052B1DEF39D2
28ECD546-FD68-4640-8A31-773F7F7A5211,8386EEAF-985F-4DE8-9037-CCF91975AC94
28ECD546-FD68-4640-8A31-773F7F7A5211,A59947B7-3376-49B4-AD02-C0423E08C5F7
28ECD546-FD68-4640-8A31-773F7F7A5211,AE42B46C-E4B7-4889-A122-08FE180371AE
28ECD546-FD68-4640-8A31-773F7F7A5211,B33DC9B6-0B7D-4322-BAD7-A13A34C584A3
28ECD546-FD68-4640-8A31-773F7F7A5211,BFF8C027-7C8F-480B-A5F8-CD8CE490BFBA
28ECD546-FD68-4640-8A31-773F7F7A5211,C11D3746-5063-4BD0-B245-7178D1AD866C
28ECD546-FD68-4640-8A31-773F7F7A5211,DF4A35E0-7983-4A3E-BC47-F37B872B0F25
28F155F2-5116-4E4F-9E21-E8CBCFA5FF49,0307955A-B65C-4CE4-A780-EB36BAAADF0B
28F155F2-5116-4E4F-9E21-E8CBCFA5FF49,071BA73C-1D3C-46D4-A53C-00D5602F7F0E
28F155F2-5116-4E4F-9E21-E8CBCFA5FF49,09DF0950-D319-4557-A57E-04CD2F63FF42
28F155F2-5116-4E4F-9E21-E8CBCFA5FF49,0B685688-3405-4E2A-ABBA-E3069492EC50
28F155F2-5116-4E4F-9E21-E8CBCFA5FF49,0C0D142F-06B5-4BE1-8B44-491B90F93DEB
28F155F2-5116-4E4F-9E21-E8CBCFA5FF49,13A57703-BB1A-41A2-94B8-53B692EB7238
28F155F2-5116-4E4F-9E21-E8CBCFA5FF49,1DFACD97-1B9C-4F5A-80F2-05593604799E
28F155F2-5116-4E4F-9E21-E8CBCFA5FF49,24380E3F-AD9D-4E38-BF13-C8EEB21893E7
28F155F2-5116-4E4F-9E21-E8CBCFA5FF49,4D224BCA-C127-408B-AC75-A51563C42411
28F155F2-5116-4E4F-9E21-E8CBCFA5FF49,5F723BAD-7359-48FC-98FA-631592256E35
28F155F2-5116-4E4F-9E21-E8CBCFA5FF49,7779241F-A70B-49BC-86F0-829AE332C708
28F155F2-5116-4E4F-9E21-E8CBCFA5FF49,7CE6E935-F839-4FEC-A63E-052B1DEF39D2
28F155F2-5116-4E4F-9E21-E8CBCFA5FF49,8386EEAF-985F-4DE8-9037-CCF91975AC94
28F155F2-5116-4E4F-9E21-E8CBCFA5FF49,A59947B7-3376-49B4-AD02-C0423E08C5F7
28F155F2-5116-4E4F-9E21-E8CBCFA5FF49,AE42B46C-E4B7-4889-A122-08FE180371AE
28F155F2-5116-4E4F-9E21-E8CBCFA5FF49,B12FAAB9-713F-4B38-83E4-A273F5A43C77
28F155F2-5116-4E4F-9E21-E8CBCFA5FF49,B33DC9B6-0B7D-4322-BAD7-A13A34C584A3
28F155F2-5116-4E4F-9E21-E8CBCFA5FF49,BFF8C027-7C8F-480B-A5F8-CD8CE490BFBA
28F155F2-5116-4E4F-9E21-E8CBCFA5FF49,C8F98B28-3C10-41AE-AA99-092B3B398C43
28F155F2-5116-4E4F-9E21-E8CBCFA5FF49,DF4A35E0-7983-4A3E-BC47-F37B872B0F25
29329926-4215-4E10-83B8-5CF162A0E3F1,071BA73C-1D3C-46D4-A53C-00D5602F7F0E
29329926-4215-4E10-83B8-5CF162A0E3F1,09DF0950-D319-4557-A57E-04CD2F63FF42
29329926-4215-4E10-83B8-5CF162A0E3F1,0B685688-3405-4E2A-ABBA-E3069492EC50
29329926-4215-4E10-83B8-5CF162A0E3F1,0C0D142F-06B5-4BE1-8B44-491B90F93DEB
29329926-4215-4E10-83B8-5CF162A0E3F1,13A57703-BB1A-41A2-94B8-53B692EB7238
29329926-4215-4E10-83B8-5CF162A0E3F1,4D224BCA-C127-408B-AC75-A51563C42411
29329926-4215-4E10-83B8-5CF162A0E3F1,7CE6E935-F839-4FEC-A63E-052B1DEF39D2
29329926-4215-4E10-83B8-5CF162A0E3F1,AE42B46C-E4B7-4889-A122-08FE180371AE
29329926-4215-4E10-83B8-5CF162A0E3F1,B204DE60-5A24-43DD-8902-C81625A09A74
29329926-4215-4E10-83B8-5CF162A0E3F1,C8F98B28-3C10-41AE-AA99-092B3B398C43
29329926-4215-4E10-83B8-5CF162A0E3F1,DF4A35E0-7983-4A3E-BC47-F37B872B0F25
29621EB6-DFBA-40DD-A880-FE29BE9EE2D7,24380E3F-AD9D-4E38-BF13-C8EEB21893E7
29621EB6-DFBA-40DD-A880-FE29BE9EE2D7,7CE6E935-F839-4FEC-A63E-052B1DEF39D2
29621EB6-DFBA-40DD-A880-FE29BE9EE2D7,B204DE60-5A24-43DD-8902-C81625A09A74
29621EB6-DFBA-40DD-A880-FE29BE9EE2D7,B33DC9B6-0B7D-4322-BAD7-A13A34C584A3
29621EB6-DFBA-40DD-A880-FE29BE9EE2D7,C8F98B28-3C10-41AE-AA99-092B3B398C43
29621EB6-DFBA-40DD-A880-FE29BE9EE2D7,DF4A35E0-7983-4A3E-BC47-F37B872B0F25
2977669B-4B2E-4044-B2CC-701D9521E4AC,01D717BC-18BB-4FE4-95BA-6B13AD702038
2977669B-4B2E-4044-B2CC-701D9521E4AC,0307955A-B65C-4CE4-A780-EB36BAAADF0B
2977669B-4B2E-4044-B2CC-701D9521E4AC,1DFACD97-1B9C-4F5A-80F2-05593604799E
2977669B-4B2E-4044-B2CC-701D9521E4AC,24380E3F-AD9D-4E38-BF13-C8EEB21893E7
2977669B-4B2E-4044-B2CC-701D9521E4AC,A59947B7-3376-49B4-AD02-C0423E08C5F7
2977669B-4B2E-4044-B2CC-701D9521E4AC,AE42B46C-E4B7-4889-A122-08FE180371AE
2977669B-4B2E-4044-B2CC-701D9521E4AC,B12FAAB9-713F-4B38-83E4-A273F5A43C77
2977669B-4B2E-4044-B2CC-701D9521E4AC,BFF8C027-7C8F-480B-A5F8-CD8CE490BFBA
2977669B-4B2E-4044-B2CC-701D9521E4AC,C11D3746-5063-4BD0-B245-7178D1AD866C
2977669B-4B2E-4044-B2CC-701D9521E4AC,C8F98B28-3C10-41AE-AA99-092B3B398C43
2977669B-4B2E-4044-B2CC-701D9521E4AC,DF4A35E0-7983-4A3E-BC47-F37B872B0F25
2977669B-4B2E-4044-B2CC-701D9521E4AC,F9B1D433-6B86-4804-AED7-B50A519A3B7C
2B14155F-0E31-43F3-8B87-8B1DA6FA0BF7,09DF0950-D319-4557-A57E-04CD2F63FF42
2B14155F-0E31-43F3-8B87-8B1DA6FA0BF7,5F723BAD-7359-48FC-98FA-631592256E35
2B14155F-0E31-43F3-8B87-8B1DA6FA0BF7,B33DC9B6-0B7D-4322-BAD7-A13A34C584A3
2B14155F-0E31-43F3-8B87-8B1DA6FA0BF7,BFF8C027-7C8F-480B-A5F8-CD8CE490BFBA
2B14155F-0E31-43F3-8B87-8B1DA6FA0BF7,C8F98B28-3C10-41AE-AA99-092B3B398C43
2B14155F-0E31-43F3-8B87-8B1DA6FA0BF7,DF4A35E0-7983-4A3E-BC47-F37B872B0F25
2B5178C6-2446-488C-AC31-47E3CEBF7159,01D717BC-18BB-4FE4-95BA-6B13AD702038
2B5178C6-2446-488C-AC31-47E3CEBF7159,0307955A-B65C-4CE4-A780-EB36BAAADF0B
2B5178C6-2446-488C-AC31-47E3CEBF7159,071BA73C-1D3C-46D4-A53C-00D5602F7F0E
2B5178C6-2446-488C-AC31-47E3CEBF7159,09DF0950-D319-4557-A57E-04CD2F63FF42
2B5178C6-2446-488C-AC31-47E3CEBF7159,0C0D142F-06B5-4BE1-8B44-491B90F93DEB
2B5178C6-2446-488C-AC31-47E3CEBF7159,13A57703-BB1A-41A2-94B8-53B692EB7238
2B5178C6-2446-488C-AC31-47E3CEBF7159,1DFACD97-1B9C-4F5A-80F2-05593604799E
2B5178C6-2446-488C-AC31-47E3CEBF7159,24380E3F-AD9D-4E38-BF13-C8EEB21893E7
2B5178C6-2446-488C-AC31-47E3CEBF7159,42FD78B9-2B90-4AA9-BC43-F10E9FEA8B5A
2B5178C6-2446-488C-AC31-47E3CEBF7159,4D224BCA-C127-408B-AC75-A51563C42411
2B5178C6-2446-488C-AC31-47E3CEBF7159,587BB2D3-EC35-41B2-B3F7-A39E2B088AEE
2B5178C6-2446-488C-AC31-47E3CEBF7159,5F723BAD-7359-48FC-98FA-631592256E35
2B5178C6-2446-488C-AC31-47E3CEBF7159,7CE6E935-F839-4FEC-A63E-052B1DEF39D2
2B5178C6-2446-488C-AC31-47E3CEBF7159,A59947B7-3376-49B4-AD02-C0423E08C5F7
2B5178C6-2446-488C-AC31-47E3CEBF7159,AE42B46C-E4B7-4889-A122-08FE180371AE
2B5178C6-2446-488C-AC31-47E3CEBF7159,B12FAAB9-713F-4B38-83E4-A273F5A43C77
2B5178C6-2446-488C-AC31-47E3CEBF7159,B33DC9B6-0B7D-4322-BAD7-A13A34C584A3
2B5178C6-2446-488C-AC31-47E3CEBF7159,BFF8C027-7C8F-480B-A5F8-CD8CE490BFBA
2B5178C6-2446-488C-AC31-47E3CEBF7159,C38B3C62-1BBF-4EA1-A1A2-35DE21B74C17
2B5178C6-2446-488C-AC31-47E3CEBF7159,DF4A35E0-7983-4A3E-BC47-F37B872B0F25
2B5178C6-2446-488C-AC31-47E3CEBF7159,F9B1D433-6B86-4804-AED7-B50A519A3B7C
2CA10B86-DCA3-456F-8C9A-A3A6C9288573,B33DC9B6-0B7D-4322-BAD7-A13A34C584A3
2CA10B86-DCA3-456F-8C9A-A3A6C9288573,DF4A35E0-7983-4A3E-BC47-F37B872B0F25
2D0C31DF-BE78-42A8-812E-1A44602B3D40,B33DC9B6-0B7D-4322-BAD7-A13A34C584A3
2D0C31DF-BE78-42A8-812E-1A44602B3D40,DF4A35E0-7983-4A3E-BC47-F37B872B0F25
2DB09FB7-0408-44C9-8083-8F50039BD6DA,0B685688-3405-4E2A-ABBA-E3069492EC50
2DB09FB7-0408-44C9-8083-8F50039BD6DA,0C0D142F-06B5-4BE1-8B44-491B90F93DEB
2DB09FB7-0408-44C9-8083-8F50039BD6DA,24380E3F-AD9D-4E38-BF13-C8EEB21893E7
2DB09FB7-0408-44C9-8083-8F50039BD6DA,7CE6E935-F839-4FEC-A63E-052B1DEF39D2
2DB09FB7-0408-44C9-8083-8F50039BD6DA,B204DE60-5A24-43DD-8902-C81625A09A74
2DB09FB7-0408-44C9-8083-8F50039BD6DA,BFF8C027-7C8F-480B-A5F8-CD8CE490BFBA
2DB09FB7-0408-44C9-8083-8F50039BD6DA,C8F98B28-3C10-41AE-AA99-092B3B398C43
2DB09FB7-0408-44C9-8083-8F50039BD6DA,DF4A35E0-7983-4A3E-BC47-F37B872B0F25
2DC9444C-880F-4738-BA1F-6FB123935A02,0307955A-B65C-4CE4-A780-EB36BAAADF0B
2DC9444C-880F-4738-BA1F-6FB123935A02,0B685688-3405-4E2A-ABBA-E3069492EC50
2DC9444C-880F-4738-BA1F-6FB123935A02,13A57703-BB1A-41A2-94B8-53B692EB7238
2DC9444C-880F-4738-BA1F-6FB123935A02,7CE6E935-F839-4FEC-A63E-052B1DEF39D2
2DC9444C-880F-4738-BA1F-6FB123935A02,A59947B7-3376-49B4-AD02-C0423E08C5F7
2DC9444C-880F-4738-BA1F-6FB123935A02,AE42B46C-E4B7-4889-A122-08FE180371AE
2DC9444C-880F-4738-BA1F-6FB123935A02,BFF8C027-7C8F-480B-A5F8-CD8CE490BFBA
2DC9444C-880F-4738-BA1F-6FB123935A02,DF4A35E0-7983-4A3E-BC47-F37B872B0F25
2E4D4918-95DF-4D99-9DEC-C6ADEB330281,09DF0950-D319-4557-A57E-04CD2F63FF42
2E4D4918-95DF-4D99-9DEC-C6ADEB330281,0B685688-3405-4E2A-ABBA-E3069492EC50
2E4D4918-95DF-4D99-9DEC-C6ADEB330281,1DFACD97-1B9C-4F5A-80F2-05593604799E
2E4D4918-95DF-4D99-9DEC-C6ADEB330281,24380E3F-AD9D-4E38-BF13-C8EEB21893E7
2E4D4918-95DF-4D99-9DEC-C6ADEB330281,B33DC9B6-0B7D-4322-BAD7-A13A34C584A3
2E4D4918-95DF-4D99-9DEC-C6ADEB330281,BFF8C027-7C8F-480B-A5F8-CD8CE490BFBA
2E4D4918-95DF-4D99-9DEC-C6ADEB330281,DF4A35E0-7983-4A3E-BC47-F37B872B0F25
2ED6E071-57AA-4B08-8DDA-5CB09FBB75C8,09DF0950-D319-4557-A57E-04CD2F63FF42
2ED6E071-57AA-4B08-8DDA-5CB09FBB75C8,B33DC9B6-0B7D-4322-BAD7-A13A34C584A3
2ED6E071-57AA-4B08-8DDA-5CB09FBB75C8,C8F98B28-3C10-41AE-AA99-092B3B398C43
2ED6E071-57AA-4B08-8DDA-5CB09FBB75C8,DF4A35E0-7983-4A3E-BC47-F37B872B0F25
2EE542B6-3806-4E9C-ABBD-C4CC4C7E97C7,09DF0950-D319-4557-A57E-04CD2F63FF42
2EE542B6-3806-4E9C-ABBD-C4CC4C7E97C7,5F723BAD-7359-48FC-98FA-631592256E35
2EE542B6-3806-4E9C-ABBD-C4CC4C7E97C7,BFF8C027-7C8F-480B-A5F8-CD8CE490BFBA
2EE542B6-3806-4E9C-ABBD-C4CC4C7E97C7,C8F98B28-3C10-41AE-AA99-092B3B398C43
2EE542B6-3806-4E9C-ABBD-C4CC4C7E97C7,DF4A35E0-7983-4A3E-BC47-F37B872B0F25
2F05E2B8-CDA3-434E-9C4C-C7DD828CAC3B,0307955A-B65C-4CE4-A780-EB36BAAADF0B
2F05E2B8-CDA3-434E-9C4C-C7DD828CAC3B,07CBCA6A-46B8-413F-8B6C-ABEDEBF9853E
2F05E2B8-CDA3-434E-9C4C-C7DD828CAC3B,09DF0950-D319-4557-A57E-04CD2F63FF42
2F05E2B8-CDA3-434E-9C4C-C7DD828CAC3B,0B685688-3405-4E2A-ABBA-E3069492EC50
2F05E2B8-CDA3-434E-9C4C-C7DD828CAC3B,0C0D142F-06B5-4BE1-8B44-491B90F93DEB
2F05E2B8-CDA3-434E-9C4C-C7DD828CAC3B,13A57703-BB1A-41A2-94B8-53B692EB7238
2F05E2B8-CDA3-434E-9C4C-C7DD828CAC3B,1DFACD97-1B9C-4F5A-80F2-05593604799E
2F05E2B8-CDA3-434E-9C4C-C7DD828CAC3B,24380E3F-AD9D-4E38-BF13-C8EEB21893E7
2F05E2B8-CDA3-434E-9C4C-C7DD828CAC3B,42FD78B9-2B90-4AA9-BC43-F10E9FEA8B5A
2F05E2B8-CDA3-434E-9C4C-C7DD828CAC3B,7CE6E935-F839-4FEC-A63E-052B1DEF39D2
2F05E2B8-CDA3-434E-9C4C-C7DD828CAC3B,A59947B7-3376-49B4-AD02-C0423E08C5F7
2F05E2B8-CDA3-434E-9C4C-C7DD828CAC3B,AE42B46C-E4B7-4889-A122-08FE180371AE
2F05E2B8-CDA3-434E-9C4C-C7DD828CAC3B,B12FAAB9-713F-4B38-83E4-A273F5A43C77
2F05E2B8-CDA3-434E-9C4C-C7DD828CAC3B,B204DE60-5A24-43DD-8902-C81625A09A74
2F05E2B8-CDA3-434E-9C4C-C7DD828CAC3B,B33DC9B6-0B7D-4322-BAD7-A13A34C584A3
2F05E2B8-CDA3-434E-9C4C-C7DD828CAC3B,BFF8C027-7C8F-480B-A5F8-CD8CE490BFBA
2F05E2B8-CDA3-434E-9C4C-C7DD828CAC3B,C8F98B28-3C10-41AE-AA99-092B3B398C43
2F05E2B8-CDA3-434E-9C4C-C7DD828CAC3B,DF4A35E0-7983-4A3E-BC47-F37B872B0F25
2FB7A664-0F66-49A3-9460-194F4073BA3F,0C0D142F-06B5-4BE1-8B44-491B90F93DEB
2FB7A664-0F66-49A3-9460-194F4073BA3F,BFF8C027-7C8F-480B-A5F8-CD8CE490BFBA
2FB7A664-0F66-49A3-9460-194F4073BA3F,C8F98B28-3C10-41AE-AA99-092B3B398C43
2FB7A664-0F66-49A3-9460-194F4073BA3F,DF4A35E0-7983-4A3E-BC47-F37B872B0F25
307BE169-345D-472C-8128-20F1D59864A7,0307955A-B65C-4CE4-A780-EB36BAAADF0B
307BE169-345D-472C-8128-20F1D59864A7,09DF0950-D319-4557-A57E-04CD2F63FF42
307BE169-345D-472C-8128-20F1D59864A7,0B685688-3405-4E2A-ABBA-E3069492EC50
307BE169-345D-472C-8128-20F1D59864A7,0C0D142F-06B5-4BE1-8B44-491B90F93DEB
307BE169-345D-472C-8128-20F1D59864A7,13A57703-BB1A-41A2-94B8-53B692EB7238
307BE169-345D-472C-8128-20F1D59864A7,24380E3F-AD9D-4E38-BF13-C8EEB21893E7
307BE169-345D-472C-8128-20F1D59864A7,4D224BCA-C127-408B-AC75-A51563C42411
307BE169-345D-472C-8128-20F1D59864A7,587BB2D3-EC35-41B2-B3F7-A39E2B088AEE
307BE169-345D-472C-8128-20F1D59864A7,5F723BAD-7359-48FC-98FA-631592256E35
307BE169-345D-472C-8128-20F1D59864A7,7CE6E935-F839-4FEC-A63E-052B1DEF39D2
307BE169-345D-472C-8128-20F1D59864A7,8386EEAF-985F-4DE8-9037-CCF91975AC94
307BE169-345D-472C-8128-20F1D59864A7,A59947B7-3376-49B4-AD02-C0423E08C5F7
307BE169-345D-472C-8128-20F1D59864A7,AE3C95F5-E05B-4A28-81DD-1C5FD4BE88E2
307BE169-345D-472C-8128-20F1D59864A7,AE42B46C-E4B7-4889-A122-08FE180371AE
307BE169-345D-472C-8128-20F1D59864A7,B33DC9B6-0B7D-4322-BAD7-A13A34C584A3
307BE169-345D-472C-8128-20F1D59864A7,BFF8C027-7C8F-480B-A5F8-CD8CE490BFBA
307BE169-345D-472C-8128-20F1D59864A7,C11D3746-5063-4BD0-B245-7178D1AD866C
307BE169-345D-472C-8128-20F1D59864A7,DF4A35E0-7983-4A3E-BC47-F37B872B0F25
319E07D8-E176-41F8-98A9-1E3F8099D0AB,0307955A-B65C-4CE4-A780-EB36BAAADF0B
319E07D8-E176-41F8-98A9-1E3F8099D0AB,071BA73C-1D3C-46D4-A53C-00D5602F7F0E
319E07D8-E176-41F8-98A9-1E3F8099D0AB,0C0D142F-06B5-4BE1-8B44-491B90F93DEB
319E07D8-E176-41F8-98A9-1E3F8099D0AB,13A57703-BB1A-41A2-94B8-53B692EB7238
319E07D8-E176-41F8-98A9-1E3F8099D0AB,24380E3F-AD9D-4E38-BF13-C8EEB21893E7
319E07D8-E176-41F8-98A9-1E3F8099D0AB,4D224BCA-C127-408B-AC75-A51563C42411
319E07D8-E176-41F8-98A9-1E3F8099D0AB,7CE6E935-F839-4FEC-A63E-052B1DEF39D2
319E07D8-E176-41F8-98A9-1E3F8099D0AB,A59947B7-3376-49B4-AD02-C0423E08C5F7
319E07D8-E176-41F8-98A9-1E3F8099D0AB,B12FAAB9-713F-4B38-83E4-A273F5A43C77
319E07D8-E176-41F8-98A9-1E3F8099D0AB,B33DC9B6-0B7D-4322-BAD7-A13A34C584A3
319E07D8-E176-41F8-98A9-1E3F8099D0AB,BFF8C027-7C8F-480B-A5F8-CD8CE490BFBA
319E07D8-E176-41F8-98A9-1E3F8099D0AB,DF4A35E0-7983-4A3E-BC47-F37B872B0F25
31B7A1C7-104D-4D35-BC85-FEFAC3FECEB0,24380E3F-AD9D-4E38-BF13-C8EEB21893E7
31B7A1C7-104D-4D35-BC85-FEFAC3FECEB0,B33DC9B6-0B7D-4322-BAD7-A13A34C584A3
31B7A1C7-104D-4D35-BC85-FEFAC3FECEB0,BFF8C027-7C8F-480B-A5F8-CD8CE490BFBA
31B7A1C7-104D-4D35-BC85-FEFAC3FECEB0,DF4A35E0-7983-4A3E-BC47-F37B872B0F25
31E84ADD-24C1-400B-9D8B-4588D8DC521C,AE42B46C-E4B7-4889-A122-08FE180371AE
31E84ADD-24C1-400B-9D8B-4588D8DC521C,B204DE60-5A24-43DD-8902-C81625A09A74
31E84ADD-24C1-400B-9D8B-4588D8DC521C,C8F98B28-3C10-41AE-AA99-092B3B398C43
31E84ADD-24C1-400B-9D8B-4588D8DC521C,DF4A35E0-7983-4A3E-BC47-F37B872B0F25
3249A652-F901-40F2-A608-635B0F41574B,071BA73C-1D3C-46D4-A53C-00D5602F7F0E
3249A652-F901-40F2-A608-635B0F41574B,0C0D142F-06B5-4BE1-8B44-491B90F93DEB
3249A652-F901-40F2-A608-635B0F41574B,1DFACD97-1B9C-4F5A-80F2-05593604799E
3249A652-F901-40F2-A608-635B0F41574B,24380E3F-AD9D-4E38-BF13-C8EEB21893E7
3249A652-F901-40F2-A608-635B0F41574B,7CE6E935-F839-4FEC-A63E-052B1DEF39D2
3249A652-F901-40F2-A608-635B0F41574B,B204DE60-5A24-43DD-8902-C81625A09A74
3249A652-F901-40F2-A608-635B0F41574B,B33DC9B6-0B7D-4322-BAD7-A13A34C584A3
3249A652-F901-40F2-A608-635B0F41574B,BFF8C027-7C8F-480B-A5F8-CD8CE490BFBA
3249A652-F901-40F2-A608-635B0F41574B,C8F98B28-3C10-41AE-AA99-092B3B398C43
3249A652-F901-40F2-A608-635B0F41574B,DF4A35E0-7983-4A3E-BC47-F37B872B0F25
3262234F-A56A-447D-AE6C-F5C734ABD3A4,01D717BC-18BB-4FE4-95BA-6B13AD702038
3262234F-A56A-447D-AE6C-F5C734ABD3A4,09DF0950-D319-4557-A57E-04CD2F63FF42
3262234F-A56A-447D-AE6C-F5C734ABD3A4,0B685688-3405-4E2A-ABBA-E3069492EC50
3262234F-A56A-447D-AE6C-F5C734ABD3A4,0C0D142F-06B5-4BE1-8B44-491B90F93DEB
3262234F-A56A-447D-AE6C-F5C734ABD3A4,1DFACD97-1B9C-4F5A-80F2-05593604799E
3262234F-A56A-447D-AE6C-F5C734ABD3A4,24380E3F-AD9D-4E38-BF13-C8EEB21893E7
3262234F-A56A-447D-AE6C-F5C734ABD3A4,AE42B46C-E4B7-4889-A122-08FE180371AE
3262234F-A56A-447D-AE6C-F5C734ABD3A4,B33DC9B6-0B7D-4322-BAD7-A13A34C584A3
3262234F-A56A-447D-AE6C-F5C734ABD3A4,BFF8C027-7C8F-480B-A5F8-CD8CE490BFBA
3262234F-A56A-447D-AE6C-F5C734ABD3A4,C8F98B28-3C10-41AE-AA99-092B3B398C43
3262234F-A56A-447D-AE6C-F5C734ABD3A4,DF4A35E0-7983-4A3E-BC47-F37B872B0F25
3262234F-A56A-447D-AE6C-F5C734ABD3A4,F9B1D433-6B86-4804-AED7-B50A519A3B7C
32D2B528-193E-43FA-BF38-32493D9E317D,1DFACD97-1B9C-4F5A-80F2-05593604799E
32D2B528-193E-43FA-BF38-32493D9E317D,5F723BAD-7359-48FC-98FA-631592256E35
32D2B528-193E-43FA-BF38-32493D9E317D,7CE6E935-F839-4FEC-A63E-052B1DEF39D2
32D2B528-193E-43FA-BF38-32493D9E317D,A59947B7-3376-49B4-AD02-C0423E08C5F7
32D2B528-193E-43FA-BF38-32493D9E317D,B33DC9B6-0B7D-4322-BAD7-A13A34C584A3
32D2B528-193E-43FA-BF38-32493D9E317D,BFF8C027-7C8F-480B-A5F8-CD8CE490BFBA
32D2B528-193E-43FA-BF38-32493D9E317D,DF4A35E0-7983-4A3E-BC47-F37B872B0F25
3350C18C-8E07-487B-930E-37AD873D31AD,09DF0950-D319-4557-A57E-04CD2F63FF42
3350C18C-8E07-487B-930E-37AD873D31AD,0C0D142F-06B5-4BE1-8B44-491B90F93DEB
3350C18C-8E07-487B-930E-37AD873D31AD,13A57703-BB1A-41A2-94B8-53B692EB7238
3350C18C-8E07-487B-930E-37AD873D31AD,24380E3F-AD9D-4E38-BF13-C8EEB21893E7
3350C18C-8E07-487B-930E-37AD873D31AD,42FD78B9-2B90-4AA9-BC43-F10E9FEA8B5A
3350C18C-8E07-487B-930E-37AD873D31AD,7CE6E935-F839-4FEC-A63E-052B1DEF39D2
3350C18C-8E07-487B-930E-37AD873D31AD,B204DE60-5A24-43DD-8902-C81625A09A74
3350C18C-8E07-487B-930E-37AD873D31AD,BFF8C027-7C8F-480B-A5F8-CD8CE490BFBA
3350C18C-8E07-487B-930E-37AD873D31AD,C8F98B28-3C10-41AE-AA99-092B3B398C43
3350C18C-8E07-487B-930E-37AD873D31AD,DF4A35E0-7983-4A3E-BC47-F37B872B0F25
335368E4-B5CE-4370-8324-4A841AFA5025,0B685688-3405-4E2A-ABBA-E3069492EC50
335368E4-B5CE-4370-8324-4A841AFA5025,13A57703-BB1A-41A2-94B8-53B692EB7238
335368E4-B5CE-4370-8324-4A841AFA5025,A59947B7-3376-49B4-AD02-C0423E08C5F7
335368E4-B5CE-4370-8324-4A841AFA5025,B12FAAB9-713F-4B38-83E4-A273F5A43C77
335368E4-B5CE-4370-8324-4A841AFA5025,BFF8C027-7C8F-480B-A5F8-CD8CE490BFBA
335368E4-B5CE-4370-8324-4A841AFA5025,DF4A35E0-7983-4A3E-BC47-F37B872B0F25
34CB30BA-8A5F-4563-AA34-6633708DD9DC,071BA73C-1D3C-46D4-A53C-00D5602F7F0E
34CB30BA-8A5F-4563-AA34-6633708DD9DC,0B685688-3405-4E2A-ABBA-E3069492EC50
34CB30BA-8A5F-4563-AA34-6633708DD9DC,0C0D142F-06B5-4BE1-8B44-491B90F93DEB
34CB30BA-8A5F-4563-AA34-6633708DD9DC,24380E3F-AD9D-4E38-BF13-C8EEB21893E7
34CB30BA-8A5F-4563-AA34-6633708DD9DC,42CF4021-8524-428E-866A-D33097A4A764
34CB30BA-8A5F-4563-AA34-6633708DD9DC,4D224BCA-C127-408B-AC75-A51563C42411
34CB30BA-8A5F-4563-AA34-6633708DD9DC,587BB2D3-EC35-41B2-B3F7-A39E2B088AEE
34CB30BA-8A5F-4563-AA34-6633708DD9DC,8386EEAF-985F-4DE8-9037-CCF91975AC94
34CB30BA-8A5F-4563-AA34-6633708DD9DC,8A1C7B17-C2C6-4F7C-9539-EA1E19971D80
34CB30BA-8A5F-4563-AA34-6633708DD9DC,A59947B7-3376-49B4-AD02-C0423E08C5F7
34CB30BA-8A5F-4563-AA34-6633708DD9DC,AE42B46C-E4B7-4889-A122-08FE180371AE
34CB30BA-8A5F-4563-AA34-6633708DD9DC,BFF8C027-7C8F-480B-A5F8-CD8CE490BFBA
34CB30BA-8A5F-4563-AA34-6633708DD9DC,DF4A35E0-7983-4A3E-BC47-F37B872B0F25
353241CC-4C4A-4F9E-A928-EFDCE2C6E29A,09DF0950-D319-4557-A57E-04CD2F63FF42
353241CC-4C4A-4F9E-A928-EFDCE2C6E29A,24380E3F-AD9D-4E38-BF13-C8EEB21893E7
353241CC-4C4A-4F9E-A928-EFDCE2C6E29A,B33DC9B6-0B7D-4322-BAD7-A13A34C584A3
353241CC-4C4A-4F9E-A928-EFDCE2C6E29A,C8F98B28-3C10-41AE-AA99-092B3B398C43
353241CC-4C4A-4F9E-A928-EFDCE2C6E29A,DF4A35E0-7983-4A3E-BC47-F37B872B0F25
35CB040E-765C-47D0-A594-05943E64EF3E,0C0D142F-06B5-4BE1-8B44-491B90F93DEB
35CB040E-765C-47D0-A594-05943E64EF3E,24380E3F-AD9D-4E38-BF13-C8EEB21893E7
35CB040E-765C-47D0-A594-05943E64EF3E,B204DE60-5A24-43DD-8902-C81625A09A74
35CB040E-765C-47D0-A594-05943E64EF3E,B33DC9B6-0B7D-4322-BAD7-A13A34C584A3
35CB040E-765C-47D0-A594-05943E64EF3E,C8F98B28-3C10-41AE-AA99-092B3B398C43
36223C80-D2F3-45E3-9C44-BEA58A072985,0C0D142F-06B5-4BE1-8B44-491B90F93DEB
36223C80-D2F3-45E3-9C44-BEA58A072985,24380E3F-AD9D-4E38-BF13-C8EEB21893E7
36223C80-D2F3-45E3-9C44-BEA58A072985,B33DC9B6-0B7D-4322-BAD7-A13A34C584A3
36223C80-D2F3-45E3-9C44-BEA58A072985,C8F98B28-3C10-41AE-AA99-092B3B398C43
36240051-018E-4915-B6EA-3F1A7F24FBE4,0307955A-B65C-4CE4-A780-EB36BAAADF0B
36240051-018E-4915-B6EA-3F1A7F24FBE4,07CBCA6A-46B8-413F-8B6C-ABEDEBF9853E
36240051-018E-4915-B6EA-3F1A7F24FBE4,09DF0950-D319-4557-A57E-04CD2F63FF42
36240051-018E-4915-B6EA-3F1A7F24FBE4,13A57703-BB1A-41A2-94B8-53B692EB7238
36240051-018E-4915-B6EA-3F1A7F24FBE4,24380E3F-AD9D-4E38-BF13-C8EEB21893E7
36240051-018E-4915-B6EA-3F1A7F24FBE4,7CE6E935-F839-4FEC-A63E-052B1DEF39D2
36240051-018E-4915-B6EA-3F1A7F24FBE4,A59947B7-3376-49B4-AD02-C0423E08C5F7
36240051-018E-4915-B6EA-3F1A7F24FBE4,B12FAAB9-713F-4B38-83E4-A273F5A43C77
36240051-018E-4915-B6EA-3F1A7F24FBE4,B33DC9B6-0B7D-4322-BAD7-A13A34C584A3
36240051-018E-4915-B6EA-3F1A7F24FBE4,BFF8C027-7C8F-480B-A5F8-CD8CE490BFBA
36240051-018E-4915-B6EA-3F1A7F24FBE4,DF4A35E0-7983-4A3E-BC47-F37B872B0F25
3659D57D-BF06-4351-8B14-5F447120A389,09DF0950-D319-4557-A57E-04CD2F63FF42
3659D57D-BF06-4351-8B14-5F447120A389,0B685688-3405-4E2A-ABBA-E3069492EC50
3659D57D-BF06-4351-8B14-5F447120A389,1DFACD97-1B9C-4F5A-80F2-05593604799E
3659D57D-BF06-4351-8B14-5F447120A389,7CE6E935-F839-4FEC-A63E-052B1DEF39D2
3659D57D-BF06-4351-8B14-5F447120A389,DF4A35E0-7983-4A3E-BC47-F37B872B0F25
3682DBDE-6746-4979-86CC-2358C5B72661,071BA73C-1D3C-46D4-A53C-00D5602F7F0E
3682DBDE-6746-4979-86CC-2358C5B72661,09DF0950-D319-4557-A57E-04CD2F63FF42
3682DBDE-6746-4979-86CC-2358C5B72661,0B685688-3405-4E2A-ABBA-E3069492EC50
3682DBDE-6746-4979-86CC-2358C5B72661,0C0D142F-06B5-4BE1-8B44-491B90F93DEB
3682DBDE-6746-4979-86CC-2358C5B72661,1DFACD97-1B9C-4F5A-80F2-05593604799E
3682DBDE-6746-4979-86CC-2358C5B72661,24380E3F-AD9D-4E38-BF13-C8EEB21893E7
3682DBDE-6746-4979-86CC-2358C5B72661,4D224BCA-C127-408B-AC75-A51563C42411
3682DBDE-6746-4979-86CC-2358C5B72661,5F723BAD-7359-48FC-98FA-631592256E35
3682DBDE-6746-4979-86CC-2358C5B72661,8386EEAF-985F-4DE8-9037-CCF91975AC94
3682DBDE-6746-4979-86CC-2358C5B72661,A59947B7-3376-49B4-AD02-C0423E08C5F7
3682DBDE-6746-4979-86CC-2358C5B72661,AE42B46C-E4B7-4889-A122-08FE180371AE
3682DBDE-6746-4979-86CC-2358C5B72661,B12FAAB9-713F-4B38-83E4-A273F5A43C77
3682DBDE-6746-4979-86CC-2358C5B72661,B33DC9B6-0B7D-4322-BAD7-A13A34C584A3
3682DBDE-6746-4979-86CC-2358C5B72661,BFF8C027-7C8F-480B-A5F8-CD8CE490BFBA
3682DBDE-6746-4979-86CC-2358C5B72661,D72206E4-6CD1-4441-A355-F8F1827466B1
3682DBDE-6746-4979-86CC-2358C5B72661,DF4A35E0-7983-4A3E-BC47-F37B872B0F25
3725FD28-4693-481E-888C-855484E73800,09DF0950-D319-4557-A57E-04CD2F63FF42
3725FD28-4693-481E-888C-855484E73800,24380E3F-AD9D-4E38-BF13-C8EEB21893E7
3725FD28-4693-481E-888C-855484E73800,B204DE60-5A24-43DD-8902-C81625A09A74
3725FD28-4693-481E-888C-855484E73800,B33DC9B6-0B7D-4322-BAD7-A13A34C584A3
3725FD28-4693-481E-888C-855484E73800,C8F98B28-3C10-41AE-AA99-092B3B398C43
372AF558-26C8-461F-B011-AF359276398D,071BA73C-1D3C-46D4-A53C-00D5602F7F0E
372AF558-26C8-461F-B011-AF359276398D,0B685688-3405-4E2A-ABBA-E3069492EC50
372AF558-26C8-461F-B011-AF359276398D,0C0D142F-06B5-4BE1-8B44-491B90F93DEB
372AF558-26C8-461F-B011-AF359276398D,13A57703-BB1A-41A2-94B8-53B692EB7238
372AF558-26C8-461F-B011-AF359276398D,1DFACD97-1B9C-4F5A-80F2-05593604799E
372AF558-26C8-461F-B011-AF359276398D,24380E3F-AD9D-4E38-BF13-C8EEB21893E7
372AF558-26C8-461F-B011-AF359276398D,42FD78B9-2B90-4AA9-BC43-F10E9FEA8B5A
372AF558-26C8-461F-B011-AF359276398D,AE42B46C-E4B7-4889-A122-08FE180371AE
372AF558-26C8-461F-B011-AF359276398D,B204DE60-5A24-43DD-8902-C81625A09A74
372AF558-26C8-461F-B011-AF359276398D,B33DC9B6-0B7D-4322-BAD7-A13A34C584A3
372AF558-26C8-461F-B011-AF359276398D,C8F98B28-3C10-41AE-AA99-092B3B398C43
372AF558-26C8-461F-B011-AF359276398D,DF4A35E0-7983-4A3E-BC47-F37B872B0F25
37C48EE0-2881-4D22-8F91-A249AE3B0CD0,0307955A-B65C-4CE4-A780-EB36BAAADF0B
37C48EE0-2881-4D22-8F91-A249AE3B0CD0,0B685688-3405-4E2A-ABBA-E3069492EC50
37C48EE0-2881-4D22-8F91-A249AE3B0CD0,0C0D142F-06B5-4BE1-8B44-491B90F93DEB
37C48EE0-2881-4D22-8F91-A249AE3B0CD0,1DFACD97-1B9C-4F5A-80F2-05593604799E
37C48EE0-2881-4D22-8F91-A249AE3B0CD0,24380E3F-AD9D-4E38-BF13-C8EEB21893E7
37C48EE0-2881-4D22-8F91-A249AE3B0CD0,5F723BAD-7359-48FC-98FA-631592256E35
37C48EE0-2881-4D22-8F91-A249AE3B0CD0,7CE6E935-F839-4FEC-A63E-052B1DEF39D2
37C48EE0-2881-4D22-8F91-A249AE3B0CD0,A59947B7-3376-49B4-AD02-C0423E08C5F7
37C48EE0-2881-4D22-8F91-A249AE3B0CD0,B33DC9B6-0B7D-4322-BAD7-A13A34C584A3
37C48EE0-2881-4D22-8F91-A249AE3B0CD0,BA316D0F-92AE-4E00-8C80-DBD605DC58C3
37C48EE0-2881-4D22-8F91-A249AE3B0CD0,BFF8C027-7C8F-480B-A5F8-CD8CE490BFBA
37C48EE0-2881-4D22-8F91-A249AE3B0CD0,C8F98B28-3C10-41AE-AA99-092B3B398C43
37C48EE0-2881-4D22-8F91-A249AE3B0CD0,DF4A35E0-7983-4A3E-BC47-F37B872B0F25
37E34290-2E37-4A67-8C95-7A3442F354B1,24380E3F-AD9D-4E38-BF13-C8EEB21893E7
37E34290-2E37-4A67-8C95-7A3442F354B1,B33DC9B6-0B7D-4322-BAD7-A13A34C584A3
37E34290-2E37-4A67-8C95-7A3442F354B1,DF4A35E0-7983-4A3E-BC47-F37B872B0F25
380E7DFB-6F37-499F-8996-356EC5F0DDE5,0C0D142F-06B5-4BE1-8B44-491B90F93DEB
380E7DFB-6F37-499F-8996-356EC5F0DDE5,1DFACD97-1B9C-4F5A-80F2-05593604799E
380E7DFB-6F37-499F-8996-356EC5F0DDE5,B33DC9B6-0B7D-4322-BAD7-A13A34C584A3
380E7DFB-6F37-499F-8996-356EC5F0DDE5,C8F98B28-3C10-41AE-AA99-092B3B398C43
387A28F2-022F-4C06-A486-E9E7777B12C2,24380E3F-AD9D-4E38-BF13-C8EEB21893E7
387A28F2-022F-4C06-A486-E9E7777B12C2,B33DC9B6-0B7D-4322-BAD7-A13A34C584A3
387A28F2-022F-4C06-A486-E9E7777B12C2,C8F98B28-3C10-41AE-AA99-092B3B398C43
387A28F2-022F-4C06-A486-E9E7777B12C2,DF4A35E0-7983-4A3E-BC47-F37B872B0F25
3A2AEA7C-8896-4445-9763-932B4A74CF34,B33DC9B6-0B7D-4322-BAD7-A13A34C584A3
3A9B0972-7F97-4F8C-9B44-A5FA8DEB1AC1,B33DC9B6-0B7D-4322-BAD7-A13A34C584A3
3A9B0972-7F97-4F8C-9B44-A5FA8DEB1AC1,C8F98B28-3C10-41AE-AA99-092B3B398C43
3A9B0972-7F97-4F8C-9B44-A5FA8DEB1AC1,DF4A35E0-7983-4A3E-BC47-F37B872B0F25
3AA12AD8-4FEB-491D-AEB2-CC0F74CD00E0,071BA73C-1D3C-46D4-A53C-00D5602F7F0E
3AA12AD8-4FEB-491D-AEB2-CC0F74CD00E0,0B685688-3405-4E2A-ABBA-E3069492EC50
3AA12AD8-4FEB-491D-AEB2-CC0F74CD00E0,0C0D142F-06B5-4BE1-8B44-491B90F93DEB
3AA12AD8-4FEB-491D-AEB2-CC0F74CD00E0,1DFACD97-1B9C-4F5A-80F2-05593604799E
3AA12AD8-4FEB-491D-AEB2-CC0F74CD00E0,24380E3F-AD9D-4E38-BF13-C8EEB21893E7
3AA12AD8-4FEB-491D-AEB2-CC0F74CD00E0,42FD78B9-2B90-4AA9-BC43-F10E9FEA8B5A
3AA12AD8-4FEB-491D-AEB2-CC0F74CD00E0,4D224BCA-C127-408B-AC75-A51563C42411
3AA12AD8-4FEB-491D-AEB2-CC0F74CD00E0,7CE6E935-F839-4FEC-A63E-052B1DEF39D2
3AA12AD8-4FEB-491D-AEB2-CC0F74CD00E0,8386EEAF-985F-4DE8-9037-CCF91975AC94
3AA12AD8-4FEB-491D-AEB2-CC0F74CD00E0,A59947B7-3376-49B4-AD02-C0423E08C5F7
3AA12AD8-4FEB-491D-AEB2-CC0F74CD00E0,AE42B46C-E4B7-4889-A122-08FE180371AE
3AA12AD8-4FEB-491D-AEB2-CC0F74CD00E0,BFF8C027-7C8F-480B-A5F8-CD8CE490BFBA
3AA12AD8-4FEB-491D-AEB2-CC0F74CD00E0,DF4A35E0-7983-4A3E-BC47-F37B872B0F25
3AB31FA9-E174-4A03-952D-397944D3A3C8,24380E3F-AD9D-4E38-BF13-C8EEB21893E7
3AB31FA9-E174-4A03-952D-397944D3A3C8,B204DE60-5A24-43DD-8902-C81625A09A74
3AB31FA9-E174-4A03-952D-397944D3A3C8,B33DC9B6-0B7D-4322-BAD7-A13A34C584A3
3AB31FA9-E174-4A03-952D-397944D3A3C8,BFF8C027-7C8F-480B-A5F8-CD8CE490BFBA
3AB31FA9-E174-4A03-952D-397944D3A3C8,DF4A35E0-7983-4A3E-BC47-F37B872B0F25
3ACC9199-1234-4E50-B80E-65DB783B4BB7,0307955A-B65C-4CE4-A780-EB36BAAADF0B
3ACC9199-1234-4E50-B80E-65DB783B4BB7,BFF8C027-7C8F-480B-A5F8-CD8CE490BFBA
3B4879C9-E8D3-4B0C-9F6D-8345FAA298A6,B33DC9B6-0B7D-4322-BAD7-A13A34C584A3
3B8307B3-54AB-4E5F-ACBC-8DECB98AD5F1,071BA73C-1D3C-46D4-A53C-00D5602F7F0E
3B8307B3-54AB-4E5F-ACBC-8DECB98AD5F1,09DF0950-D319-4557-A57E-04CD2F63FF42
3B8307B3-54AB-4E5F-ACBC-8DECB98AD5F1,0B685688-3405-4E2A-ABBA-E3069492EC50
3B8307B3-54AB-4E5F-ACBC-8DECB98AD5F1,1DFACD97-1B9C-4F5A-80F2-05593604799E
3B8307B3-54AB-4E5F-ACBC-8DECB98AD5F1,3EBF7EAC-68FC-4754-B6A4-0C38A1583D45
3B8307B3-54AB-4E5F-ACBC-8DECB98AD5F1,42CF4021-8524-428E-866A-D33097A4A764
3B8307B3-54AB-4E5F-ACBC-8DECB98AD5F1,42FD78B9-2B90-4AA9-BC43-F10E9FEA8B5A
3B8307B3-54AB-4E5F-ACBC-8DECB98AD5F1,4D224BCA-C127-408B-AC75-A51563C42411
3B8307B3-54AB-4E5F-ACBC-8DECB98AD5F1,587BB2D3-EC35-41B2-B3F7-A39E2B088AEE
3B8307B3-54AB-4E5F-ACBC-8DECB98AD5F1,5F723BAD-7359-48FC-98FA-631592256E35
3B8307B3-54AB-4E5F-ACBC-8DECB98AD5F1,7CE6E935-F839-4FEC-A63E-052B1DEF39D2
3B8307B3-54AB-4E5F-ACBC-8DECB98AD5F1,A59947B7-3376-49B4-AD02-C0423E08C5F7
3B8307B3-54AB-4E5F-ACBC-8DECB98AD5F1,AE3C95F5-E05B-4A28-81DD-1C5FD4BE88E2
3B8307B3-54AB-4E5F-ACBC-8DECB98AD5F1,AE42B46C-E4B7-4889-A122-08FE180371AE
3B8307B3-54AB-4E5F-ACBC-8DECB98AD5F1,B33DC9B6-0B7D-4322-BAD7-A13A34C584A3
3B8307B3-54AB-4E5F-ACBC-8DECB98AD5F1,BFF8C027-7C8F-480B-A5F8-CD8CE490BFBA
3B8307B3-54AB-4E5F-ACBC-8DECB98AD5F1,C11D3746-5063-4BD0-B245-7178D1AD866C
3B8307B3-54AB-4E5F-ACBC-8DECB98AD5F1,DF4A35E0-7983-4A3E-BC47-F37B872B0F25
3BA4ACE6-0FFE-4B56-8C07-B3F05DC304DB,071BA73C-1D3C-46D4-A53C-00D5602F7F0E
3BA4ACE6-0FFE-4B56-8C07-B3F05DC304DB,0B685688-3405-4E2A-ABBA-E3069492EC50
3BA4ACE6-0FFE-4B56-8C07-B3F05DC304DB,13A57703-BB1A-41A2-94B8-53B692EB7238
3BA4ACE6-0FFE-4B56-8C07-B3F05DC304DB,24380E3F-AD9D-4E38-BF13-C8EEB21893E7
3BA4ACE6-0FFE-4B56-8C07-B3F05DC304DB,4D224BCA-C127-408B-AC75-A51563C42411
3BA4ACE6-0FFE-4B56-8C07-B3F05DC304DB,587BB2D3-EC35-41B2-B3F7-A39E2B088AEE
3BA4ACE6-0FFE-4B56-8C07-B3F05DC304DB,5F723BAD-7359-48FC-98FA-631592256E35
3BA4ACE6-0FFE-4B56-8C07-B3F05DC304DB,8386EEAF-985F-4DE8-9037-CCF91975AC94
3BA4ACE6-0FFE-4B56-8C07-B3F05DC304DB,A59947B7-3376-49B4-AD02-C0423E08C5F7
3BA4ACE6-0FFE-4B56-8C07-B3F05DC304DB,AE42B46C-E4B7-4889-A122-08FE180371AE
3BA4ACE6-0FFE-4B56-8C07-B3F05DC304DB,DF4A35E0-7983-4A3E-BC47-F37B872B0F25
3BF9BCEE-F6AE-4DEC-8F80-9CD23C0767BE,0C0D142F-06B5-4BE1-8B44-491B90F93DEB
3BF9BCEE-F6AE-4DEC-8F80-9CD23C0767BE,1DFACD97-1B9C-4F5A-80F2-05593604799E
3BF9BCEE-F6AE-4DEC-8F80-9CD23C0767BE,24380E3F-AD9D-4E38-BF13-C8EEB21893E7
3BF9BCEE-F6AE-4DEC-8F80-9CD23C0767BE,42FD78B9-2B90-4AA9-BC43-F10E9FEA8B5A
3BF9BCEE-F6AE-4DEC-8F80-9CD23C0767BE,B33DC9B6-0B7D-4322-BAD7-A13A34C584A3
3BF9BCEE-F6AE-4DEC-8F80-9CD23C0767BE,C8F98B28-3C10-41AE-AA99-092B3B398C43
3BF9BCEE-F6AE-4DEC-8F80-9CD23C0767BE,DF4A35E0-7983-4A3E-BC47-F37B872B0F25
3C5998C3-F130-4E4C-8BA4-C1B25E728CE0,0C0D142F-06B5-4BE1-8B44-491B90F93DEB
3C5998C3-F130-4E4C-8BA4-C1B25E728CE0,24380E3F-AD9D-4E38-BF13-C8EEB21893E7
3C5998C3-F130-4E4C-8BA4-C1B25E728CE0,B33DC9B6-0B7D-4322-BAD7-A13A34C584A3
3C5998C3-F130-4E4C-8BA4-C1B25E728CE0,C8F98B28-3C10-41AE-AA99-092B3B398C43
3C5998C3-F130-4E4C-8BA4-C1B25E728CE0,DF4A35E0-7983-4A3E-BC47-F37B872B0F25
3C869976-DF2E-4D99-9918-366DFE637846,B204DE60-5A24-43DD-8902-C81625A09A74
3C869976-DF2E-4D99-9918-366DFE637846,B33DC9B6-0B7D-4322-BAD7-A13A34C584A3
3C869976-DF2E-4D99-9918-366DFE637846,C8F98B28-3C10-41AE-AA99-092B3B398C43
3D026091-7EFB-405D-A8F2-D9109DE9740A,0C0D142F-06B5-4BE1-8B44-491B90F93DEB
3D026091-7EFB-405D-A8F2-D9109DE9740A,24380E3F-AD9D-4E38-BF13-C8EEB21893E7
3D026091-7EFB-405D-A8F2-D9109DE9740A,B204DE60-5A24-43DD-8902-C81625A09A74
3D026091-7EFB-405D-A8F2-D9109DE9740A,B33DC9B6-0B7D-4322-BAD7-A13A34C584A3
3D026091-7EFB-405D-A8F2-D9109DE9740A,BFF8C027-7C8F-480B-A5F8-CD8CE490BFBA
3D026091-7EFB-405D-A8F2-D9109DE9740A,C8F98B28-3C10-41AE-AA99-092B3B398C43
3D026091-7EFB-405D-A8F2-D9109DE9740A,DF4A35E0-7983-4A3E-BC47-F37B872B0F25
3D0F91B3-E847-4F75-9028-D26D269438F5,01D717BC-18BB-4FE4-95BA-6B13AD702038
3D0F91B3-E847-4F75-9028-D26D269438F5,0307955A-B65C-4CE4-A780-EB36BAAADF0B
3D0F91B3-E847-4F75-9028-D26D269438F5,09DF0950-D319-4557-A57E-04CD2F63FF42
3D0F91B3-E847-4F75-9028-D26D269438F5,0B685688-3405-4E2A-ABBA-E3069492EC50
3D0F91B3-E847-4F75-9028-D26D269438F5,0C0D142F-06B5-4BE1-8B44-491B90F93DEB
3D0F91B3-E847-4F75-9028-D26D269438F5,1DFACD97-1B9C-4F5A-80F2-05593604799E
3D0F91B3-E847-4F75-9028-D26D269438F5,24380E3F-AD9D-4E38-BF13-C8EEB21893E7
3D0F91B3-E847-4F75-9028-D26D269438F5,4D06CEED-90C6-4B69-B264-32CC90B69BA6
3D0F91B3-E847-4F75-9028-D26D269438F5,5F723BAD-7359-48FC-98FA-631592256E35
3D0F91B3-E847-4F75-9028-D26D269438F5,7CE6E935-F839-4FEC-A63E-052B1DEF39D2
3D0F91B3-E847-4F75-9028-D26D269438F5,B33DC9B6-0B7D-4322-BAD7-A13A34C584A3
3D0F91B3-E847-4F75-9028-D26D269438F5,BFF8C027-7C8F-480B-A5F8-CD8CE490BFBA
3D0F91B3-E847-4F75-9028-D26D269438F5,C38B3C62-1BBF-4EA1-A1A2-35DE21B74C17
3D0F91B3-E847-4F75-9028-D26D269438F5,C8F98B28-3C10-41AE-AA99-092B3B398C43
3D0F91B3-E847-4F75-9028-D26D269438F5,DF4A35E0-7983-4A3E-BC47-F37B872B0F25
3D0F91B3-E847-4F75-9028-D26D269438F5,F9B1D433-6B86-4804-AED7-B50A519A3B7C
3E1E316B-2F1A-4F08-8BD0-AE64761D68C2,09DF0950-D319-4557-A57E-04CD2F63FF42
3E1E316B-2F1A-4F08-8BD0-AE64761D68C2,0B685688-3405-4E2A-ABBA-E3069492EC50
3E1E316B-2F1A-4F08-8BD0-AE64761D68C2,0C0D142F-06B5-4BE1-8B44-491B90F93DEB
3E1E316B-2F1A-4F08-8BD0-AE64761D68C2,1DFACD97-1B9C-4F5A-80F2-05593604799E
3E1E316B-2F1A-4F08-8BD0-AE64761D68C2,24380E3F-AD9D-4E38-BF13-C8EEB21893E7
3E1E316B-2F1A-4F08-8BD0-AE64761D68C2,8386EEAF-985F-4DE8-9037-CCF91975AC94
3E1E316B-2F1A-4F08-8BD0-AE64761D68C2,B204DE60-5A24-43DD-8902-C81625A09A74
3E1E316B-2F1A-4F08-8BD0-AE64761D68C2,B33DC9B6-0B7D-4322-BAD7-A13A34C584A3
3E1E316B-2F1A-4F08-8BD0-AE64761D68C2,BFF8C027-7C8F-480B-A5F8-CD8CE490BFBA
3E1E316B-2F1A-4F08-8BD0-AE64761D68C2,C11D3746-5063-4BD0-B245-7178D1AD866C
3E1E316B-2F1A-4F08-8BD0-AE64761D68C2,C8F98B28-3C10-41AE-AA99-092B3B398C43
3E1E316B-2F1A-4F08-8BD0-AE64761D68C2,DF4A35E0-7983-4A3E-BC47-F37B872B0F25
3E8C5A4D-6302-4E50-9FCC-A9EC7BFBF1D6,09DF0950-D319-4557-A57E-04CD2F63FF42
3E8C5A4D-6302-4E50-9FCC-A9EC7BFBF1D6,0B685688-3405-4E2A-ABBA-E3069492EC50
3E8C5A4D-6302-4E50-9FCC-A9EC7BFBF1D6,0C0D142F-06B5-4BE1-8B44-491B90F93DEB
3E8C5A4D-6302-4E50-9FCC-A9EC7BFBF1D6,24380E3F-AD9D-4E38-BF13-C8EEB21893E7
3E8C5A4D-6302-4E50-9FCC-A9EC7BFBF1D6,7CE6E935-F839-4FEC-A63E-052B1DEF39D2
3E8C5A4D-6302-4E50-9FCC-A9EC7BFBF1D6,B204DE60-5A24-43DD-8902-C81625A09A74
3E8C5A4D-6302-4E50-9FCC-A9EC7BFBF1D6,B33DC9B6-0B7D-4322-BAD7-A13A34C584A3
3E8C5A4D-6302-4E50-9FCC-A9EC7BFBF1D6,BFF8C027-7C8F-480B-A5F8-CD8CE490BFBA
3E8C5A4D-6302-4E50-9FCC-A9EC7BFBF1D6,C8F98B28-3C10-41AE-AA99-092B3B398C43
3E8C5A4D-6302-4E50-9FCC-A9EC7BFBF1D6,DF4A35E0-7983-4A3E-BC47-F37B872B0F25
3FBC6D2D-C61B-4399-BC35-1B00C92C406A,09DF0950-D319-4557-A57E-04CD2F63FF42
3FBC6D2D-C61B-4399-BC35-1B00C92C406A,B33DC9B6-0B7D-4322-BAD7-A13A34C584A3
406594CB-1532-45CD-82EA-0C03FD2F0422,0B685688-3405-4E2A-ABBA-E3069492EC50
406594CB-1532-45CD-82EA-0C03FD2F0422,0C0D142F-06B5-4BE1-8B44-491B90F93DEB
406594CB-1532-45CD-82EA-0C03FD2F0422,13A57703-BB1A-41A2-94B8-53B692EB7238
406594CB-1532-45CD-82EA-0C03FD2F0422,24380E3F-AD9D-4E38-BF13-C8EEB21893E7
406594CB-1532-45CD-82EA-0C03FD2F0422,4D06CEED-90C6-4B69-B264-32CC90B69BA6
406594CB-1532-45CD-82EA-0C03FD2F0422,4D224BCA-C127-408B-AC75-A51563C42411
406594CB-1532-45CD-82EA-0C03FD2F0422,7CE6E935-F839-4FEC-A63E-052B1DEF39D2
406594CB-1532-45CD-82EA-0C03FD2F0422,8386EEAF-985F-4DE8-9037-CCF91975AC94
406594CB-1532-45CD-82EA-0C03FD2F0422,A59947B7-3376-49B4-AD02-C0423E08C5F7
406594CB-1532-45CD-82EA-0C03FD2F0422,AE42B46C-E4B7-4889-A122-08FE180371AE
406594CB-1532-45CD-82EA-0C03FD2F0422,B33DC9B6-0B7D-4322-BAD7-A13A34C584A3
406594CB-1532-45CD-82EA-0C03FD2F0422,BFF8C027-7C8F-480B-A5F8-CD8CE490BFBA
406594CB-1532-45CD-82EA-0C03FD2F0422,DF4A35E0-7983-4A3E-BC47-F37B872B0F25
406F7D87-F34F-41C9-9CCE-9FD53ABBA9A7,01D717BC-18BB-4FE4-95BA-6B13AD702038
406F7D87-F34F-41C9-9CCE-9FD53ABBA9A7,0B685688-3405-4E2A-ABBA-E3069492EC50
406F7D87-F34F-41C9-9CCE-9FD53ABBA9A7,13A57703-BB1A-41A2-94B8-53B692EB7238
406F7D87-F34F-41C9-9CCE-9FD53ABBA9A7,4D224BCA-C127-408B-AC75-A51563C42411
406F7D87-F34F-41C9-9CCE-9FD53ABBA9A7,7C912B83-1B1B-4807-9B66-97C12211E48E
406F7D87-F34F-41C9-9CCE-9FD53ABBA9A7,7CE6E935-F839-4FEC-A63E-052B1DEF39D2
406F7D87-F34F-41C9-9CCE-9FD53ABBA9A7,8386EEAF-985F-4DE8-9037-CCF91975AC94
406F7D87-F34F-41C9-9CCE-9FD53ABBA9A7,A59947B7-3376-49B4-AD02-C0423E08C5F7
406F7D87-F34F-41C9-9CCE-9FD53ABBA9A7,AE42B46C-E4B7-4889-A122-08FE180371AE
406F7D87-F34F-41C9-9CCE-9FD53ABBA9A7,BFF8C027-7C8F-480B-A5F8-CD8CE490BFBA
406F7D87-F34F-41C9-9CCE-9FD53ABBA9A7,DF4A35E0-7983-4A3E-BC47-F37B872B0F25
406F7D87-F34F-41C9-9CCE-9FD53ABBA9A7,F9B1D433-6B86-4804-AED7-B50A519A3B7C
415AA3E1-CE8A-4A24-BD69-451C87107AA4,24380E3F-AD9D-4E38-BF13-C8EEB21893E7
415AA3E1-CE8A-4A24-BD69-451C87107AA4,5F723BAD-7359-48FC-98FA-631592256E35
415AA3E1-CE8A-4A24-BD69-451C87107AA4,B33DC9B6-0B7D-4322-BAD7-A13A34C584A3
415AA3E1-CE8A-4A24-BD69-451C87107AA4,C8F98B28-3C10-41AE-AA99-092B3B398C43
415AA3E1-CE8A-4A24-BD69-451C87107AA4,DF4A35E0-7983-4A3E-BC47-F37B872B0F25
41813A9C-A947-4078-9DAA-4CE952F4E512,0307955A-B65C-4CE4-A780-EB36BAAADF0B
41813A9C-A947-4078-9DAA-4CE952F4E512,0B685688-3405-4E2A-ABBA-E3069492EC50
41813A9C-A947-4078-9DAA-4CE952F4E512,0C0D142F-06B5-4BE1-8B44-491B90F93DEB
41813A9C-A947-4078-9DAA-4CE952F4E512,24380E3F-AD9D-4E38-BF13-C8EEB21893E7
41813A9C-A947-4078-9DAA-4CE952F4E512,5F723BAD-7359-48FC-98FA-631592256E35
41813A9C-A947-4078-9DAA-4CE952F4E512,7CE6E935-F839-4FEC-A63E-052B1DEF39D2
41813A9C-A947-4078-9DAA-4CE952F4E512,AE42B46C-E4B7-4889-A122-08FE180371AE
41813A9C-A947-4078-9DAA-4CE952F4E512,B204DE60-5A24-43DD-8902-C81625A09A74
41813A9C-A947-4078-9DAA-4CE952F4E512,B33DC9B6-0B7D-4322-BAD7-A13A34C584A3
41813A9C-A947-4078-9DAA-4CE952F4E512,BFF8C027-7C8F-480B-A5F8-CD8CE490BFBA
41813A9C-A947-4078-9DAA-4CE952F4E512,C8F98B28-3C10-41AE-AA99-092B3B398C43
41813A9C-A947-4078-9DAA-4CE952F4E512,DF4A35E0-7983-4A3E-BC47-F37B872B0F25
41BAB8ED-C95F-447D-9DA1-FCC4E4D808B2,07CBCA6A-46B8-413F-8B6C-ABEDEBF9853E
41BAB8ED-C95F-447D-9DA1-FCC4E4D808B2,09DF0950-D319-4557-A57E-04CD2F63FF42
41BAB8ED-C95F-447D-9DA1-FCC4E4D808B2,0B685688-3405-4E2A-ABBA-E3069492EC50
41BAB8ED-C95F-447D-9DA1-FCC4E4D808B2,0C0D142F-06B5-4BE1-8B44-491B90F93DEB
41BAB8ED-C95F-447D-9DA1-FCC4E4D808B2,13A57703-BB1A-41A2-94B8-53B692EB7238
41BAB8ED-C95F-447D-9DA1-FCC4E4D808B2,24380E3F-AD9D-4E38-BF13-C8EEB21893E7
41BAB8ED-C95F-447D-9DA1-FCC4E4D808B2,7CE6E935-F839-4FEC-A63E-052B1DEF39D2
41BAB8ED-C95F-447D-9DA1-FCC4E4D808B2,A59947B7-3376-49B4-AD02-C0423E08C5F7
41BAB8ED-C95F-447D-9DA1-FCC4E4D808B2,B12FAAB9-713F-4B38-83E4-A273F5A43C77
41BAB8ED-C95F-447D-9DA1-FCC4E4D808B2,B33DC9B6-0B7D-4322-BAD7-A13A34C584A3
41BAB8ED-C95F-447D-9DA1-FCC4E4D808B2,BFF8C027-7C8F-480B-A5F8-CD8CE490BFBA
41BAB8ED-C95F-447D-9DA1-FCC4E4D808B2,C8F98B28-3C10-41AE-AA99-092B3B398C43
41BAB8ED-C95F-447D-9DA1-FCC4E4D808B2,DF4A35E0-7983-4A3E-BC47-F37B872B0F25
42D7081F-2B9B-449C-9BF2-785850AE4865,0B685688-3405-4E2A-ABBA-E3069492EC50
42D7081F-2B9B-449C-9BF2-785850AE4865,4D224BCA-C127-408B-AC75-A51563C42411
42D7081F-2B9B-449C-9BF2-785850AE4865,B33DC9B6-0B7D-4322-BAD7-A13A34C584A3
42D7081F-2B9B-449C-9BF2-785850AE4865,BFF8C027-7C8F-480B-A5F8-CD8CE490BFBA
4301F6E9-750B-489D-B8E4-4204165894A1,0C0D142F-06B5-4BE1-8B44-491B90F93DEB
4301F6E9-750B-489D-B8E4-4204165894A1,7CE6E935-F839-4FEC-A63E-052B1DEF39D2
4301F6E9-750B-489D-B8E4-4204165894A1,B204DE60-5A24-43DD-8902-C81625A09A74
4301F6E9-750B-489D-B8E4-4204165894A1,B33DC9B6-0B7D-4322-BAD7-A13A34C584A3
4301F6E9-750B-489D-B8E4-4204165894A1,BFF8C027-7C8F-480B-A5F8-CD8CE490BFBA
4301F6E9-750B-489D-B8E4-4204165894A1,C8F98B28-3C10-41AE-AA99-092B3B398C43
4301F6E9-750B-489D-B8E4-4204165894A1,DF4A35E0-7983-4A3E-BC47-F37B872B0F25
4324B2B4-D1A3-497F-8E6B-27171FAE4DB2,01D717BC-18BB-4FE4-95BA-6B13AD702038
4324B2B4-D1A3-497F-8E6B-27171FAE4DB2,0307955A-B65C-4CE4-A780-EB36BAAADF0B
4324B2B4-D1A3-497F-8E6B-27171FAE4DB2,071BA73C-1D3C-46D4-A53C-00D5602F7F0E
4324B2B4-D1A3-497F-8E6B-27171FAE4DB2,09DF0950-D319-4557-A57E-04CD2F63FF42
4324B2B4-D1A3-497F-8E6B-27171FAE4DB2,0B685688-3405-4E2A-ABBA-E3069492EC50
4324B2B4-D1A3-497F-8E6B-27171FAE4DB2,0C0D142F-06B5-4BE1-8B44-491B90F93DEB
4324B2B4-D1A3-497F-8E6B-27171FAE4DB2,13A57703-BB1A-41A2-94B8-53B692EB7238
4324B2B4-D1A3-497F-8E6B-27171FAE4DB2,1DFACD97-1B9C-4F5A-80F2-05593604799E
4324B2B4-D1A3-497F-8E6B-27171FAE4DB2,24380E3F-AD9D-4E38-BF13-C8EEB21893E7
4324B2B4-D1A3-497F-8E6B-27171FAE4DB2,42FD78B9-2B90-4AA9-BC43-F10E9FEA8B5A
4324B2B4-D1A3-497F-8E6B-27171FAE4DB2,4D06CEED-90C6-4B69-B264-32CC90B69BA6
4324B2B4-D1A3-497F-8E6B-27171FAE4DB2,4D224BCA-C127-408B-AC75-A51563C42411
4324B2B4-D1A3-497F-8E6B-27171FAE4DB2,587BB2D3-EC35-41B2-B3F7-A39E2B088AEE
4324B2B4-D1A3-497F-8E6B-27171FAE4DB2,5F723BAD-7359-48FC-98FA-631592256E35
4324B2B4-D1A3-497F-8E6B-27171FAE4DB2,5FF5B286-E9C3-430E-B612-3380D8138600
4324B2B4-D1A3-497F-8E6B-27171FAE4DB2,7CE6E935-F839-4FEC-A63E-052B1DEF39D2
4324B2B4-D1A3-497F-8E6B-27171FAE4DB2,A59947B7-3376-49B4-AD02-C0423E08C5F7
4324B2B4-D1A3-497F-8E6B-27171FAE4DB2,AE42B46C-E4B7-4889-A122-08FE180371AE
4324B2B4-D1A3-497F-8E6B-27171FAE4DB2,B12FAAB9-713F-4B38-83E4-A273F5A43C77
4324B2B4-D1A3-497F-8E6B-27171FAE4DB2,B204DE60-5A24-43DD-8902-C81625A09A74
4324B2B4-D1A3-497F-8E6B-27171FAE4DB2,B33DC9B6-0B7D-4322-BAD7-A13A34C584A3
4324B2B4-D1A3-497F-8E6B-27171FAE4DB2,BFF8C027-7C8F-480B-A5F8-CD8CE490BFBA
4324B2B4-D1A3-497F-8E6B-27171FAE4DB2,C38B3C62-1BBF-4EA1-A1A2-35DE21B74C17
4324B2B4-D1A3-497F-8E6B-27171FAE4DB2,C8F98B28-3C10-41AE-AA99-092B3B398C43
4324B2B4-D1A3-497F-8E6B-27171FAE4DB2,DF4A35E0-7983-4A3E-BC47-F37B872B0F25
4324B2B4-D1A3-497F-8E6B-27171FAE4DB2,F9B1D433-6B86-4804-AED7-B50A519A3B7C
43AC146A-0903-4E4A-BD7D-7169655009C7,09DF0950-D319-4557-A57E-04CD2F63FF42
43AC146A-0903-4E4A-BD7D-7169655009C7,0B685688-3405-4E2A-ABBA-E3069492EC50
43AC146A-0903-4E4A-BD7D-7169655009C7,0C0D142F-06B5-4BE1-8B44-491B90F93DEB
43AC146A-0903-4E4A-BD7D-7169655009C7,1DFACD97-1B9C-4F5A-80F2-05593604799E
43AC146A-0903-4E4A-BD7D-7169655009C7,B33DC9B6-0B7D-4322-BAD7-A13A34C584A3
43AC146A-0903-4E4A-BD7D-7169655009C7,BFF8C027-7C8F-480B-A5F8-CD8CE490BFBA
43AC146A-0903-4E4A-BD7D-7169655009C7,C8F98B28-3C10-41AE-AA99-092B3B398C43
43AC146A-0903-4E4A-BD7D-7169655009C7,DF4A35E0-7983-4A3E-BC47-F37B872B0F25
45408368-12DB-4950-92A8-E26AC85E3724,0C0D142F-06B5-4BE1-8B44-491B90F93DEB
45408368-12DB-4950-92A8-E26AC85E3724,1DFACD97-1B9C-4F5A-80F2-05593604799E
45408368-12DB-4950-92A8-E26AC85E3724,24380E3F-AD9D-4E38-BF13-C8EEB21893E7
45408368-12DB-4950-92A8-E26AC85E3724,5F723BAD-7359-48FC-98FA-631592256E35
45408368-12DB-4950-92A8-E26AC85E3724,7CE6E935-F839-4FEC-A63E-052B1DEF39D2
45408368-12DB-4950-92A8-E26AC85E3724,B204DE60-5A24-43DD-8902-C81625A09A74
45408368-12DB-4950-92A8-E26AC85E3724,B33DC9B6-0B7D-4322-BAD7-A13A34C584A3
45408368-12DB-4950-92A8-E26AC85E3724,BFF8C027-7C8F-480B-A5F8-CD8CE490BFBA
45408368-12DB-4950-92A8-E26AC85E3724,C8F98B28-3C10-41AE-AA99-092B3B398C43
45408368-12DB-4950-92A8-E26AC85E3724,DF4A35E0-7983-4A3E-BC47-F37B872B0F25
461D40CC-4379-4C1B-ADB8-3563147F61A1,01D717BC-18BB-4FE4-95BA-6B13AD702038
461D40CC-4379-4C1B-ADB8-3563147F61A1,0307955A-B65C-4CE4-A780-EB36BAAADF0B
461D40CC-4379-4C1B-ADB8-3563147F61A1,09DF0950-D319-4557-A57E-04CD2F63FF42
461D40CC-4379-4C1B-ADB8-3563147F61A1,0B685688-3405-4E2A-ABBA-E3069492EC50
461D40CC-4379-4C1B-ADB8-3563147F61A1,0C0D142F-06B5-4BE1-8B44-491B90F93DEB
461D40CC-4379-4C1B-ADB8-3563147F61A1,13A57703-BB1A-41A2-94B8-53B692EB7238
461D40CC-4379-4C1B-ADB8-3563147F61A1,1DFACD97-1B9C-4F5A-80F2-05593604799E
461D40CC-4379-4C1B-ADB8-3563147F61A1,24380E3F-AD9D-4E38-BF13-C8EEB21893E7
461D40CC-4379-4C1B-ADB8-3563147F61A1,42FD78B9-2B90-4AA9-BC43-F10E9FEA8B5A
461D40CC-4379-4C1B-ADB8-3563147F61A1,4D06CEED-90C6-4B69-B264-32CC90B69BA6
461D40CC-4379-4C1B-ADB8-3563147F61A1,587BB2D3-EC35-41B2-B3F7-A39E2B088AEE
461D40CC-4379-4C1B-ADB8-3563147F61A1,5F723BAD-7359-48FC-98FA-631592256E35
461D40CC-4379-4C1B-ADB8-3563147F61A1,7CE6E935-F839-4FEC-A63E-052B1DEF39D2
461D40CC-4379-4C1B-ADB8-3563147F61A1,8386EEAF-985F-4DE8-9037-CCF91975AC94
461D40CC-4379-4C1B-ADB8-3563147F61A1,8A1C7B17-C2C6-4F7C-9539-EA1E19971D80
461D40CC-4379-4C1B-ADB8-3563147F61A1,A59947B7-3376-49B4-AD02-C0423E08C5F7
461D40CC-4379-4C1B-ADB8-3563147F61A1,AE42B46C-E4B7-4889-A122-08FE180371AE
461D40CC-4379-4C1B-ADB8-3563147F61A1,B12FAAB9-713F-4B38-83E4-A273F5A43C77
461D40CC-4379-4C1B-ADB8-3563147F61A1,B33DC9B6-0B7D-4322-BAD7-A13A34C584A3
461D40CC-4379-4C1B-ADB8-3563147F61A1,BFF8C027-7C8F-480B-A5F8-CD8CE490BFBA
461D40CC-4379-4C1B-ADB8-3563147F61A1,C11D3746-5063-4BD0-B245-7178D1AD866C
461D40CC-4379-4C1B-ADB8-3563147F61A1,C38B3C62-1BBF-4EA1-A1A2-35DE21B74C17
461D40CC-4379-4C1B-ADB8-3563147F61A1,C8F98B28-3C10-41AE-AA99-092B3B398C43
461D40CC-4379-4C1B-ADB8-3563147F61A1,DF4A35E0-7983-4A3E-BC47-F37B872B0F25
461D40CC-4379-4C1B-ADB8-3563147F61A1,F9B1D433-6B86-4804-AED7-B50A519A3B7C
46CA5FAF-2AEE-4795-B609-8CB81F9FBBEC,42FD78B9-2B90-4AA9-BC43-F10E9FEA8B5A
46CA5FAF-2AEE-4795-B609-8CB81F9FBBEC,B33DC9B6-0B7D-4322-BAD7-A13A34C584A3
473EFACE-EE15-4A4F-AA6C-666810A9E27D,01D717BC-18BB-4FE4-95BA-6B13AD702038
473EFACE-EE15-4A4F-AA6C-666810A9E27D,0307955A-B65C-4CE4-A780-EB36BAAADF0B
473EFACE-EE15-4A4F-AA6C-666810A9E27D,071BA73C-1D3C-46D4-A53C-00D5602F7F0E
473EFACE-EE15-4A4F-AA6C-666810A9E27D,09DF0950-D319-4557-A57E-04CD2F63FF42
473EFACE-EE15-4A4F-AA6C-666810A9E27D,0B685688-3405-4E2A-ABBA-E3069492EC50
473EFACE-EE15-4A4F-AA6C-666810A9E27D,0C0D142F-06B5-4BE1-8B44-491B90F93DEB
473EFACE-EE15-4A4F-AA6C-666810A9E27D,13A57703-BB1A-41A2-94B8-53B692EB7238
473EFACE-EE15-4A4F-AA6C-666810A9E27D,1DFACD97-1B9C-4F5A-80F2-05593604799E
473EFACE-EE15-4A4F-AA6C-666810A9E27D,24380E3F-AD9D-4E38-BF13-C8EEB21893E7
473EFACE-EE15-4A4F-AA6C-666810A9E27D,4D224BCA-C127-408B-AC75-A51563C42411
473EFACE-EE15-4A4F-AA6C-666810A9E27D,587BB2D3-EC35-41B2-B3F7-A39E2B088AEE
473EFACE-EE15-4A4F-AA6C-666810A9E27D,5F723BAD-7359-48FC-98FA-631592256E35
473EFACE-EE15-4A4F-AA6C-666810A9E27D,7779241F-A70B-49BC-86F0-829AE332C708
473EFACE-EE15-4A4F-AA6C-666810A9E27D,7CE6E935-F839-4FEC-A63E-052B1DEF39D2
473EFACE-EE15-4A4F-AA6C-666810A9E27D,A59947B7-3376-49B4-AD02-C0423E08C5F7
473EFACE-EE15-4A4F-AA6C-666810A9E27D,AE42B46C-E4B7-4889-A122-08FE180371AE
473EFACE-EE15-4A4F-AA6C-666810A9E27D,B33DC9B6-0B7D-4322-BAD7-A13A34C584A3
473EFACE-EE15-4A4F-AA6C-666810A9E27D,BFF8C027-7C8F-480B-A5F8-CD8CE490BFBA
473EFACE-EE15-4A4F-AA6C-666810A9E27D,C38B3C62-1BBF-4EA1-A1A2-35DE21B74C17
473EFACE-EE15-4A4F-AA6C-666810A9E27D,DF4A35E0-7983-4A3E-BC47-F37B872B0F25
473EFACE-EE15-4A4F-AA6C-666810A9E27D,F9B1D433-6B86-4804-AED7-B50A519A3B7C
47CBA521-0A8A-4728-8BDA-85D269455A7A,0B685688-3405-4E2A-ABBA-E3069492EC50
47CBA521-0A8A-4728-8BDA-85D269455A7A,0C0D142F-06B5-4BE1-8B44-491B90F93DEB
47CBA521-0A8A-4728-8BDA-85D269455A7A,24380E3F-AD9D-4E38-BF13-C8EEB21893E7
47CBA521-0A8A-4728-8BDA-85D269455A7A,BFF8C027-7C8F-480B-A5F8-CD8CE490BFBA
47CBA521-0A8A-4728-8BDA-85D269455A7A,DF4A35E0-7983-4A3E-BC47-F37B872B0F25
480702B9-E8B5-45A1-ACB4-7B044C13F7A2,0B685688-3405-4E2A-ABBA-E3069492EC50
480702B9-E8B5-45A1-ACB4-7B044C13F7A2,1DFACD97-1B9C-4F5A-80F2-05593604799E
480702B9-E8B5-45A1-ACB4-7B044C13F7A2,24380E3F-AD9D-4E38-BF13-C8EEB21893E7
480702B9-E8B5-45A1-ACB4-7B044C13F7A2,42FD78B9-2B90-4AA9-BC43-F10E9FEA8B5A
480702B9-E8B5-45A1-ACB4-7B044C13F7A2,587BB2D3-EC35-41B2-B3F7-A39E2B088AEE
480702B9-E8B5-45A1-ACB4-7B044C13F7A2,8386EEAF-985F-4DE8-9037-CCF91975AC94
480702B9-E8B5-45A1-ACB4-7B044C13F7A2,A59947B7-3376-49B4-AD02-C0423E08C5F7
480702B9-E8B5-45A1-ACB4-7B044C13F7A2,B33DC9B6-0B7D-4322-BAD7-A13A34C584A3
480702B9-E8B5-45A1-ACB4-7B044C13F7A2,BA316D0F-92AE-4E00-8C80-DBD605DC58C3
480702B9-E8B5-45A1-ACB4-7B044C13F7A2,BFF8C027-7C8F-480B-A5F8-CD8CE490BFBA
480702B9-E8B5-45A1-ACB4-7B044C13F7A2,C8F98B28-3C10-41AE-AA99-092B3B398C43
480702B9-E8B5-45A1-ACB4-7B044C13F7A2,DF4A35E0-7983-4A3E-BC47-F37B872B0F25
481CEBB8-1942-4FAE-8D89-9902E7B9EECA,071BA73C-1D3C-46D4-A53C-00D5602F7F0E
481CEBB8-1942-4FAE-8D89-9902E7B9EECA,09DF0950-D319-4557-A57E-04CD2F63FF42
481CEBB8-1942-4FAE-8D89-9902E7B9EECA,0B685688-3405-4E2A-ABBA-E3069492EC50
481CEBB8-1942-4FAE-8D89-9902E7B9EECA,42FD78B9-2B90-4AA9-BC43-F10E9FEA8B5A
481CEBB8-1942-4FAE-8D89-9902E7B9EECA,4D06CEED-90C6-4B69-B264-32CC90B69BA6
481CEBB8-1942-4FAE-8D89-9902E7B9EECA,4D224BCA-C127-408B-AC75-A51563C42411
481CEBB8-1942-4FAE-8D89-9902E7B9EECA,587BB2D3-EC35-41B2-B3F7-A39E2B088AEE
481CEBB8-1942-4FAE-8D89-9902E7B9EECA,A59947B7-3376-49B4-AD02-C0423E08C5F7
481CEBB8-1942-4FAE-8D89-9902E7B9EECA,AE42B46C-E4B7-4889-A122-08FE180371AE
481CEBB8-1942-4FAE-8D89-9902E7B9EECA,B204DE60-5A24-43DD-8902-C81625A09A74
481CEBB8-1942-4FAE-8D89-9902E7B9EECA,B33DC9B6-0B7D-4322-BAD7-A13A34C584A3
481CEBB8-1942-4FAE-8D89-9902E7B9EECA,C11D3746-5063-4BD0-B245-7178D1AD866C
481CEBB8-1942-4FAE-8D89-9902E7B9EECA,C8F98B28-3C10-41AE-AA99-092B3B398C43
481CEBB8-1942-4FAE-8D89-9902E7B9EECA,DF4A35E0-7983-4A3E-BC47-F37B872B0F25
48C4BDA1-98A3-441A-87FF-BAAB3AA043AE,0C0D142F-06B5-4BE1-8B44-491B90F93DEB
48C4BDA1-98A3-441A-87FF-BAAB3AA043AE,13A57703-BB1A-41A2-94B8-53B692EB7238
48C4BDA1-98A3-441A-87FF-BAAB3AA043AE,1DFACD97-1B9C-4F5A-80F2-05593604799E
48C4BDA1-98A3-441A-87FF-BAAB3AA043AE,24380E3F-AD9D-4E38-BF13-C8EEB21893E7
48C4BDA1-98A3-441A-87FF-BAAB3AA043AE,42FD78B9-2B90-4AA9-BC43-F10E9FEA8B5A
48C4BDA1-98A3-441A-87FF-BAAB3AA043AE,AE42B46C-E4B7-4889-A122-08FE180371AE
48C4BDA1-98A3-441A-87FF-BAAB3AA043AE,B204DE60-5A24-43DD-8902-C81625A09A74
48C4BDA1-98A3-441A-87FF-BAAB3AA043AE,B33DC9B6-0B7D-4322-BAD7-A13A34C584A3
48C4BDA1-98A3-441A-87FF-BAAB3AA043AE,C8F98B28-3C10-41AE-AA99-092B3B398C43
48C4BDA1-98A3-441A-87FF-BAAB3AA043AE,DF4A35E0-7983-4A3E-BC47-F37B872B0F25
48ED0744-7B8A-4FFD-BEFC-C4AC22A7D649,09DF0950-D319-4557-A57E-04CD2F63FF42
48ED0744-7B8A-4FFD-BEFC-C4AC22A7D649,0C0D142F-06B5-4BE1-8B44-491B90F93DEB
48ED0744-7B8A-4FFD-BEFC-C4AC22A7D649,1DFACD97-1B9C-4F5A-80F2-05593604799E
48ED0744-7B8A-4FFD-BEFC-C4AC22A7D649,24380E3F-AD9D-4E38-BF13-C8EEB21893E7
48ED0744-7B8A-4FFD-BEFC-C4AC22A7D649,5F723BAD-7359-48FC-98FA-631592256E35
48ED0744-7B8A-4FFD-BEFC-C4AC22A7D649,7CE6E935-F839-4FEC-A63E-052B1DEF39D2
48ED0744-7B8A-4FFD-BEFC-C4AC22A7D649,B204DE60-5A24-43DD-8902-C81625A09A74
48ED0744-7B8A-4FFD-BEFC-C4AC22A7D649,B33DC9B6-0B7D-4322-BAD7-A13A34C584A3
48ED0744-7B8A-4FFD-BEFC-C4AC22A7D649,BFF8C027-7C8F-480B-A5F8-CD8CE490BFBA
48ED0744-7B8A-4FFD-BEFC-C4AC22A7D649,C8F98B28-3C10-41AE-AA99-092B3B398C43
48ED0744-7B8A-4FFD-BEFC-C4AC22A7D649,DF4A35E0-7983-4A3E-BC47-F37B872B0F25
4930BAEB-A3BF-4825-9796-DCD0FD1C3BD5,24380E3F-AD9D-4E38-BF13-C8EEB21893E7
4930BAEB-A3BF-4825-9796-DCD0FD1C3BD5,587BB2D3-EC35-41B2-B3F7-A39E2B088AEE
4930BAEB-A3BF-4825-9796-DCD0FD1C3BD5,A59947B7-3376-49B4-AD02-C0423E08C5F7
4930BAEB-A3BF-4825-9796-DCD0FD1C3BD5,B33DC9B6-0B7D-4322-BAD7-A13A34C584A3
4930BAEB-A3BF-4825-9796-DCD0FD1C3BD5,BFF8C027-7C8F-480B-A5F8-CD8CE490BFBA
4930BAEB-A3BF-4825-9796-DCD0FD1C3BD5,DF4A35E0-7983-4A3E-BC47-F37B872B0F25
4A2954A3-F00F-46E4-8FC7-BB2766350518,C8F98B28-3C10-41AE-AA99-092B3B398C43
4BE453C2-6527-484F-90D6-98057901EBDF,01D717BC-18BB-4FE4-95BA-6B13AD702038
4BE453C2-6527-484F-90D6-98057901EBDF,0307955A-B65C-4CE4-A780-EB36BAAADF0B
4BE453C2-6527-484F-90D6-98057901EBDF,0B685688-3405-4E2A-ABBA-E3069492EC50
4BE453C2-6527-484F-90D6-98057901EBDF,24380E3F-AD9D-4E38-BF13-C8EEB21893E7
4BE453C2-6527-484F-90D6-98057901EBDF,7CE6E935-F839-4FEC-A63E-052B1DEF39D2
4BE453C2-6527-484F-90D6-98057901EBDF,A59947B7-3376-49B4-AD02-C0423E08C5F7
4BE453C2-6527-484F-90D6-98057901EBDF,B33DC9B6-0B7D-4322-BAD7-A13A34C584A3
4BE453C2-6527-484F-90D6-98057901EBDF,BFF8C027-7C8F-480B-A5F8-CD8CE490BFBA
4BE453C2-6527-484F-90D6-98057901EBDF,F9B1D433-6B86-4804-AED7-B50A519A3B7C
4C1A549B-080F-4522-9CA7-67BB5A0845CA,01D717BC-18BB-4FE4-95BA-6B13AD702038
4C1A549B-080F-4522-9CA7-67BB5A0845CA,0307955A-B65C-4CE4-A780-EB36BAAADF0B
4C1A549B-080F-4522-9CA7-67BB5A0845CA,0B685688-3405-4E2A-ABBA-E3069492EC50
4C1A549B-080F-4522-9CA7-67BB5A0845CA,0C0D142F-06B5-4BE1-8B44-491B90F93DEB
4C1A549B-080F-4522-9CA7-67BB5A0845CA,13A57703-BB1A-41A2-94B8-53B692EB7238
4C1A549B-080F-4522-9CA7-67BB5A0845CA,1DFACD97-1B9C-4F5A-80F2-05593604799E
4C1A549B-080F-4522-9CA7-67BB5A0845CA,24380E3F-AD9D-4E38-BF13-C8EEB21893E7
4C1A549B-080F-4522-9CA7-67BB5A0845CA,5F723BAD-7359-48FC-98FA-631592256E35
4C1A549B-080F-4522-9CA7-67BB5A0845CA,7CE6E935-F839-4FEC-A63E-052B1DEF39D2
4C1A549B-080F-4522-9CA7-67BB5A0845CA,8386EEAF-985F-4DE8-9037-CCF91975AC94
4C1A549B-080F-4522-9CA7-67BB5A0845CA,A59947B7-3376-49B4-AD02-C0423E08C5F7
4C1A549B-080F-4522-9CA7-67BB5A0845CA,AE42B46C-E4B7-4889-A122-08FE180371AE
4C1A549B-080F-4522-9CA7-67BB5A0845CA,B12FAAB9-713F-4B38-83E4-A273F5A43C77
4C1A549B-080F-4522-9CA7-67BB5A0845CA,B33DC9B6-0B7D-4322-BAD7-A13A34C584A3
4C1A549B-080F-4522-9CA7-67BB5A0845CA,BA316D0F-92AE-4E00-8C80-DBD605DC58C3
4C1A549B-080F-4522-9CA7-67BB5A0845CA,BFF8C027-7C8F-480B-A5F8-CD8CE490BFBA
4C1A549B-080F-4522-9CA7-67BB5A0845CA,C8F98B28-3C10-41AE-AA99-092B3B398C43
4C1A549B-080F-4522-9CA7-67BB5A0845CA,DF4A35E0-7983-4A3E-BC47-F37B872B0F25
4C1A549B-080F-4522-9CA7-67BB5A0845CA,F9B1D433-6B86-4804-AED7-B50A519A3B7C
4DC6F018-E87E-46AE-8F05-BA30D3B82FF9,0C0D142F-06B5-4BE1-8B44-491B90F93DEB
4DC6F018-E87E-46AE-8F05-BA30D3B82FF9,4D224BCA-C127-408B-AC75-A51563C42411
4DC6F018-E87E-46AE-8F05-BA30D3B82FF9,B33DC9B6-0B7D-4322-BAD7-A13A34C584A3
4DC6F018-E87E-46AE-8F05-BA30D3B82FF9,BFF8C027-7C8F-480B-A5F8-CD8CE490BFBA
4E072F12-3E85-4219-B456-A8F04C688879,0307955A-B65C-4CE4-A780-EB36BAAADF0B
4E072F12-3E85-4219-B456-A8F04C688879,5F723BAD-7359-48FC-98FA-631592256E35
4E072F12-3E85-4219-B456-A8F04C688879,B33DC9B6-0B7D-4322-BAD7-A13A34C584A3
4E072F12-3E85-4219-B456-A8F04C688879,BFF8C027-7C8F-480B-A5F8-CD8CE490BFBA
4E072F12-3E85-4219-B456-A8F04C688879,C8F98B28-3C10-41AE-AA99-092B3B398C43
4E072F12-3E85-4219-B456-A8F04C688879,DF4A35E0-7983-4A3E-BC47-F37B872B0F25
4E169088-14AC-41DB-A6B2-BB3925B1CF0A,09DF0950-D319-4557-A57E-04CD2F63FF42
4E169088-14AC-41DB-A6B2-BB3925B1CF0A,0C0D142F-06B5-4BE1-8B44-491B90F93DEB
4E169088-14AC-41DB-A6B2-BB3925B1CF0A,42FD78B9-2B90-4AA9-BC43-F10E9FEA8B5A
4E169088-14AC-41DB-A6B2-BB3925B1CF0A,B204DE60-5A24-43DD-8902-C81625A09A74
4E169088-14AC-41DB-A6B2-BB3925B1CF0A,B33DC9B6-0B7D-4322-BAD7-A13A34C584A3
4E169088-14AC-41DB-A6B2-BB3925B1CF0A,C8F98B28-3C10-41AE-AA99-092B3B398C43
4E169088-14AC-41DB-A6B2-BB3925B1CF0A,DF4A35E0-7983-4A3E-BC47-F37B872B0F25
4E7F8D4B-68EC-4A1B-BB71-0A295EB08557,0B685688-3405-4E2A-ABBA-E3069492EC50
4E7F8D4B-68EC-4A1B-BB71-0A295EB08557,0C0D142F-06B5-4BE1-8B44-491B90F93DEB
4E7F8D4B-68EC-4A1B-BB71-0A295EB08557,13A57703-BB1A-41A2-94B8-53B692EB7238
4E7F8D4B-68EC-4A1B-BB71-0A295EB08557,1DFACD97-1B9C-4F5A-80F2-05593604799E
4E7F8D4B-68EC-4A1B-BB71-0A295EB08557,24380E3F-AD9D-4E38-BF13-C8EEB21893E7
4E7F8D4B-68EC-4A1B-BB71-0A295EB08557,B33DC9B6-0B7D-4322-BAD7-A13A34C584A3
4E7F8D4B-68EC-4A1B-BB71-0A295EB08557,BFF8C027-7C8F-480B-A5F8-CD8CE490BFBA
4E7F8D4B-68EC-4A1B-BB71-0A295EB08557,C8F98B28-3C10-41AE-AA99-092B3B398C43
4E7F8D4B-68EC-4A1B-BB71-0A295EB08557,DF4A35E0-7983-4A3E-BC47-F37B872B0F25
5216C131-B847-4A97-ACF1-4864714007FF,09DF0950-D319-4557-A57E-04CD2F63FF42
5216C131-B847-4A97-ACF1-4864714007FF,B33DC9B6-0B7D-4322-BAD7-A13A34C584A3
52430E36-3361-4BB8-BE6F-0F2834E50CB3,0C0D142F-06B5-4BE1-8B44-491B90F93DEB
52430E36-3361-4BB8-BE6F-0F2834E50CB3,24380E3F-AD9D-4E38-BF13-C8EEB21893E7
52430E36-3361-4BB8-BE6F-0F2834E50CB3,7CE6E935-F839-4FEC-A63E-052B1DEF39D2
52430E36-3361-4BB8-BE6F-0F2834E50CB3,B204DE60-5A24-43DD-8902-C81625A09A74
52430E36-3361-4BB8-BE6F-0F2834E50CB3,B33DC9B6-0B7D-4322-BAD7-A13A34C584A3
52430E36-3361-4BB8-BE6F-0F2834E50CB3,BFF8C027-7C8F-480B-A5F8-CD8CE490BFBA
52430E36-3361-4BB8-BE6F-0F2834E50CB3,C8F98B28-3C10-41AE-AA99-092B3B398C43
52430E36-3361-4BB8-BE6F-0F2834E50CB3,DF4A35E0-7983-4A3E-BC47-F37B872B0F25
52911672-4464-4569-984C-DC6DE1EE208F,0C0D142F-06B5-4BE1-8B44-491B90F93DEB
52911672-4464-4569-984C-DC6DE1EE208F,13A57703-BB1A-41A2-94B8-53B692EB7238
52911672-4464-4569-984C-DC6DE1EE208F,24380E3F-AD9D-4E38-BF13-C8EEB21893E7
52911672-4464-4569-984C-DC6DE1EE208F,B33DC9B6-0B7D-4322-BAD7-A13A34C584A3
52911672-4464-4569-984C-DC6DE1EE208F,C8F98B28-3C10-41AE-AA99-092B3B398C43
52911672-4464-4569-984C-DC6DE1EE208F,DF4A35E0-7983-4A3E-BC47-F37B872B0F25
53C5C818-EB7C-4FEB-B94F-892588205D64,24380E3F-AD9D-4E38-BF13-C8EEB21893E7
53C5C818-EB7C-4FEB-B94F-892588205D64,AE42B46C-E4B7-4889-A122-08FE180371AE
53C5C818-EB7C-4FEB-B94F-892588205D64,B204DE60-5A24-43DD-8902-C81625A09A74
53C5C818-EB7C-4FEB-B94F-892588205D64,B33DC9B6-0B7D-4322-BAD7-A13A34C584A3
53C5C818-EB7C-4FEB-B94F-892588205D64,C8F98B28-3C10-41AE-AA99-092B3B398C43
542D7CC3-B948-4891-9811-829661F30686,09DF0950-D319-4557-A57E-04CD2F63FF42
542D7CC3-B948-4891-9811-829661F30686,1DFACD97-1B9C-4F5A-80F2-05593604799E
542D7CC3-B948-4891-9811-829661F30686,24380E3F-AD9D-4E38-BF13-C8EEB21893E7
542D7CC3-B948-4891-9811-829661F30686,4D224BCA-C127-408B-AC75-A51563C42411
542D7CC3-B948-4891-9811-829661F30686,AE42B46C-E4B7-4889-A122-08FE180371AE
542D7CC3-B948-4891-9811-829661F30686,B33DC9B6-0B7D-4322-BAD7-A13A34C584A3
542D7CC3-B948-4891-9811-829661F30686,BFF8C027-7C8F-480B-A5F8-CD8CE490BFBA
542D7CC3-B948-4891-9811-829661F30686,DF4A35E0-7983-4A3E-BC47-F37B872B0F25
54DC5EA0-2635-4154-BBD0-AF0F38D76933,0C0D142F-06B5-4BE1-8B44-491B90F93DEB
54DC5EA0-2635-4154-BBD0-AF0F38D76933,24380E3F-AD9D-4E38-BF13-C8EEB21893E7
54DC5EA0-2635-4154-BBD0-AF0F38D76933,B33DC9B6-0B7D-4322-BAD7-A13A34C584A3
54DC5EA0-2635-4154-BBD0-AF0F38D76933,C8F98B28-3C10-41AE-AA99-092B3B398C43
54DC5EA0-2635-4154-BBD0-AF0F38D76933,DF4A35E0-7983-4A3E-BC47-F37B872B0F25
5536A389-5457-4E3F-84E2-D67861BB34D9,0B685688-3405-4E2A-ABBA-E3069492EC50
5536A389-5457-4E3F-84E2-D67861BB34D9,1DFACD97-1B9C-4F5A-80F2-05593604799E
5536A389-5457-4E3F-84E2-D67861BB34D9,24380E3F-AD9D-4E38-BF13-C8EEB21893E7
5536A389-5457-4E3F-84E2-D67861BB34D9,42FD78B9-2B90-4AA9-BC43-F10E9FEA8B5A
5536A389-5457-4E3F-84E2-D67861BB34D9,7CE6E935-F839-4FEC-A63E-052B1DEF39D2
5536A389-5457-4E3F-84E2-D67861BB34D9,B33DC9B6-0B7D-4322-BAD7-A13A34C584A3
5536A389-5457-4E3F-84E2-D67861BB34D9,BFF8C027-7C8F-480B-A5F8-CD8CE490BFBA
5536A389-5457-4E3F-84E2-D67861BB34D9,C8F98B28-3C10-41AE-AA99-092B3B398C43
5536A389-5457-4E3F-84E2-D67861BB34D9,DF4A35E0-7983-4A3E-BC47-F37B872B0F25
5590468F-2446-4B46-A8C1-42505177C298,0C0D142F-06B5-4BE1-8B44-491B90F93DEB
5590468F-2446-4B46-A8C1-42505177C298,1DFACD97-1B9C-4F5A-80F2-05593604799E
5590468F-2446-4B46-A8C1-42505177C298,24380E3F-AD9D-4E38-BF13-C8EEB21893E7
5590468F-2446-4B46-A8C1-42505177C298,B33DC9B6-0B7D-4322-BAD7-A13A34C584A3
5590468F-2446-4B46-A8C1-42505177C298,C8F98B28-3C10-41AE-AA99-092B3B398C43
5590468F-2446-4B46-A8C1-42505177C298,DF4A35E0-7983-4A3E-BC47-F37B872B0F25
5595FC7A-F218-4439-8D2E-F47449838820,071BA73C-1D3C-46D4-A53C-00D5602F7F0E
5595FC7A-F218-4439-8D2E-F47449838820,0B685688-3405-4E2A-ABBA-E3069492EC50
5595FC7A-F218-4439-8D2E-F47449838820,0C0D142F-06B5-4BE1-8B44-491B90F93DEB
5595FC7A-F218-4439-8D2E-F47449838820,13A57703-BB1A-41A2-94B8-53B692EB7238
5595FC7A-F218-4439-8D2E-F47449838820,1DFACD97-1B9C-4F5A-80F2-05593604799E
5595FC7A-F218-4439-8D2E-F47449838820,24380E3F-AD9D-4E38-BF13-C8EEB21893E7
5595FC7A-F218-4439-8D2E-F47449838820,3EBF7EAC-68FC-4754-B6A4-0C38A1583D45
5595FC7A-F218-4439-8D2E-F47449838820,42CF4021-8524-428E-866A-D33097A4A764
5595FC7A-F218-4439-8D2E-F47449838820,4D224BCA-C127-408B-AC75-A51563C42411
5595FC7A-F218-4439-8D2E-F47449838820,587BB2D3-EC35-41B2-B3F7-A39E2B088AEE
5595FC7A-F218-4439-8D2E-F47449838820,A59947B7-3376-49B4-AD02-C0423E08C5F7
5595FC7A-F218-4439-8D2E-F47449838820,AE3C95F5-E05B-4A28-81DD-1C5FD4BE88E2
5595FC7A-F218-4439-8D2E-F47449838820,AE42B46C-E4B7-4889-A122-08FE180371AE
5595FC7A-F218-4439-8D2E-F47449838820,B33DC9B6-0B7D-4322-BAD7-A13A34C584A3
5595FC7A-F218-4439-8D2E-F47449838820,BFF8C027-7C8F-480B-A5F8-CD8CE490BFBA
5595FC7A-F218-4439-8D2E-F47449838820,C11D3746-5063-4BD0-B245-7178D1AD866C
5595FC7A-F218-4439-8D2E-F47449838820,C8F98B28-3C10-41AE-AA99-092B3B398C43
5595FC7A-F218-4439-8D2E-F47449838820,DF4A35E0-7983-4A3E-BC47-F37B872B0F25
55ABA58B-B19E-4851-BDE1-1C0712B2BE2C,09DF0950-D319-4557-A57E-04CD2F63FF42
55ABA58B-B19E-4851-BDE1-1C0712B2BE2C,1DFACD97-1B9C-4F5A-80F2-05593604799E
55ABA58B-B19E-4851-BDE1-1C0712B2BE2C,B33DC9B6-0B7D-4322-BAD7-A13A34C584A3
55ABA58B-B19E-4851-BDE1-1C0712B2BE2C,DF4A35E0-7983-4A3E-BC47-F37B872B0F25
56A5A3B1-4F49-4517-86B8-AE2F272D0C42,09DF0950-D319-4557-A57E-04CD2F63FF42
56A5A3B1-4F49-4517-86B8-AE2F272D0C42,0C0D142F-06B5-4BE1-8B44-491B90F93DEB
56A5A3B1-4F49-4517-86B8-AE2F272D0C42,1DFACD97-1B9C-4F5A-80F2-05593604799E
56A5A3B1-4F49-4517-86B8-AE2F272D0C42,24380E3F-AD9D-4E38-BF13-C8EEB21893E7
56A5A3B1-4F49-4517-86B8-AE2F272D0C42,42FD78B9-2B90-4AA9-BC43-F10E9FEA8B5A
56A5A3B1-4F49-4517-86B8-AE2F272D0C42,B33DC9B6-0B7D-4322-BAD7-A13A34C584A3
56A5A3B1-4F49-4517-86B8-AE2F272D0C42,C8F98B28-3C10-41AE-AA99-092B3B398C43
56A5A3B1-4F49-4517-86B8-AE2F272D0C42,DF4A35E0-7983-4A3E-BC47-F37B872B0F25
57B2D95A-6D3E-49D6-BF73-623D6BD33D06,0B685688-3405-4E2A-ABBA-E3069492EC50
57B2D95A-6D3E-49D6-BF73-623D6BD33D06,4D224BCA-C127-408B-AC75-A51563C42411
57B2D95A-6D3E-49D6-BF73-623D6BD33D06,DF4A35E0-7983-4A3E-BC47-F37B872B0F25
57CCF213-6285-408F-AD58-CC2DB9D5B6C1,0B685688-3405-4E2A-ABBA-E3069492EC50
57CCF213-6285-408F-AD58-CC2DB9D5B6C1,24380E3F-AD9D-4E38-BF13-C8EEB21893E7
57CCF213-6285-408F-AD58-CC2DB9D5B6C1,BFF8C027-7C8F-480B-A5F8-CD8CE490BFBA
57CCF213-6285-408F-AD58-CC2DB9D5B6C1,C8F98B28-3C10-41AE-AA99-092B3B398C43
57CCF213-6285-408F-AD58-CC2DB9D5B6C1,DF4A35E0-7983-4A3E-BC47-F37B872B0F25
5837B4BA-86B4-4162-803C-E9DF325D5FC6,B33DC9B6-0B7D-4322-BAD7-A13A34C584A3
5837B4BA-86B4-4162-803C-E9DF325D5FC6,DF4A35E0-7983-4A3E-BC47-F37B872B0F25
58BCDB2B-5A91-4892-8470-76D802313884,0307955A-B65C-4CE4-A780-EB36BAAADF0B
58BCDB2B-5A91-4892-8470-76D802313884,0B685688-3405-4E2A-ABBA-E3069492EC50
58BCDB2B-5A91-4892-8470-76D802313884,0C0D142F-06B5-4BE1-8B44-491B90F93DEB
58BCDB2B-5A91-4892-8470-76D802313884,24380E3F-AD9D-4E38-BF13-C8EEB21893E7
58BCDB2B-5A91-4892-8470-76D802313884,7CE6E935-F839-4FEC-A63E-052B1DEF39D2
58BCDB2B-5A91-4892-8470-76D802313884,B204DE60-5A24-43DD-8902-C81625A09A74
58BCDB2B-5A91-4892-8470-76D802313884,B33DC9B6-0B7D-4322-BAD7-A13A34C584A3
58BCDB2B-5A91-4892-8470-76D802313884,BFF8C027-7C8F-480B-A5F8-CD8CE490BFBA
58BCDB2B-5A91-4892-8470-76D802313884,C8F98B28-3C10-41AE-AA99-092B3B398C43
58BCDB2B-5A91-4892-8470-76D802313884,DF4A35E0-7983-4A3E-BC47-F37B872B0F25
59636FCE-DE81-4D98-890C-585BD48F9AD0,09DF0950-D319-4557-A57E-04CD2F63FF42
59636FCE-DE81-4D98-890C-585BD48F9AD0,24380E3F-AD9D-4E38-BF13-C8EEB21893E7
59636FCE-DE81-4D98-890C-585BD48F9AD0,B33DC9B6-0B7D-4322-BAD7-A13A34C584A3
59636FCE-DE81-4D98-890C-585BD48F9AD0,C8F98B28-3C10-41AE-AA99-092B3B398C43
59636FCE-DE81-4D98-890C-585BD48F9AD0,DF4A35E0-7983-4A3E-BC47-F37B872B0F25
59E30CB1-C2C3-4444-BCA9-29B0FE16DCCD,09DF0950-D319-4557-A57E-04CD2F63FF42
59E30CB1-C2C3-4444-BCA9-29B0FE16DCCD,0B685688-3405-4E2A-ABBA-E3069492EC50
59E30CB1-C2C3-4444-BCA9-29B0FE16DCCD,0C0D142F-06B5-4BE1-8B44-491B90F93DEB
59E30CB1-C2C3-4444-BCA9-29B0FE16DCCD,13A57703-BB1A-41A2-94B8-53B692EB7238
59E30CB1-C2C3-4444-BCA9-29B0FE16DCCD,1DFACD97-1B9C-4F5A-80F2-05593604799E
59E30CB1-C2C3-4444-BCA9-29B0FE16DCCD,24380E3F-AD9D-4E38-BF13-C8EEB21893E7
59E30CB1-C2C3-4444-BCA9-29B0FE16DCCD,B204DE60-5A24-43DD-8902-C81625A09A74
59E30CB1-C2C3-4444-BCA9-29B0FE16DCCD,B33DC9B6-0B7D-4322-BAD7-A13A34C584A3
59E30CB1-C2C3-4444-BCA9-29B0FE16DCCD,BFF8C027-7C8F-480B-A5F8-CD8CE490BFBA
59E30CB1-C2C3-4444-BCA9-29B0FE16DCCD,C11D3746-5063-4BD0-B245-7178D1AD866C
59E30CB1-C2C3-4444-BCA9-29B0FE16DCCD,C8F98B28-3C10-41AE-AA99-092B3B398C43
59E30CB1-C2C3-4444-BCA9-29B0FE16DCCD,DF4A35E0-7983-4A3E-BC47-F37B872B0F25
5A4DD23B-8B4F-4212-957E-C59FE4165457,0C0D142F-06B5-4BE1-8B44-491B90F93DEB
5A4DD23B-8B4F-4212-957E-C59FE4165457,13A57703-BB1A-41A2-94B8-53B692EB7238
5A4DD23B-8B4F-4212-957E-C59FE4165457,24380E3F-AD9D-4E38-BF13-C8EEB21893E7
5A4DD23B-8B4F-4212-957E-C59FE4165457,A59947B7-3376-49B4-AD02-C0423E08C5F7
5A4DD23B-8B4F-4212-957E-C59FE4165457,BFF8C027-7C8F-480B-A5F8-CD8CE490BFBA
5A4DD23B-8B4F-4212-957E-C59FE4165457,DF4A35E0-7983-4A3E-BC47-F37B872B0F25
5AAB8CB5-2F62-4BD7-82D1-E19963FA94C1,0C0D142F-06B5-4BE1-8B44-491B90F93DEB
5AAB8CB5-2F62-4BD7-82D1-E19963FA94C1,B33DC9B6-0B7D-4322-BAD7-A13A34C584A3
5AAB8CB5-2F62-4BD7-82D1-E19963FA94C1,C8F98B28-3C10-41AE-AA99-092B3B398C43
5AD68231-8681-43F6-89B1-08E5AA4C7FE6,0307955A-B65C-4CE4-A780-EB36BAAADF0B
5AD68231-8681-43F6-89B1-08E5AA4C7FE6,0B685688-3405-4E2A-ABBA-E3069492EC50
5AD68231-8681-43F6-89B1-08E5AA4C7FE6,24380E3F-AD9D-4E38-BF13-C8EEB21893E7
5AD68231-8681-43F6-89B1-08E5AA4C7FE6,BFF8C027-7C8F-480B-A5F8-CD8CE490BFBA
5AD68231-8681-43F6-89B1-08E5AA4C7FE6,DF4A35E0-7983-4A3E-BC47-F37B872B0F25
5B1021C9-5F48-4747-B0E4-6F508FDF96AE,071BA73C-1D3C-46D4-A53C-00D5602F7F0E
5B1021C9-5F48-4747-B0E4-6F508FDF96AE,0B685688-3405-4E2A-ABBA-E3069492EC50
5B1021C9-5F48-4747-B0E4-6F508FDF96AE,13A57703-BB1A-41A2-94B8-53B692EB7238
5B1021C9-5F48-4747-B0E4-6F508FDF96AE,1DFACD97-1B9C-4F5A-80F2-05593604799E
5B1021C9-5F48-4747-B0E4-6F508FDF96AE,4D06CEED-90C6-4B69-B264-32CC90B69BA6
5B1021C9-5F48-4747-B0E4-6F508FDF96AE,4D224BCA-C127-408B-AC75-A51563C42411
5B1021C9-5F48-4747-B0E4-6F508FDF96AE,7CE6E935-F839-4FEC-A63E-052B1DEF39D2
5B1021C9-5F48-4747-B0E4-6F508FDF96AE,8386EEAF-985F-4DE8-9037-CCF91975AC94
5B1021C9-5F48-4747-B0E4-6F508FDF96AE,A59947B7-3376-49B4-AD02-C0423E08C5F7
5B1021C9-5F48-4747-B0E4-6F508FDF96AE,AE42B46C-E4B7-4889-A122-08FE180371AE
5B1021C9-5F48-4747-B0E4-6F508FDF96AE,B33DC9B6-0B7D-4322-BAD7-A13A34C584A3
5B1021C9-5F48-4747-B0E4-6F508FDF96AE,BFF8C027-7C8F-480B-A5F8-CD8CE490BFBA
5C51E54A-BCDA-4186-96C3-1B896C3CDFCB,09DF0950-D319-4557-A57E-04CD2F63FF42
5C51E54A-BCDA-4186-96C3-1B896C3CDFCB,0C0D142F-06B5-4BE1-8B44-491B90F93DEB
5C51E54A-BCDA-4186-96C3-1B896C3CDFCB,B33DC9B6-0B7D-4322-BAD7-A13A34C584A3
5C51E54A-BCDA-4186-96C3-1B896C3CDFCB,C8F98B28-3C10-41AE-AA99-092B3B398C43
5C51E54A-BCDA-4186-96C3-1B896C3CDFCB,DF4A35E0-7983-4A3E-BC47-F37B872B0F25
5CB26B91-B888-46E0-95E1-0683A63C45B0,071BA73C-1D3C-46D4-A53C-00D5602F7F0E
5CB26B91-B888-46E0-95E1-0683A63C45B0,0B685688-3405-4E2A-ABBA-E3069492EC50
5CB26B91-B888-46E0-95E1-0683A63C45B0,0C0D142F-06B5-4BE1-8B44-491B90F93DEB
5CB26B91-B888-46E0-95E1-0683A63C45B0,42FD78B9-2B90-4AA9-BC43-F10E9FEA8B5A
5CB26B91-B888-46E0-95E1-0683A63C45B0,4D06CEED-90C6-4B69-B264-32CC90B69BA6
5CB26B91-B888-46E0-95E1-0683A63C45B0,4D224BCA-C127-408B-AC75-A51563C42411
5CB26B91-B888-46E0-95E1-0683A63C45B0,8386EEAF-985F-4DE8-9037-CCF91975AC94
5CB26B91-B888-46E0-95E1-0683A63C45B0,A59947B7-3376-49B4-AD02-C0423E08C5F7
5CB26B91-B888-46E0-95E1-0683A63C45B0,AE42B46C-E4B7-4889-A122-08FE180371AE
5CB26B91-B888-46E0-95E1-0683A63C45B0,BFF8C027-7C8F-480B-A5F8-CD8CE490BFBA
5CB26B91-B888-46E0-95E1-0683A63C45B0,DF4A35E0-7983-4A3E-BC47-F37B872B0F25
5D443C5F-19A0-4A06-9CE4-30534A3DD81A,01D717BC-18BB-4FE4-95BA-6B13AD702038
5D443C5F-19A0-4A06-9CE4-30534A3DD81A,071BA73C-1D3C-46D4-A53C-00D5602F7F0E
5D443C5F-19A0-4A06-9CE4-30534A3DD81A,0B685688-3405-4E2A-ABBA-E3069492EC50
5D443C5F-19A0-4A06-9CE4-30534A3DD81A,24380E3F-AD9D-4E38-BF13-C8EEB21893E7
5D443C5F-19A0-4A06-9CE4-30534A3DD81A,5F723BAD-7359-48FC-98FA-631592256E35
5D443C5F-19A0-4A06-9CE4-30534A3DD81A,7CE6E935-F839-4FEC-A63E-052B1DEF39D2
5D443C5F-19A0-4A06-9CE4-30534A3DD81A,AE42B46C-E4B7-4889-A122-08FE180371AE
5D443C5F-19A0-4A06-9CE4-30534A3DD81A,B204DE60-5A24-43DD-8902-C81625A09A74
5D443C5F-19A0-4A06-9CE4-30534A3DD81A,B33DC9B6-0B7D-4322-BAD7-A13A34C584A3
5D443C5F-19A0-4A06-9CE4-30534A3DD81A,BFF8C027-7C8F-480B-A5F8-CD8CE490BFBA
5D443C5F-19A0-4A06-9CE4-30534A3DD81A,C8F98B28-3C10-41AE-AA99-092B3B398C43
5D443C5F-19A0-4A06-9CE4-30534A3DD81A,DF4A35E0-7983-4A3E-BC47-F37B872B0F25
5D4AA834-B601-44A8-B786-FF3306BA8A39,09DF0950-D319-4557-A57E-04CD2F63FF42
5D4AA834-B601-44A8-B786-FF3306BA8A39,0B685688-3405-4E2A-ABBA-E3069492EC50
5D4AA834-B601-44A8-B786-FF3306BA8A39,0C0D142F-06B5-4BE1-8B44-491B90F93DEB
5D4AA834-B601-44A8-B786-FF3306BA8A39,1DFACD97-1B9C-4F5A-80F2-05593604799E
5D4AA834-B601-44A8-B786-FF3306BA8A39,24380E3F-AD9D-4E38-BF13-C8EEB21893E7
5D4AA834-B601-44A8-B786-FF3306BA8A39,7779241F-A70B-49BC-86F0-829AE332C708
5D4AA834-B601-44A8-B786-FF3306BA8A39,A59947B7-3376-49B4-AD02-C0423E08C5F7
5D4AA834-B601-44A8-B786-FF3306BA8A39,B12FAAB9-713F-4B38-83E4-A273F5A43C77
5D4AA834-B601-44A8-B786-FF3306BA8A39,B33DC9B6-0B7D-4322-BAD7-A13A34C584A3
5D4AA834-B601-44A8-B786-FF3306BA8A39,BFF8C027-7C8F-480B-A5F8-CD8CE490BFBA
5D4AA834-B601-44A8-B786-FF3306BA8A39,C8F98B28-3C10-41AE-AA99-092B3B398C43
5D4AA834-B601-44A8-B786-FF3306BA8A39,DF4A35E0-7983-4A3E-BC47-F37B872B0F25
5DE19B04-85AD-4C3A-93BF-A0D484B1AD91,0C0D142F-06B5-4BE1-8B44-491B90F93DEB
5DE19B04-85AD-4C3A-93BF-A0D484B1AD91,24380E3F-AD9D-4E38-BF13-C8EEB21893E7
5DE19B04-85AD-4C3A-93BF-A0D484B1AD91,B33DC9B6-0B7D-4322-BAD7-A13A34C584A3
5DE19B04-85AD-4C3A-93BF-A0D484B1AD91,C8F98B28-3C10-41AE-AA99-092B3B398C43
5DE19B04-85AD-4C3A-93BF-A0D484B1AD91,DF4A35E0-7983-4A3E-BC47-F37B872B0F25
5EA02193-276A-4037-B7DB-5765A56935FD,071BA73C-1D3C-46D4-A53C-00D5602F7F0E
5EA02193-276A-4037-B7DB-5765A56935FD,0B685688-3405-4E2A-ABBA-E3069492EC50
5EA02193-276A-4037-B7DB-5765A56935FD,0C0D142F-06B5-4BE1-8B44-491B90F93DEB
5EA02193-276A-4037-B7DB-5765A56935FD,13A57703-BB1A-41A2-94B8-53B692EB7238
5EA02193-276A-4037-B7DB-5765A56935FD,1DFACD97-1B9C-4F5A-80F2-05593604799E
5EA02193-276A-4037-B7DB-5765A56935FD,24380E3F-AD9D-4E38-BF13-C8EEB21893E7
5EA02193-276A-4037-B7DB-5765A56935FD,42FD78B9-2B90-4AA9-BC43-F10E9FEA8B5A
5EA02193-276A-4037-B7DB-5765A56935FD,4D224BCA-C127-408B-AC75-A51563C42411
5EA02193-276A-4037-B7DB-5765A56935FD,5F723BAD-7359-48FC-98FA-631592256E35
5EA02193-276A-4037-B7DB-5765A56935FD,7CE6E935-F839-4FEC-A63E-052B1DEF39D2
5EA02193-276A-4037-B7DB-5765A56935FD,A59947B7-3376-49B4-AD02-C0423E08C5F7
5EA02193-276A-4037-B7DB-5765A56935FD,AE42B46C-E4B7-4889-A122-08FE180371AE
5EA02193-276A-4037-B7DB-5765A56935FD,B33DC9B6-0B7D-4322-BAD7-A13A34C584A3
5EA02193-276A-4037-B7DB-5765A56935FD,BFF8C027-7C8F-480B-A5F8-CD8CE490BFBA
5EA02193-276A-4037-B7DB-5765A56935FD,C11D3746-5063-4BD0-B245-7178D1AD866C
5EA02193-276A-4037-B7DB-5765A56935FD,C8F98B28-3C10-41AE-AA99-092B3B398C43
5EA02193-276A-4037-B7DB-5765A56935FD,DF4A35E0-7983-4A3E-BC47-F37B872B0F25
5F76F85B-23F4-4616-AA0B-A26E8DE76593,01D717BC-18BB-4FE4-95BA-6B13AD702038
5F76F85B-23F4-4616-AA0B-A26E8DE76593,071BA73C-1D3C-46D4-A53C-00D5602F7F0E
5F76F85B-23F4-4616-AA0B-A26E8DE76593,0B685688-3405-4E2A-ABBA-E3069492EC50
5F76F85B-23F4-4616-AA0B-A26E8DE76593,13A57703-BB1A-41A2-94B8-53B692EB7238
5F76F85B-23F4-4616-AA0B-A26E8DE76593,24380E3F-AD9D-4E38-BF13-C8EEB21893E7
5F76F85B-23F4-4616-AA0B-A26E8DE76593,4D224BCA-C127-408B-AC75-A51563C42411
5F76F85B-23F4-4616-AA0B-A26E8DE76593,7CE6E935-F839-4FEC-A63E-052B1DEF39D2
5F76F85B-23F4-4616-AA0B-A26E8DE76593,8386EEAF-985F-4DE8-9037-CCF91975AC94
5F76F85B-23F4-4616-AA0B-A26E8DE76593,A59947B7-3376-49B4-AD02-C0423E08C5F7
5F76F85B-23F4-4616-AA0B-A26E8DE76593,AE42B46C-E4B7-4889-A122-08FE180371AE
5F76F85B-23F4-4616-AA0B-A26E8DE76593,B12FAAB9-713F-4B38-83E4-A273F5A43C77
5F76F85B-23F4-4616-AA0B-A26E8DE76593,B33DC9B6-0B7D-4322-BAD7-A13A34C584A3
5F76F85B-23F4-4616-AA0B-A26E8DE76593,BFF8C027-7C8F-480B-A5F8-CD8CE490BFBA
5F76F85B-23F4-4616-AA0B-A26E8DE76593,C11D3746-5063-4BD0-B245-7178D1AD866C
5F76F85B-23F4-4616-AA0B-A26E8DE76593,C38B3C62-1BBF-4EA1-A1A2-35DE21B74C17
5F76F85B-23F4-4616-AA0B-A26E8DE76593,D72206E4-6CD1-4441-A355-F8F1827466B1
5F76F85B-23F4-4616-AA0B-A26E8DE76593,DF4A35E0-7983-4A3E-BC47-F37B872B0F25
5F76F85B-23F4-4616-AA0B-A26E8DE76593,F9B1D433-6B86-4804-AED7-B50A519A3B7C
5FD56750-4A13-4615-B987-793AC356B320,09DF0950-D319-4557-A57E-04CD2F63FF42
5FD56750-4A13-4615-B987-793AC356B320,0B685688-3405-4E2A-ABBA-E3069492EC50
5FD56750-4A13-4615-B987-793AC356B320,1DFACD97-1B9C-4F5A-80F2-05593604799E
5FD56750-4A13-4615-B987-793AC356B320,24380E3F-AD9D-4E38-BF13-C8EEB21893E7
5FD56750-4A13-4615-B987-793AC356B320,42FD78B9-2B90-4AA9-BC43-F10E9FEA8B5A
5FD56750-4A13-4615-B987-793AC356B320,B204DE60-5A24-43DD-8902-C81625A09A74
5FD56750-4A13-4615-B987-793AC356B320,B33DC9B6-0B7D-4322-BAD7-A13A34C584A3
5FD56750-4A13-4615-B987-793AC356B320,BFF8C027-7C8F-480B-A5F8-CD8CE490BFBA
5FD56750-4A13-4615-B987-793AC356B320,C8F98B28-3C10-41AE-AA99-092B3B398C43
5FD56750-4A13-4615-B987-793AC356B320,DF4A35E0-7983-4A3E-BC47-F37B872B0F25
60B1534B-5C3A-402A-ABC6-700B756F69A2,0C0D142F-06B5-4BE1-8B44-491B90F93DEB
60B1534B-5C3A-402A-ABC6-700B756F69A2,24380E3F-AD9D-4E38-BF13-C8EEB21893E7
60B1534B-5C3A-402A-ABC6-700B756F69A2,B204DE60-5A24-43DD-8902-C81625A09A74
60B1534B-5C3A-402A-ABC6-700B756F69A2,B33DC9B6-0B7D-4322-BAD7-A13A34C584A3
60B1534B-5C3A-402A-ABC6-700B756F69A2,C8F98B28-3C10-41AE-AA99-092B3B398C43
60B1534B-5C3A-402A-ABC6-700B756F69A2,DF4A35E0-7983-4A3E-BC47-F37B872B0F25
617A3B73-D7CD-449D-8E27-41DE3BF149A6,09DF0950-D319-4557-A57E-04CD2F63FF42
617A3B73-D7CD-449D-8E27-41DE3BF149A6,0C0D142F-06B5-4BE1-8B44-491B90F93DEB
617A3B73-D7CD-449D-8E27-41DE3BF149A6,24380E3F-AD9D-4E38-BF13-C8EEB21893E7
617A3B73-D7CD-449D-8E27-41DE3BF149A6,4D224BCA-C127-408B-AC75-A51563C42411
617A3B73-D7CD-449D-8E27-41DE3BF149A6,AE42B46C-E4B7-4889-A122-08FE180371AE
617A3B73-D7CD-449D-8E27-41DE3BF149A6,B204DE60-5A24-43DD-8902-C81625A09A74
617A3B73-D7CD-449D-8E27-41DE3BF149A6,B33DC9B6-0B7D-4322-BAD7-A13A34C584A3
617A3B73-D7CD-449D-8E27-41DE3BF149A6,C8F98B28-3C10-41AE-AA99-092B3B398C43
617A3B73-D7CD-449D-8E27-41DE3BF149A6,DF4A35E0-7983-4A3E-BC47-F37B872B0F25
61EC5C9A-1A38-4040-AE38-E62FD2A9A836,0307955A-B65C-4CE4-A780-EB36BAAADF0B
61EC5C9A-1A38-4040-AE38-E62FD2A9A836,071BA73C-1D3C-46D4-A53C-00D5602F7F0E
61EC5C9A-1A38-4040-AE38-E62FD2A9A836,09DF0950-D319-4557-A57E-04CD2F63FF42
61EC5C9A-1A38-4040-AE38-E62FD2A9A836,0B685688-3405-4E2A-ABBA-E3069492EC50
61EC5C9A-1A38-4040-AE38-E62FD2A9A836,0C0D142F-06B5-4BE1-8B44-491B90F93DEB
61EC5C9A-1A38-4040-AE38-E62FD2A9A836,13A57703-BB1A-41A2-94B8-53B692EB7238
61EC5C9A-1A38-4040-AE38-E62FD2A9A836,1DFACD97-1B9C-4F5A-80F2-05593604799E
61EC5C9A-1A38-4040-AE38-E62FD2A9A836,24380E3F-AD9D-4E38-BF13-C8EEB21893E7
61EC5C9A-1A38-4040-AE38-E62FD2A9A836,4D06CEED-90C6-4B69-B264-32CC90B69BA6
61EC5C9A-1A38-4040-AE38-E62FD2A9A836,4D224BCA-C127-408B-AC75-A51563C42411
61EC5C9A-1A38-4040-AE38-E62FD2A9A836,587BB2D3-EC35-41B2-B3F7-A39E2B088AEE
61EC5C9A-1A38-4040-AE38-E62FD2A9A836,7CE6E935-F839-4FEC-A63E-052B1DEF39D2
61EC5C9A-1A38-4040-AE38-E62FD2A9A836,8386EEAF-985F-4DE8-9037-CCF91975AC94
61EC5C9A-1A38-4040-AE38-E62FD2A9A836,A59947B7-3376-49B4-AD02-C0423E08C5F7
61EC5C9A-1A38-4040-AE38-E62FD2A9A836,AE42B46C-E4B7-4889-A122-08FE180371AE
61EC5C9A-1A38-4040-AE38-E62FD2A9A836,B12FAAB9-713F-4B38-83E4-A273F5A43C77
61EC5C9A-1A38-4040-AE38-E62FD2A9A836,BFF8C027-7C8F-480B-A5F8-CD8CE490BFBA
61EC5C9A-1A38-4040-AE38-E62FD2A9A836,DF4A35E0-7983-4A3E-BC47-F37B872B0F25
622B7696-B7D8-41D8-A3C9-C82A60D0CD12,09DF0950-D319-4557-A57E-04CD2F63FF42
622B7696-B7D8-41D8-A3C9-C82A60D0CD12,8386EEAF-985F-4DE8-9037-CCF91975AC94
62389727-B407-49A8-8EE9-FE6A6491B395,B33DC9B6-0B7D-4322-BAD7-A13A34C584A3
6258CAD9-1932-4A40-8FA1-891C51978345,09DF0950-D319-4557-A57E-04CD2F63FF42
6258CAD9-1932-4A40-8FA1-891C51978345,0B685688-3405-4E2A-ABBA-E3069492EC50
6258CAD9-1932-4A40-8FA1-891C51978345,0C0D142F-06B5-4BE1-8B44-491B90F93DEB
6258CAD9-1932-4A40-8FA1-891C51978345,1DFACD97-1B9C-4F5A-80F2-05593604799E
6258CAD9-1932-4A40-8FA1-891C51978345,42FD78B9-2B90-4AA9-BC43-F10E9FEA8B5A
6258CAD9-1932-4A40-8FA1-891C51978345,8386EEAF-985F-4DE8-9037-CCF91975AC94
6258CAD9-1932-4A40-8FA1-891C51978345,AE42B46C-E4B7-4889-A122-08FE180371AE
6258CAD9-1932-4A40-8FA1-891C51978345,B33DC9B6-0B7D-4322-BAD7-A13A34C584A3
6258CAD9-1932-4A40-8FA1-891C51978345,BFF8C027-7C8F-480B-A5F8-CD8CE490BFBA
6258CAD9-1932-4A40-8FA1-891C51978345,C8F98B28-3C10-41AE-AA99-092B3B398C43
6258CAD9-1932-4A40-8FA1-891C51978345,DF4A35E0-7983-4A3E-BC47-F37B872B0F25
6278FE68-139E-4758-A6DE-9A0437F777B5,09DF0950-D319-4557-A57E-04CD2F63FF42
6278FE68-139E-4758-A6DE-9A0437F777B5,0C0D142F-06B5-4BE1-8B44-491B90F93DEB
6278FE68-139E-4758-A6DE-9A0437F777B5,1DFACD97-1B9C-4F5A-80F2-05593604799E
6278FE68-139E-4758-A6DE-9A0437F777B5,B204DE60-5A24-43DD-8902-C81625A09A74
6278FE68-139E-4758-A6DE-9A0437F777B5,B33DC9B6-0B7D-4322-BAD7-A13A34C584A3
6278FE68-139E-4758-A6DE-9A0437F777B5,BFF8C027-7C8F-480B-A5F8-CD8CE490BFBA
6278FE68-139E-4758-A6DE-9A0437F777B5,C8F98B28-3C10-41AE-AA99-092B3B398C43
6278FE68-139E-4758-A6DE-9A0437F777B5,DF4A35E0-7983-4A3E-BC47-F37B872B0F25
6282ABFA-00EF-413D-BE91-48D993A356F4,B33DC9B6-0B7D-4322-BAD7-A13A34C584A3
6282ABFA-00EF-413D-BE91-48D993A356F4,DF4A35E0-7983-4A3E-BC47-F37B872B0F25
632CA28B-F67C-4BDB-A209-42A8332EE6D0,09DF0950-D319-4557-A57E-04CD2F63FF42
632CA28B-F67C-4BDB-A209-42A8332EE6D0,0B685688-3405-4E2A-ABBA-E3069492EC50
632CA28B-F67C-4BDB-A209-42A8332EE6D0,1DFACD97-1B9C-4F5A-80F2-05593604799E
632CA28B-F67C-4BDB-A209-42A8332EE6D0,24380E3F-AD9D-4E38-BF13-C8EEB21893E7
632CA28B-F67C-4BDB-A209-42A8332EE6D0,3EBF7EAC-68FC-4754-B6A4-0C38A1583D45
632CA28B-F67C-4BDB-A209-42A8332EE6D0,AE42B46C-E4B7-4889-A122-08FE180371AE
632CA28B-F67C-4BDB-A209-42A8332EE6D0,B33DC9B6-0B7D-4322-BAD7-A13A34C584A3
632CA28B-F67C-4BDB-A209-42A8332EE6D0,BFF8C027-7C8F-480B-A5F8-CD8CE490BFBA
632CA28B-F67C-4BDB-A209-42A8332EE6D0,C8F98B28-3C10-41AE-AA99-092B3B398C43
632CA28B-F67C-4BDB-A209-42A8332EE6D0,DF4A35E0-7983-4A3E-BC47-F37B872B0F25
63A8DCC0-0A62-4164-BF0B-51F6369B9E8B,09DF0950-D319-4557-A57E-04CD2F63FF42
63A8DCC0-0A62-4164-BF0B-51F6369B9E8B,0B685688-3405-4E2A-ABBA-E3069492EC50
63A8DCC0-0A62-4164-BF0B-51F6369B9E8B,1DFACD97-1B9C-4F5A-80F2-05593604799E
63A8DCC0-0A62-4164-BF0B-51F6369B9E8B,24380E3F-AD9D-4E38-BF13-C8EEB21893E7
63A8DCC0-0A62-4164-BF0B-51F6369B9E8B,4D224BCA-C127-408B-AC75-A51563C42411
63A8DCC0-0A62-4164-BF0B-51F6369B9E8B,587BB2D3-EC35-41B2-B3F7-A39E2B088AEE
63A8DCC0-0A62-4164-BF0B-51F6369B9E8B,7CE6E935-F839-4FEC-A63E-052B1DEF39D2
63A8DCC0-0A62-4164-BF0B-51F6369B9E8B,8386EEAF-985F-4DE8-9037-CCF91975AC94
63A8DCC0-0A62-4164-BF0B-51F6369B9E8B,B204DE60-5A24-43DD-8902-C81625A09A74
63A8DCC0-0A62-4164-BF0B-51F6369B9E8B,B33DC9B6-0B7D-4322-BAD7-A13A34C584A3
63A8DCC0-0A62-4164-BF0B-51F6369B9E8B,BFF8C027-7C8F-480B-A5F8-CD8CE490BFBA
63A8DCC0-0A62-4164-BF0B-51F6369B9E8B,DF4A35E0-7983-4A3E-BC47-F37B872B0F25
649C339B-35AE-4A4D-96A5-B54E46BA8D71,BFF8C027-7C8F-480B-A5F8-CD8CE490BFBA
64B7871C-C058-45BA-BB7C-D3EAD50B23E8,0B685688-3405-4E2A-ABBA-E3069492EC50
64B7871C-C058-45BA-BB7C-D3EAD50B23E8,24380E3F-AD9D-4E38-BF13-C8EEB21893E7
64B7871C-C058-45BA-BB7C-D3EAD50B23E8,B33DC9B6-0B7D-4322-BAD7-A13A34C584A3
64B7871C-C058-45BA-BB7C-D3EAD50B23E8,BFF8C027-7C8F-480B-A5F8-CD8CE490BFBA
64B7871C-C058-45BA-BB7C-D3EAD50B23E8,C8F98B28-3C10-41AE-AA99-092B3B398C43
64B7871C-C058-45BA-BB7C-D3EAD50B23E8,DF4A35E0-7983-4A3E-BC47-F37B872B0F25
64B9F127-31ED-43C9-882D-D7CD471AF314,09DF0950-D319-4557-A57E-04CD2F63FF42
64B9F127-31ED-43C9-882D-D7CD471AF314,0B685688-3405-4E2A-ABBA-E3069492EC50
64B9F127-31ED-43C9-882D-D7CD471AF314,0C0D142F-06B5-4BE1-8B44-491B90F93DEB
64B9F127-31ED-43C9-882D-D7CD471AF314,13A57703-BB1A-41A2-94B8-53B692EB7238
64B9F127-31ED-43C9-882D-D7CD471AF314,1DFACD97-1B9C-4F5A-80F2-05593604799E
64B9F127-31ED-43C9-882D-D7CD471AF314,24380E3F-AD9D-4E38-BF13-C8EEB21893E7
64B9F127-31ED-43C9-882D-D7CD471AF314,B33DC9B6-0B7D-4322-BAD7-A13A34C584A3
64B9F127-31ED-43C9-882D-D7CD471AF314,BFF8C027-7C8F-480B-A5F8-CD8CE490BFBA
64B9F127-31ED-43C9-882D-D7CD471AF314,C8F98B28-3C10-41AE-AA99-092B3B398C43
64B9F127-31ED-43C9-882D-D7CD471AF314,DF4A35E0-7983-4A3E-BC47-F37B872B0F25
64FF65B7-0847-4495-9464-667CAFBF4D16,071BA73C-1D3C-46D4-A53C-00D5602F7F0E
64FF65B7-0847-4495-9464-667CAFBF4D16,1DFACD97-1B9C-4F5A-80F2-05593604799E
64FF65B7-0847-4495-9464-667CAFBF4D16,4D224BCA-C127-408B-AC75-A51563C42411
64FF65B7-0847-4495-9464-667CAFBF4D16,5F723BAD-7359-48FC-98FA-631592256E35
64FF65B7-0847-4495-9464-667CAFBF4D16,A59947B7-3376-49B4-AD02-C0423E08C5F7
64FF65B7-0847-4495-9464-667CAFBF4D16,AE42B46C-E4B7-4889-A122-08FE180371AE
64FF65B7-0847-4495-9464-667CAFBF4D16,BFF8C027-7C8F-480B-A5F8-CD8CE490BFBA
64FF65B7-0847-4495-9464-667CAFBF4D16,DF4A35E0-7983-4A3E-BC47-F37B872B0F25
6510001B-685D-4688-A963-4ECE7AB609DB,0307955A-B65C-4CE4-A780-EB36BAAADF0B
6510001B-685D-4688-A963-4ECE7AB609DB,0B685688-3405-4E2A-ABBA-E3069492EC50
6510001B-685D-4688-A963-4ECE7AB609DB,5F723BAD-7359-48FC-98FA-631592256E35
6510001B-685D-4688-A963-4ECE7AB609DB,A59947B7-3376-49B4-AD02-C0423E08C5F7
6510001B-685D-4688-A963-4ECE7AB609DB,B33DC9B6-0B7D-4322-BAD7-A13A34C584A3
6510001B-685D-4688-A963-4ECE7AB609DB,BFF8C027-7C8F-480B-A5F8-CD8CE490BFBA
6510001B-685D-4688-A963-4ECE7AB609DB,C8F98B28-3C10-41AE-AA99-092B3B398C43
6510001B-685D-4688-A963-4ECE7AB609DB,DF4A35E0-7983-4A3E-BC47-F37B872B0F25
658C035B-119B-4C6F-9720-67872AD6A8A5,B33DC9B6-0B7D-4322-BAD7-A13A34C584A3
65E0DF4A-4082-4B48-93BD-5021987CDD7A,071BA73C-1D3C-46D4-A53C-00D5602F7F0E
65E0DF4A-4082-4B48-93BD-5021987CDD7A,09DF0950-D319-4557-A57E-04CD2F63FF42
65E0DF4A-4082-4B48-93BD-5021987CDD7A,0B685688-3405-4E2A-ABBA-E3069492EC50
65E0DF4A-4082-4B48-93BD-5021987CDD7A,1DFACD97-1B9C-4F5A-80F2-05593604799E
65E0DF4A-4082-4B48-93BD-5021987CDD7A,4D224BCA-C127-408B-AC75-A51563C42411
65E0DF4A-4082-4B48-93BD-5021987CDD7A,A59947B7-3376-49B4-AD02-C0423E08C5F7
65E0DF4A-4082-4B48-93BD-5021987CDD7A,AE42B46C-E4B7-4889-A122-08FE180371AE
65E0DF4A-4082-4B48-93BD-5021987CDD7A,B204DE60-5A24-43DD-8902-C81625A09A74
65E0DF4A-4082-4B48-93BD-5021987CDD7A,B33DC9B6-0B7D-4322-BAD7-A13A34C584A3
65E0DF4A-4082-4B48-93BD-5021987CDD7A,BFF8C027-7C8F-480B-A5F8-CD8CE490BFBA
65E0DF4A-4082-4B48-93BD-5021987CDD7A,DF4A35E0-7983-4A3E-BC47-F37B872B0F25
67A56B17-F533-4A56-B2DA-26091C6AD295,01D717BC-18BB-4FE4-95BA-6B13AD702038
67A56B17-F533-4A56-B2DA-26091C6AD295,0B685688-3405-4E2A-ABBA-E3069492EC50
67A56B17-F533-4A56-B2DA-26091C6AD295,0C0D142F-06B5-4BE1-8B44-491B90F93DEB
67A56B17-F533-4A56-B2DA-26091C6AD295,13A57703-BB1A-41A2-94B8-53B692EB7238
67A56B17-F533-4A56-B2DA-26091C6AD295,24380E3F-AD9D-4E38-BF13-C8EEB21893E7
67A56B17-F533-4A56-B2DA-26091C6AD295,5F723BAD-7359-48FC-98FA-631592256E35
67A56B17-F533-4A56-B2DA-26091C6AD295,A59947B7-3376-49B4-AD02-C0423E08C5F7
67A56B17-F533-4A56-B2DA-26091C6AD295,AE42B46C-E4B7-4889-A122-08FE180371AE
67A56B17-F533-4A56-B2DA-26091C6AD295,B12FAAB9-713F-4B38-83E4-A273F5A43C77
67A56B17-F533-4A56-B2DA-26091C6AD295,BFF8C027-7C8F-480B-A5F8-CD8CE490BFBA
67A56B17-F533-4A56-B2DA-26091C6AD295,C38B3C62-1BBF-4EA1-A1A2-35DE21B74C17
67A56B17-F533-4A56-B2DA-26091C6AD295,DF4A35E0-7983-4A3E-BC47-F37B872B0F25
67A56B17-F533-4A56-B2DA-26091C6AD295,F9B1D433-6B86-4804-AED7-B50A519A3B7C
67B6A06A-1B09-44DE-BCA4-C013EE30DDD0,5F723BAD-7359-48FC-98FA-631592256E35
67B6A06A-1B09-44DE-BCA4-C013EE30DDD0,7CE6E935-F839-4FEC-A63E-052B1DEF39D2
686C8EC8-5487-43B9-B5E8-FCABD56227F0,0B685688-3405-4E2A-ABBA-E3069492EC50
686C8EC8-5487-43B9-B5E8-FCABD56227F0,0C0D142F-06B5-4BE1-8B44-491B90F93DEB
686C8EC8-5487-43B9-B5E8-FCABD56227F0,1DFACD97-1B9C-4F5A-80F2-05593604799E
686C8EC8-5487-43B9-B5E8-FCABD56227F0,24380E3F-AD9D-4E38-BF13-C8EEB21893E7
686C8EC8-5487-43B9-B5E8-FCABD56227F0,42FD78B9-2B90-4AA9-BC43-F10E9FEA8B5A
686C8EC8-5487-43B9-B5E8-FCABD56227F0,5F723BAD-7359-48FC-98FA-631592256E35
686C8EC8-5487-43B9-B5E8-FCABD56227F0,7CE6E935-F839-4FEC-A63E-052B1DEF39D2
686C8EC8-5487-43B9-B5E8-FCABD56227F0,B33DC9B6-0B7D-4322-BAD7-A13A34C584A3
686C8EC8-5487-43B9-B5E8-FCABD56227F0,BFF8C027-7C8F-480B-A5F8-CD8CE490BFBA
686C8EC8-5487-43B9-B5E8-FCABD56227F0,C8F98B28-3C10-41AE-AA99-092B3B398C43
686C8EC8-5487-43B9-B5E8-FCABD56227F0,DF4A35E0-7983-4A3E-BC47-F37B872B0F25
6876F4F4-9B8F-4648-89EA-C1BBF770C494,071BA73C-1D3C-46D4-A53C-00D5602F7F0E
6876F4F4-9B8F-4648-89EA-C1BBF770C494,09DF0950-D319-4557-A57E-04CD2F63FF42
6876F4F4-9B8F-4648-89EA-C1BBF770C494,0B685688-3405-4E2A-ABBA-E3069492EC50
6876F4F4-9B8F-4648-89EA-C1BBF770C494,0C0D142F-06B5-4BE1-8B44-491B90F93DEB
6876F4F4-9B8F-4648-89EA-C1BBF770C494,1DFACD97-1B9C-4F5A-80F2-05593604799E
6876F4F4-9B8F-4648-89EA-C1BBF770C494,24380E3F-AD9D-4E38-BF13-C8EEB21893E7
6876F4F4-9B8F-4648-89EA-C1BBF770C494,4D224BCA-C127-408B-AC75-A51563C42411
6876F4F4-9B8F-4648-89EA-C1BBF770C494,AE42B46C-E4B7-4889-A122-08FE180371AE
6876F4F4-9B8F-4648-89EA-C1BBF770C494,B204DE60-5A24-43DD-8902-C81625A09A74
6876F4F4-9B8F-4648-89EA-C1BBF770C494,B33DC9B6-0B7D-4322-BAD7-A13A34C584A3
6876F4F4-9B8F-4648-89EA-C1BBF770C494,BFF8C027-7C8F-480B-A5F8-CD8CE490BFBA
6876F4F4-9B8F-4648-89EA-C1BBF770C494,C8F98B28-3C10-41AE-AA99-092B3B398C43
6876F4F4-9B8F-4648-89EA-C1BBF770C494,DF4A35E0-7983-4A3E-BC47-F37B872B0F25
691831BF-F280-4E02-BF4A-FF476BC66B23,071BA73C-1D3C-46D4-A53C-00D5602F7F0E
691831BF-F280-4E02-BF4A-FF476BC66B23,0B685688-3405-4E2A-ABBA-E3069492EC50
691831BF-F280-4E02-BF4A-FF476BC66B23,24380E3F-AD9D-4E38-BF13-C8EEB21893E7
691831BF-F280-4E02-BF4A-FF476BC66B23,42FD78B9-2B90-4AA9-BC43-F10E9FEA8B5A
691831BF-F280-4E02-BF4A-FF476BC66B23,4D224BCA-C127-408B-AC75-A51563C42411
691831BF-F280-4E02-BF4A-FF476BC66B23,A59947B7-3376-49B4-AD02-C0423E08C5F7
691831BF-F280-4E02-BF4A-FF476BC66B23,AE42B46C-E4B7-4889-A122-08FE180371AE
691831BF-F280-4E02-BF4A-FF476BC66B23,BFF8C027-7C8F-480B-A5F8-CD8CE490BFBA
691831BF-F280-4E02-BF4A-FF476BC66B23,C8F98B28-3C10-41AE-AA99-092B3B398C43
691831BF-F280-4E02-BF4A-FF476BC66B23,D72206E4-6CD1-4441-A355-F8F1827466B1
691831BF-F280-4E02-BF4A-FF476BC66B23,DF4A35E0-7983-4A3E-BC47-F37B872B0F25
69C5BC24-3065-401D-86C2-3FAC411E1327,0C0D142F-06B5-4BE1-8B44-491B90F93DEB
69C5BC24-3065-401D-86C2-3FAC411E1327,1DFACD97-1B9C-4F5A-80F2-05593604799E
69C5BC24-3065-401D-86C2-3FAC411E1327,24380E3F-AD9D-4E38-BF13-C8EEB21893E7
69C5BC24-3065-401D-86C2-3FAC411E1327,7CE6E935-F839-4FEC-A63E-052B1DEF39D2
69C5BC24-3065-401D-86C2-3FAC411E1327,B33DC9B6-0B7D-4322-BAD7-A13A34C584A3
69C5BC24-3065-401D-86C2-3FAC411E1327,BFF8C027-7C8F-480B-A5F8-CD8CE490BFBA
69C5BC24-3065-401D-86C2-3FAC411E1327,C8F98B28-3C10-41AE-AA99-092B3B398C43
69C5BC24-3065-401D-86C2-3FAC411E1327,DF4A35E0-7983-4A3E-BC47-F37B872B0F25
69F87C0F-AABE-4C34-97D3-F6DF33ACD772,0C0D142F-06B5-4BE1-8B44-491B90F93DEB
69F87C0F-AABE-4C34-97D3-F6DF33ACD772,B204DE60-5A24-43DD-8902-C81625A09A74
69F87C0F-AABE-4C34-97D3-F6DF33ACD772,B33DC9B6-0B7D-4322-BAD7-A13A34C584A3
69F87C0F-AABE-4C34-97D3-F6DF33ACD772,C8F98B28-3C10-41AE-AA99-092B3B398C43
69F87C0F-AABE-4C34-97D3-F6DF33ACD772,DF4A35E0-7983-4A3E-BC47-F37B872B0F25
6A1737A1-6848-4087-AAF7-68A427247357,0307955A-B65C-4CE4-A780-EB36BAAADF0B
6A1737A1-6848-4087-AAF7-68A427247357,071BA73C-1D3C-46D4-A53C-00D5602F7F0E
6A1737A1-6848-4087-AAF7-68A427247357,0B685688-3405-4E2A-ABBA-E3069492EC50
6A1737A1-6848-4087-AAF7-68A427247357,0C0D142F-06B5-4BE1-8B44-491B90F93DEB
6A1737A1-6848-4087-AAF7-68A427247357,13A57703-BB1A-41A2-94B8-53B692EB7238
6A1737A1-6848-4087-AAF7-68A427247357,1DFACD97-1B9C-4F5A-80F2-05593604799E
6A1737A1-6848-4087-AAF7-68A427247357,24380E3F-AD9D-4E38-BF13-C8EEB21893E7
6A1737A1-6848-4087-AAF7-68A427247357,42FD78B9-2B90-4AA9-BC43-F10E9FEA8B5A
6A1737A1-6848-4087-AAF7-68A427247357,4D224BCA-C127-408B-AC75-A51563C42411
6A1737A1-6848-4087-AAF7-68A427247357,7CE6E935-F839-4FEC-A63E-052B1DEF39D2
6A1737A1-6848-4087-AAF7-68A427247357,A59947B7-3376-49B4-AD02-C0423E08C5F7
6A1737A1-6848-4087-AAF7-68A427247357,AE42B46C-E4B7-4889-A122-08FE180371AE
6A1737A1-6848-4087-AAF7-68A427247357,B33DC9B6-0B7D-4322-BAD7-A13A34C584A3
6A1737A1-6848-4087-AAF7-68A427247357,BA316D0F-92AE-4E00-8C80-DBD605DC58C3
6A1737A1-6848-4087-AAF7-68A427247357,BFF8C027-7C8F-480B-A5F8-CD8CE490BFBA
6A1737A1-6848-4087-AAF7-68A427247357,DF4A35E0-7983-4A3E-BC47-F37B872B0F25
6B1D053D-714F-46D1-B410-04BE868F14C1,01D717BC-18BB-4FE4-95BA-6B13AD702038
6B1D053D-714F-46D1-B410-04BE868F14C1,0307955A-B65C-4CE4-A780-EB36BAAADF0B
6B1D053D-714F-46D1-B410-04BE868F14C1,0B685688-3405-4E2A-ABBA-E3069492EC50
6B1D053D-714F-46D1-B410-04BE868F14C1,0C0D142F-06B5-4BE1-8B44-491B90F93DEB
6B1D053D-714F-46D1-B410-04BE868F14C1,13A57703-BB1A-41A2-94B8-53B692EB7238
6B1D053D-714F-46D1-B410-04BE868F14C1,1DFACD97-1B9C-4F5A-80F2-05593604799E
6B1D053D-714F-46D1-B410-04BE868F14C1,24380E3F-AD9D-4E38-BF13-C8EEB21893E7
6B1D053D-714F-46D1-B410-04BE868F14C1,42FD78B9-2B90-4AA9-BC43-F10E9FEA8B5A
6B1D053D-714F-46D1-B410-04BE868F14C1,7CE6E935-F839-4FEC-A63E-052B1DEF39D2
6B1D053D-714F-46D1-B410-04BE868F14C1,A59947B7-3376-49B4-AD02-C0423E08C5F7
6B1D053D-714F-46D1-B410-04BE868F14C1,B33DC9B6-0B7D-4322-BAD7-A13A34C584A3
6B1D053D-714F-46D1-B410-04BE868F14C1,BFF8C027-7C8F-480B-A5F8-CD8CE490BFBA
6B1D053D-714F-46D1-B410-04BE868F14C1,C8F98B28-3C10-41AE-AA99-092B3B398C43
6B1D053D-714F-46D1-B410-04BE868F14C1,DF4A35E0-7983-4A3E-BC47-F37B872B0F25
6B1D053D-714F-46D1-B410-04BE868F14C1,F9B1D433-6B86-4804-AED7-B50A519A3B7C
6C6ABAB9-7F52-4172-8009-817612726CFF,0C0D142F-06B5-4BE1-8B44-491B90F93DEB
6C6ABAB9-7F52-4172-8009-817612726CFF,1DFACD97-1B9C-4F5A-80F2-05593604799E
6C6ABAB9-7F52-4172-8009-817612726CFF,24380E3F-AD9D-4E38-BF13-C8EEB21893E7
6C6ABAB9-7F52-4172-8009-817612726CFF,B204DE60-5A24-43DD-8902-C81625A09A74
6C6ABAB9-7F52-4172-8009-817612726CFF,B33DC9B6-0B7D-4322-BAD7-A13A34C584A3
6C6ABAB9-7F52-4172-8009-817612726CFF,C8F98B28-3C10-41AE-AA99-092B3B398C43
6C6ABAB9-7F52-4172-8009-817612726CFF,DF4A35E0-7983-4A3E-BC47-F37B872B0F25
6D82D070-995A-4524-A56E-C1CE182E7D9B,09DF0950-D319-4557-A57E-04CD2F63FF42
6D82D070-995A-4524-A56E-C1CE182E7D9B,0C0D142F-06B5-4BE1-8B44-491B90F93DEB
6D82D070-995A-4524-A56E-C1CE182E7D9B,A59947B7-3376-49B4-AD02-C0423E08C5F7
6D82D070-995A-4524-A56E-C1CE182E7D9B,B33DC9B6-0B7D-4322-BAD7-A13A34C584A3
6D82D070-995A-4524-A56E-C1CE182E7D9B,C8F98B28-3C10-41AE-AA99-092B3B398C43
6D82D070-995A-4524-A56E-C1CE182E7D9B,DF4A35E0-7983-4A3E-BC47-F37B872B0F25
6DA17C86-088E-4B4D-B862-7C1BD5CF236B,01D717BC-18BB-4FE4-95BA-6B13AD702038
6DA17C86-088E-4B4D-B862-7C1BD5CF236B,0307955A-B65C-4CE4-A780-EB36BAAADF0B
6DA17C86-088E-4B4D-B862-7C1BD5CF236B,071BA73C-1D3C-46D4-A53C-00D5602F7F0E
6DA17C86-088E-4B4D-B862-7C1BD5CF236B,09DF0950-D319-4557-A57E-04CD2F63FF42
6DA17C86-088E-4B4D-B862-7C1BD5CF236B,0B685688-3405-4E2A-ABBA-E3069492EC50
6DA17C86-088E-4B4D-B862-7C1BD5CF236B,0C0D142F-06B5-4BE1-8B44-491B90F93DEB
6DA17C86-088E-4B4D-B862-7C1BD5CF236B,13A57703-BB1A-41A2-94B8-53B692EB7238
6DA17C86-088E-4B4D-B862-7C1BD5CF236B,1DFACD97-1B9C-4F5A-80F2-05593604799E
6DA17C86-088E-4B4D-B862-7C1BD5CF236B,24380E3F-AD9D-4E38-BF13-C8EEB21893E7
6DA17C86-088E-4B4D-B862-7C1BD5CF236B,42FD78B9-2B90-4AA9-BC43-F10E9FEA8B5A
6DA17C86-088E-4B4D-B862-7C1BD5CF236B,4D224BCA-C127-408B-AC75-A51563C42411
6DA17C86-088E-4B4D-B862-7C1BD5CF236B,587BB2D3-EC35-41B2-B3F7-A39E2B088AEE
6DA17C86-088E-4B4D-B862-7C1BD5CF236B,5FF5B286-E9C3-430E-B612-3380D8138600
6DA17C86-088E-4B4D-B862-7C1BD5CF236B,7C912B83-1B1B-4807-9B66-97C12211E48E
6DA17C86-088E-4B4D-B862-7C1BD5CF236B,7CE6E935-F839-4FEC-A63E-052B1DEF39D2
6DA17C86-088E-4B4D-B862-7C1BD5CF236B,A59947B7-3376-49B4-AD02-C0423E08C5F7
6DA17C86-088E-4B4D-B862-7C1BD5CF236B,AE42B46C-E4B7-4889-A122-08FE180371AE
6DA17C86-088E-4B4D-B862-7C1BD5CF236B,B12FAAB9-713F-4B38-83E4-A273F5A43C77
6DA17C86-088E-4B4D-B862-7C1BD5CF236B,B33DC9B6-0B7D-4322-BAD7-A13A34C584A3
6DA17C86-088E-4B4D-B862-7C1BD5CF236B,BFF8C027-7C8F-480B-A5F8-CD8CE490BFBA
6DA17C86-088E-4B4D-B862-7C1BD5CF236B,C11D3746-5063-4BD0-B245-7178D1AD866C
6DA17C86-088E-4B4D-B862-7C1BD5CF236B,C38B3C62-1BBF-4EA1-A1A2-35DE21B74C17
6DA17C86-088E-4B4D-B862-7C1BD5CF236B,DF4A35E0-7983-4A3E-BC47-F37B872B0F25
6DA17C86-088E-4B4D-B862-7C1BD5CF236B,F9B1D433-6B86-4804-AED7-B50A519A3B7C
6E020F5D-3F97-4A43-88E6-C68254B55F2C,0307955A-B65C-4CE4-A780-EB36BAAADF0B
6E020F5D-3F97-4A43-88E6-C68254B55F2C,24380E3F-AD9D-4E38-BF13-C8EEB21893E7
6E020F5D-3F97-4A43-88E6-C68254B55F2C,7CE6E935-F839-4FEC-A63E-052B1DEF39D2
6E020F5D-3F97-4A43-88E6-C68254B55F2C,A59947B7-3376-49B4-AD02-C0423E08C5F7
6E020F5D-3F97-4A43-88E6-C68254B55F2C,B12FAAB9-713F-4B38-83E4-A273F5A43C77
6E020F5D-3F97-4A43-88E6-C68254B55F2C,BFF8C027-7C8F-480B-A5F8-CD8CE490BFBA
6E020F5D-3F97-4A43-88E6-C68254B55F2C,C11D3746-5063-4BD0-B245-7178D1AD866C
6E020F5D-3F97-4A43-88E6-C68254B55F2C,DF4A35E0-7983-4A3E-BC47-F37B872B0F25
6E3608BE-63AA-4379-A543-97D2FCBF12F1,0C0D142F-06B5-4BE1-8B44-491B90F93DEB
6E3608BE-63AA-4379-A543-97D2FCBF12F1,1DFACD97-1B9C-4F5A-80F2-05593604799E
6E3608BE-63AA-4379-A543-97D2FCBF12F1,24380E3F-AD9D-4E38-BF13-C8EEB21893E7
6E3608BE-63AA-4379-A543-97D2FCBF12F1,B33DC9B6-0B7D-4322-BAD7-A13A34C584A3
6E3608BE-63AA-4379-A543-97D2FCBF12F1,C8F98B28-3C10-41AE-AA99-092B3B398C43
6E3608BE-63AA-4379-A543-97D2FCBF12F1,DF4A35E0-7983-4A3E-BC47-F37B872B0F25
6E71B72E-4F2F-495D-9225-A6634E6C2EB1,09DF0950-D319-4557-A57E-04CD2F63FF42
6E71B72E-4F2F-495D-9225-A6634E6C2EB1,0B685688-3405-4E2A-ABBA-E3069492EC50
6E71B72E-4F2F-495D-9225-A6634E6C2EB1,24380E3F-AD9D-4E38-BF13-C8EEB21893E7
6E71B72E-4F2F-495D-9225-A6634E6C2EB1,3EBF7EAC-68FC-4754-B6A4-0C38A1583D45
6E71B72E-4F2F-495D-9225-A6634E6C2EB1,42CF4021-8524-428E-866A-D33097A4A764
6E71B72E-4F2F-495D-9225-A6634E6C2EB1,42FD78B9-2B90-4AA9-BC43-F10E9FEA8B5A
6E71B72E-4F2F-495D-9225-A6634E6C2EB1,587BB2D3-EC35-41B2-B3F7-A39E2B088AEE
6E71B72E-4F2F-495D-9225-A6634E6C2EB1,B204DE60-5A24-43DD-8902-C81625A09A74
6E71B72E-4F2F-495D-9225-A6634E6C2EB1,BFF8C027-7C8F-480B-A5F8-CD8CE490BFBA
6E71B72E-4F2F-495D-9225-A6634E6C2EB1,C8F98B28-3C10-41AE-AA99-092B3B398C43
6E9B2F16-4CFE-49B2-A95E-87E4F02E79FF,09DF0950-D319-4557-A57E-04CD2F63FF42
6E9B2F16-4CFE-49B2-A95E-87E4F02E79FF,B33DC9B6-0B7D-4322-BAD7-A13A34C584A3
6ED827FD-EA71-443E-83EE-9367FD14F940,0B685688-3405-4E2A-ABBA-E3069492EC50
6ED827FD-EA71-443E-83EE-9367FD14F940,1DFACD97-1B9C-4F5A-80F2-05593604799E
6ED827FD-EA71-443E-83EE-9367FD14F940,24380E3F-AD9D-4E38-BF13-C8EEB21893E7
6ED827FD-EA71-443E-83EE-9367FD14F940,5F723BAD-7359-48FC-98FA-631592256E35
6ED827FD-EA71-443E-83EE-9367FD14F940,7CE6E935-F839-4FEC-A63E-052B1DEF39D2
6ED827FD-EA71-443E-83EE-9367FD14F940,B33DC9B6-0B7D-4322-BAD7-A13A34C584A3
6ED827FD-EA71-443E-83EE-9367FD14F940,BA316D0F-92AE-4E00-8C80-DBD605DC58C3
6ED827FD-EA71-443E-83EE-9367FD14F940,BFF8C027-7C8F-480B-A5F8-CD8CE490BFBA
6ED827FD-EA71-443E-83EE-9367FD14F940,DF4A35E0-7983-4A3E-BC47-F37B872B0F25
6F550E4D-AE26-4250-A674-397E2DF88092,071BA73C-1D3C-46D4-A53C-00D5602F7F0E
6F550E4D-AE26-4250-A674-397E2DF88092,0B685688-3405-4E2A-ABBA-E3069492EC50
6F550E4D-AE26-4250-A674-397E2DF88092,4D224BCA-C127-408B-AC75-A51563C42411
6F550E4D-AE26-4250-A674-397E2DF88092,7C912B83-1B1B-4807-9B66-97C12211E48E
6F550E4D-AE26-4250-A674-397E2DF88092,8386EEAF-985F-4DE8-9037-CCF91975AC94
6F550E4D-AE26-4250-A674-397E2DF88092,8C495067-8E94-4D78-BBD4-3379DACF6550
6F550E4D-AE26-4250-A674-397E2DF88092,A59947B7-3376-49B4-AD02-C0423E08C5F7
6F550E4D-AE26-4250-A674-397E2DF88092,AE42B46C-E4B7-4889-A122-08FE180371AE
6F550E4D-AE26-4250-A674-397E2DF88092,BFF8C027-7C8F-480B-A5F8-CD8CE490BFBA
6F550E4D-AE26-4250-A674-397E2DF88092,DF4A35E0-7983-4A3E-BC47-F37B872B0F25
6F550E4D-AE26-4250-A674-397E2DF88092,F9B1D433-6B86-4804-AED7-B50A519A3B7C
6FDE39B1-AB4A-4C9A-A5CD-4AF67601CD78,0B685688-3405-4E2A-ABBA-E3069492EC50
6FDE39B1-AB4A-4C9A-A5CD-4AF67601CD78,0C0D142F-06B5-4BE1-8B44-491B90F93DEB
6FDE39B1-AB4A-4C9A-A5CD-4AF67601CD78,13A57703-BB1A-41A2-94B8-53B692EB7238
6FDE39B1-AB4A-4C9A-A5CD-4AF67601CD78,1DFACD97-1B9C-4F5A-80F2-05593604799E
6FDE39B1-AB4A-4C9A-A5CD-4AF67601CD78,24380E3F-AD9D-4E38-BF13-C8EEB21893E7
6FDE39B1-AB4A-4C9A-A5CD-4AF67601CD78,A59947B7-3376-49B4-AD02-C0423E08C5F7
6FDE39B1-AB4A-4C9A-A5CD-4AF67601CD78,B33DC9B6-0B7D-4322-BAD7-A13A34C584A3
6FDE39B1-AB4A-4C9A-A5CD-4AF67601CD78,BA316D0F-92AE-4E00-8C80-DBD605DC58C3
6FDE39B1-AB4A-4C9A-A5CD-4AF67601CD78,BFF8C027-7C8F-480B-A5F8-CD8CE490BFBA
6FDE39B1-AB4A-4C9A-A5CD-4AF67601CD78,DF4A35E0-7983-4A3E-BC47-F37B872B0F25
70090004-4DA3-4E20-8F70-9DE064C2AA69,24380E3F-AD9D-4E38-BF13-C8EEB21893E7
70090004-4DA3-4E20-8F70-9DE064C2AA69,B33DC9B6-0B7D-4322-BAD7-A13A34C584A3
70090004-4DA3-4E20-8F70-9DE064C2AA69,DF4A35E0-7983-4A3E-BC47-F37B872B0F25
712044CE-4C85-48C2-813E-310A9C6C74E1,09DF0950-D319-4557-A57E-04CD2F63FF42
712044CE-4C85-48C2-813E-310A9C6C74E1,0B685688-3405-4E2A-ABBA-E3069492EC50
712044CE-4C85-48C2-813E-310A9C6C74E1,1DFACD97-1B9C-4F5A-80F2-05593604799E
712044CE-4C85-48C2-813E-310A9C6C74E1,24380E3F-AD9D-4E38-BF13-C8EEB21893E7
712044CE-4C85-48C2-813E-310A9C6C74E1,5F723BAD-7359-48FC-98FA-631592256E35
712044CE-4C85-48C2-813E-310A9C6C74E1,7CE6E935-F839-4FEC-A63E-052B1DEF39D2
712044CE-4C85-48C2-813E-310A9C6C74E1,A59947B7-3376-49B4-AD02-C0423E08C5F7
712044CE-4C85-48C2-813E-310A9C6C74E1,AE42B46C-E4B7-4889-A122-08FE180371AE
712044CE-4C85-48C2-813E-310A9C6C74E1,BFF8C027-7C8F-480B-A5F8-CD8CE490BFBA
712044CE-4C85-48C2-813E-310A9C6C74E1,DF4A35E0-7983-4A3E-BC47-F37B872B0F25
72A30002-12FA-4738-BCA7-1FA8062214CB,09DF0950-D319-4557-A57E-04CD2F63FF42
72A30002-12FA-4738-BCA7-1FA8062214CB,0B685688-3405-4E2A-ABBA-E3069492EC50
72A30002-12FA-4738-BCA7-1FA8062214CB,AE42B46C-E4B7-4889-A122-08FE180371AE
72A30002-12FA-4738-BCA7-1FA8062214CB,B204DE60-5A24-43DD-8902-C81625A09A74
72A30002-12FA-4738-BCA7-1FA8062214CB,B33DC9B6-0B7D-4322-BAD7-A13A34C584A3
72A30002-12FA-4738-BCA7-1FA8062214CB,BFF8C027-7C8F-480B-A5F8-CD8CE490BFBA
72A30002-12FA-4738-BCA7-1FA8062214CB,DF4A35E0-7983-4A3E-BC47-F37B872B0F25
72F41D84-A8ED-47FC-935A-2FD28C3C582E,09DF0950-D319-4557-A57E-04CD2F63FF42
72F41D84-A8ED-47FC-935A-2FD28C3C582E,1DFACD97-1B9C-4F5A-80F2-05593604799E
72F41D84-A8ED-47FC-935A-2FD28C3C582E,B33DC9B6-0B7D-4322-BAD7-A13A34C584A3
72F41D84-A8ED-47FC-935A-2FD28C3C582E,BFF8C027-7C8F-480B-A5F8-CD8CE490BFBA
72F41D84-A8ED-47FC-935A-2FD28C3C582E,DF4A35E0-7983-4A3E-BC47-F37B872B0F25
739AFEBE-BF00-4A3E-A369-85E74F6E6739,01D717BC-18BB-4FE4-95BA-6B13AD702038
739AFEBE-BF00-4A3E-A369-85E74F6E6739,0B685688-3405-4E2A-ABBA-E3069492EC50
739AFEBE-BF00-4A3E-A369-85E74F6E6739,13A57703-BB1A-41A2-94B8-53B692EB7238
739AFEBE-BF00-4A3E-A369-85E74F6E6739,24380E3F-AD9D-4E38-BF13-C8EEB21893E7
739AFEBE-BF00-4A3E-A369-85E74F6E6739,4D06CEED-90C6-4B69-B264-32CC90B69BA6
739AFEBE-BF00-4A3E-A369-85E74F6E6739,4D224BCA-C127-408B-AC75-A51563C42411
739AFEBE-BF00-4A3E-A369-85E74F6E6739,587BB2D3-EC35-41B2-B3F7-A39E2B088AEE
739AFEBE-BF00-4A3E-A369-85E74F6E6739,5F723BAD-7359-48FC-98FA-631592256E35
739AFEBE-BF00-4A3E-A369-85E74F6E6739,7CE6E935-F839-4FEC-A63E-052B1DEF39D2
739AFEBE-BF00-4A3E-A369-85E74F6E6739,8386EEAF-985F-4DE8-9037-CCF91975AC94
739AFEBE-BF00-4A3E-A369-85E74F6E6739,A59947B7-3376-49B4-AD02-C0423E08C5F7
739AFEBE-BF00-4A3E-A369-85E74F6E6739,AE42B46C-E4B7-4889-A122-08FE180371AE
739AFEBE-BF00-4A3E-A369-85E74F6E6739,B33DC9B6-0B7D-4322-BAD7-A13A34C584A3
739AFEBE-BF00-4A3E-A369-85E74F6E6739,BFF8C027-7C8F-480B-A5F8-CD8CE490BFBA
739AFEBE-BF00-4A3E-A369-85E74F6E6739,DF4A35E0-7983-4A3E-BC47-F37B872B0F25
739AFEBE-BF00-4A3E-A369-85E74F6E6739,F9B1D433-6B86-4804-AED7-B50A519A3B7C
73A512A3-807A-457C-8A3B-5862C9C28BBD,0C0D142F-06B5-4BE1-8B44-491B90F93DEB
73A512A3-807A-457C-8A3B-5862C9C28BBD,1DFACD97-1B9C-4F5A-80F2-05593604799E
73A512A3-807A-457C-8A3B-5862C9C28BBD,24380E3F-AD9D-4E38-BF13-C8EEB21893E7
73A512A3-807A-457C-8A3B-5862C9C28BBD,B33DC9B6-0B7D-4322-BAD7-A13A34C584A3
73A512A3-807A-457C-8A3B-5862C9C28BBD,C8F98B28-3C10-41AE-AA99-092B3B398C43
73A512A3-807A-457C-8A3B-5862C9C28BBD,DF4A35E0-7983-4A3E-BC47-F37B872B0F25
7565F317-EA13-4E07-9059-D6831CA7E4A9,0307955A-B65C-4CE4-A780-EB36BAAADF0B
7565F317-EA13-4E07-9059-D6831CA7E4A9,071BA73C-1D3C-46D4-A53C-00D5602F7F0E
7565F317-EA13-4E07-9059-D6831CA7E4A9,09DF0950-D319-4557-A57E-04CD2F63FF42
7565F317-EA13-4E07-9059-D6831CA7E4A9,0B685688-3405-4E2A-ABBA-E3069492EC50
7565F317-EA13-4E07-9059-D6831CA7E4A9,0C0D142F-06B5-4BE1-8B44-491B90F93DEB
7565F317-EA13-4E07-9059-D6831CA7E4A9,13A57703-BB1A-41A2-94B8-53B692EB7238
7565F317-EA13-4E07-9059-D6831CA7E4A9,1DFACD97-1B9C-4F5A-80F2-05593604799E
7565F317-EA13-4E07-9059-D6831CA7E4A9,24380E3F-AD9D-4E38-BF13-C8EEB21893E7
7565F317-EA13-4E07-9059-D6831CA7E4A9,42FD78B9-2B90-4AA9-BC43-F10E9FEA8B5A
7565F317-EA13-4E07-9059-D6831CA7E4A9,4D224BCA-C127-408B-AC75-A51563C42411
7565F317-EA13-4E07-9059-D6831CA7E4A9,5F723BAD-7359-48FC-98FA-631592256E35
7565F317-EA13-4E07-9059-D6831CA7E4A9,7CE6E935-F839-4FEC-A63E-052B1DEF39D2
7565F317-EA13-4E07-9059-D6831CA7E4A9,AE42B46C-E4B7-4889-A122-08FE180371AE
7565F317-EA13-4E07-9059-D6831CA7E4A9,B204DE60-5A24-43DD-8902-C81625A09A74
7565F317-EA13-4E07-9059-D6831CA7E4A9,B33DC9B6-0B7D-4322-BAD7-A13A34C584A3
7565F317-EA13-4E07-9059-D6831CA7E4A9,BFF8C027-7C8F-480B-A5F8-CD8CE490BFBA
7565F317-EA13-4E07-9059-D6831CA7E4A9,C8F98B28-3C10-41AE-AA99-092B3B398C43
7565F317-EA13-4E07-9059-D6831CA7E4A9,DF4A35E0-7983-4A3E-BC47-F37B872B0F25
7568A0D8-73B1-44E6-82C7-E10BA1872209,01D717BC-18BB-4FE4-95BA-6B13AD702038
7568A0D8-73B1-44E6-82C7-E10BA1872209,071BA73C-1D3C-46D4-A53C-00D5602F7F0E
7568A0D8-73B1-44E6-82C7-E10BA1872209,09DF0950-D319-4557-A57E-04CD2F63FF42
7568A0D8-73B1-44E6-82C7-E10BA1872209,0B685688-3405-4E2A-ABBA-E3069492EC50
7568A0D8-73B1-44E6-82C7-E10BA1872209,0C0D142F-06B5-4BE1-8B44-491B90F93DEB
7568A0D8-73B1-44E6-82C7-E10BA1872209,13A57703-BB1A-41A2-94B8-53B692EB7238
7568A0D8-73B1-44E6-82C7-E10BA1872209,1DFACD97-1B9C-4F5A-80F2-05593604799E
7568A0D8-73B1-44E6-82C7-E10BA1872209,24380E3F-AD9D-4E38-BF13-C8EEB21893E7
7568A0D8-73B1-44E6-82C7-E10BA1872209,4D224BCA-C127-408B-AC75-A51563C42411
7568A0D8-73B1-44E6-82C7-E10BA1872209,587BB2D3-EC35-41B2-B3F7-A39E2B088AEE
7568A0D8-73B1-44E6-82C7-E10BA1872209,5F723BAD-7359-48FC-98FA-631592256E35
7568A0D8-73B1-44E6-82C7-E10BA1872209,7779241F-A70B-49BC-86F0-829AE332C708
7568A0D8-73B1-44E6-82C7-E10BA1872209,7CE6E935-F839-4FEC-A63E-052B1DEF39D2
7568A0D8-73B1-44E6-82C7-E10BA1872209,8386EEAF-985F-4DE8-9037-CCF91975AC94
7568A0D8-73B1-44E6-82C7-E10BA1872209,A59947B7-3376-49B4-AD02-C0423E08C5F7
7568A0D8-73B1-44E6-82C7-E10BA1872209,AE42B46C-E4B7-4889-A122-08FE180371AE
7568A0D8-73B1-44E6-82C7-E10BA1872209,B33DC9B6-0B7D-4322-BAD7-A13A34C584A3
7568A0D8-73B1-44E6-82C7-E10BA1872209,BFF8C027-7C8F-480B-A5F8-CD8CE490BFBA
7568A0D8-73B1-44E6-82C7-E10BA1872209,C11D3746-5063-4BD0-B245-7178D1AD866C
7568A0D8-73B1-44E6-82C7-E10BA1872209,C38B3C62-1BBF-4EA1-A1A2-35DE21B74C17
7568A0D8-73B1-44E6-82C7-E10BA1872209,C8F98B28-3C10-41AE-AA99-092B3B398C43
7568A0D8-73B1-44E6-82C7-E10BA1872209,DF4A35E0-7983-4A3E-BC47-F37B872B0F25
7568A0D8-73B1-44E6-82C7-E10BA1872209,F9B1D433-6B86-4804-AED7-B50A519A3B7C
75DD7A23-4BCF-4D11-A407-E282C2417DA4,09DF0950-D319-4557-A57E-04CD2F63FF42
75DD7A23-4BCF-4D11-A407-E282C2417DA4,0B685688-3405-4E2A-ABBA-E3069492EC50
75DD7A23-4BCF-4D11-A407-E282C2417DA4,3F3ABD16-2C52-4EAA-A1F6-4235DE5686F0
75DD7A23-4BCF-4D11-A407-E282C2417DA4,7CE6E935-F839-4FEC-A63E-052B1DEF39D2
75DD7A23-4BCF-4D11-A407-E282C2417DA4,B33DC9B6-0B7D-4322-BAD7-A13A34C584A3
75DD7A23-4BCF-4D11-A407-E282C2417DA4,BFF8C027-7C8F-480B-A5F8-CD8CE490BFBA
75DD7A23-4BCF-4D11-A407-E282C2417DA4,C8F98B28-3C10-41AE-AA99-092B3B398C43
75E4B06E-24C5-4F04-AAB3-F41CF0F55B7A,0307955A-B65C-4CE4-A780-EB36BAAADF0B
75E4B06E-24C5-4F04-AAB3-F41CF0F55B7A,0C0D142F-06B5-4BE1-8B44-491B90F93DEB
75E4B06E-24C5-4F04-AAB3-F41CF0F55B7A,AE42B46C-E4B7-4889-A122-08FE180371AE
75E4B06E-24C5-4F04-AAB3-F41CF0F55B7A,B204DE60-5A24-43DD-8902-C81625A09A74
75E4B06E-24C5-4F04-AAB3-F41CF0F55B7A,B33DC9B6-0B7D-4322-BAD7-A13A34C584A3
75E4B06E-24C5-4F04-AAB3-F41CF0F55B7A,BFF8C027-7C8F-480B-A5F8-CD8CE490BFBA
75E4B06E-24C5-4F04-AAB3-F41CF0F55B7A,C8F98B28-3C10-41AE-AA99-092B3B398C43
75E4B06E-24C5-4F04-AAB3-F41CF0F55B7A,DF4A35E0-7983-4A3E-BC47-F37B872B0F25
76F393BA-D39F-43E9-B0A3-F746E2FEAD85,0C0D142F-06B5-4BE1-8B44-491B90F93DEB
76F393BA-D39F-43E9-B0A3-F746E2FEAD85,24380E3F-AD9D-4E38-BF13-C8EEB21893E7
76F393BA-D39F-43E9-B0A3-F746E2FEAD85,B33DC9B6-0B7D-4322-BAD7-A13A34C584A3
76F393BA-D39F-43E9-B0A3-F746E2FEAD85,C8F98B28-3C10-41AE-AA99-092B3B398C43
76F393BA-D39F-43E9-B0A3-F746E2FEAD85,DF4A35E0-7983-4A3E-BC47-F37B872B0F25
76F87FF4-4BAD-453E-8013-2DA8924A5D94,09DF0950-D319-4557-A57E-04CD2F63FF42
76F87FF4-4BAD-453E-8013-2DA8924A5D94,0B685688-3405-4E2A-ABBA-E3069492EC50
76F87FF4-4BAD-453E-8013-2DA8924A5D94,0C0D142F-06B5-4BE1-8B44-491B90F93DEB
76F87FF4-4BAD-453E-8013-2DA8924A5D94,13A57703-BB1A-41A2-94B8-53B692EB7238
76F87FF4-4BAD-453E-8013-2DA8924A5D94,1DFACD97-1B9C-4F5A-80F2-05593604799E
76F87FF4-4BAD-453E-8013-2DA8924A5D94,24380E3F-AD9D-4E38-BF13-C8EEB21893E7
76F87FF4-4BAD-453E-8013-2DA8924A5D94,42FD78B9-2B90-4AA9-BC43-F10E9FEA8B5A
76F87FF4-4BAD-453E-8013-2DA8924A5D94,AE42B46C-E4B7-4889-A122-08FE180371AE
76F87FF4-4BAD-453E-8013-2DA8924A5D94,B204DE60-5A24-43DD-8902-C81625A09A74
76F87FF4-4BAD-453E-8013-2DA8924A5D94,B33DC9B6-0B7D-4322-BAD7-A13A34C584A3
76F87FF4-4BAD-453E-8013-2DA8924A5D94,BFF8C027-7C8F-480B-A5F8-CD8CE490BFBA
76F87FF4-4BAD-453E-8013-2DA8924A5D94,DF4A35E0-7983-4A3E-BC47-F37B872B0F25
77566B98-D9CC-40FB-AA6E-FAA0F56E2059,0B685688-3405-4E2A-ABBA-E3069492EC50
77566B98-D9CC-40FB-AA6E-FAA0F56E2059,24380E3F-AD9D-4E38-BF13-C8EEB21893E7
77566B98-D9CC-40FB-AA6E-FAA0F56E2059,42FD78B9-2B90-4AA9-BC43-F10E9FEA8B5A
77566B98-D9CC-40FB-AA6E-FAA0F56E2059,A59947B7-3376-49B4-AD02-C0423E08C5F7
77566B98-D9CC-40FB-AA6E-FAA0F56E2059,BFF8C027-7C8F-480B-A5F8-CD8CE490BFBA
77566B98-D9CC-40FB-AA6E-FAA0F56E2059,C8F98B28-3C10-41AE-AA99-092B3B398C43
77566B98-D9CC-40FB-AA6E-FAA0F56E2059,D72206E4-6CD1-4441-A355-F8F1827466B1
77566B98-D9CC-40FB-AA6E-FAA0F56E2059,DF4A35E0-7983-4A3E-BC47-F37B872B0F25
77E0D7F0-1942-494A-ACE2-9004D2BDC59E,0B685688-3405-4E2A-ABBA-E3069492EC50
77E0D7F0-1942-494A-ACE2-9004D2BDC59E,0C0D142F-06B5-4BE1-8B44-491B90F93DEB
77E0D7F0-1942-494A-ACE2-9004D2BDC59E,13A57703-BB1A-41A2-94B8-53B692EB7238
77E0D7F0-1942-494A-ACE2-9004D2BDC59E,1DFACD97-1B9C-4F5A-80F2-05593604799E
77E0D7F0-1942-494A-ACE2-9004D2BDC59E,24380E3F-AD9D-4E38-BF13-C8EEB21893E7
77E0D7F0-1942-494A-ACE2-9004D2BDC59E,42FD78B9-2B90-4AA9-BC43-F10E9FEA8B5A
77E0D7F0-1942-494A-ACE2-9004D2BDC59E,B33DC9B6-0B7D-4322-BAD7-A13A34C584A3
77E0D7F0-1942-494A-ACE2-9004D2BDC59E,C8F98B28-3C10-41AE-AA99-092B3B398C43
77E0D7F0-1942-494A-ACE2-9004D2BDC59E,DF4A35E0-7983-4A3E-BC47-F37B872B0F25
7861C177-A600-4B37-B217-E9E64DC04F34,0307955A-B65C-4CE4-A780-EB36BAAADF0B
7861C177-A600-4B37-B217-E9E64DC04F34,1DFACD97-1B9C-4F5A-80F2-05593604799E
7861C177-A600-4B37-B217-E9E64DC04F34,42FD78B9-2B90-4AA9-BC43-F10E9FEA8B5A
7861C177-A600-4B37-B217-E9E64DC04F34,7CE6E935-F839-4FEC-A63E-052B1DEF39D2
7861C177-A600-4B37-B217-E9E64DC04F34,AE42B46C-E4B7-4889-A122-08FE180371AE
7861C177-A600-4B37-B217-E9E64DC04F34,B204DE60-5A24-43DD-8902-C81625A09A74
7861C177-A600-4B37-B217-E9E64DC04F34,BFF8C027-7C8F-480B-A5F8-CD8CE490BFBA
7861C177-A600-4B37-B217-E9E64DC04F34,DF4A35E0-7983-4A3E-BC47-F37B872B0F25
7B43EA5B-298C-4BAB-B22D-860B852B40A5,0307955A-B65C-4CE4-A780-EB36BAAADF0B
7B43EA5B-298C-4BAB-B22D-860B852B40A5,071BA73C-1D3C-46D4-A53C-00D5602F7F0E
7B43EA5B-298C-4BAB-B22D-860B852B40A5,0B685688-3405-4E2A-ABBA-E3069492EC50
7B43EA5B-298C-4BAB-B22D-860B852B40A5,0C0D142F-06B5-4BE1-8B44-491B90F93DEB
7B43EA5B-298C-4BAB-B22D-860B852B40A5,1DFACD97-1B9C-4F5A-80F2-05593604799E
7B43EA5B-298C-4BAB-B22D-860B852B40A5,24380E3F-AD9D-4E38-BF13-C8EEB21893E7
7B43EA5B-298C-4BAB-B22D-860B852B40A5,3EBF7EAC-68FC-4754-B6A4-0C38A1583D45
7B43EA5B-298C-4BAB-B22D-860B852B40A5,42CF4021-8524-428E-866A-D33097A4A764
7B43EA5B-298C-4BAB-B22D-860B852B40A5,4D224BCA-C127-408B-AC75-A51563C42411
7B43EA5B-298C-4BAB-B22D-860B852B40A5,587BB2D3-EC35-41B2-B3F7-A39E2B088AEE
7B43EA5B-298C-4BAB-B22D-860B852B40A5,5F723BAD-7359-48FC-98FA-631592256E35
7B43EA5B-298C-4BAB-B22D-860B852B40A5,7CE6E935-F839-4FEC-A63E-052B1DEF39D2
7B43EA5B-298C-4BAB-B22D-860B852B40A5,8386EEAF-985F-4DE8-9037-CCF91975AC94
7B43EA5B-298C-4BAB-B22D-860B852B40A5,8A1C7B17-C2C6-4F7C-9539-EA1E19971D80
7B43EA5B-298C-4BAB-B22D-860B852B40A5,A59947B7-3376-49B4-AD02-C0423E08C5F7
7B43EA5B-298C-4BAB-B22D-860B852B40A5,AE42B46C-E4B7-4889-A122-08FE180371AE
7B43EA5B-298C-4BAB-B22D-860B852B40A5,B33DC9B6-0B7D-4322-BAD7-A13A34C584A3
7B43EA5B-298C-4BAB-B22D-860B852B40A5,BFF8C027-7C8F-480B-A5F8-CD8CE490BFBA
7B43EA5B-298C-4BAB-B22D-860B852B40A5,D72206E4-6CD1-4441-A355-F8F1827466B1
7B43EA5B-298C-4BAB-B22D-860B852B40A5,DF4A35E0-7983-4A3E-BC47-F37B872B0F25
7B9F59AE-D223-4A99-B6DF-A418D876DD82,0B685688-3405-4E2A-ABBA-E3069492EC50
7B9F59AE-D223-4A99-B6DF-A418D876DD82,13A57703-BB1A-41A2-94B8-53B692EB7238
7B9F59AE-D223-4A99-B6DF-A418D876DD82,1DFACD97-1B9C-4F5A-80F2-05593604799E
7B9F59AE-D223-4A99-B6DF-A418D876DD82,24380E3F-AD9D-4E38-BF13-C8EEB21893E7
7B9F59AE-D223-4A99-B6DF-A418D876DD82,3EBF7EAC-68FC-4754-B6A4-0C38A1583D45
7B9F59AE-D223-4A99-B6DF-A418D876DD82,4D224BCA-C127-408B-AC75-A51563C42411
7B9F59AE-D223-4A99-B6DF-A418D876DD82,587BB2D3-EC35-41B2-B3F7-A39E2B088AEE
7B9F59AE-D223-4A99-B6DF-A418D876DD82,5F723BAD-7359-48FC-98FA-631592256E35
7B9F59AE-D223-4A99-B6DF-A418D876DD82,8386EEAF-985F-4DE8-9037-CCF91975AC94
7B9F59AE-D223-4A99-B6DF-A418D876DD82,A59947B7-3376-49B4-AD02-C0423E08C5F7
7B9F59AE-D223-4A99-B6DF-A418D876DD82,AE3C95F5-E05B-4A28-81DD-1C5FD4BE88E2
7B9F59AE-D223-4A99-B6DF-A418D876DD82,AE42B46C-E4B7-4889-A122-08FE180371AE
7B9F59AE-D223-4A99-B6DF-A418D876DD82,BFF8C027-7C8F-480B-A5F8-CD8CE490BFBA
7B9F59AE-D223-4A99-B6DF-A418D876DD82,C8F98B28-3C10-41AE-AA99-092B3B398C43
7B9F59AE-D223-4A99-B6DF-A418D876DD82,DF4A35E0-7983-4A3E-BC47-F37B872B0F25
7D06F9D0-1D89-48B5-AFC6-E096C3288C1E,B33DC9B6-0B7D-4322-BAD7-A13A34C584A3
7D06F9D0-1D89-48B5-AFC6-E096C3288C1E,DF4A35E0-7983-4A3E-BC47-F37B872B0F25
7DC1050A-0DDE-4EF9-B777-3C9349BCC4DE,01D717BC-18BB-4FE4-95BA-6B13AD702038
7DC1050A-0DDE-4EF9-B777-3C9349BCC4DE,071BA73C-1D3C-46D4-A53C-00D5602F7F0E
7DC1050A-0DDE-4EF9-B777-3C9349BCC4DE,0B685688-3405-4E2A-ABBA-E3069492EC50
7DC1050A-0DDE-4EF9-B777-3C9349BCC4DE,0C0D142F-06B5-4BE1-8B44-491B90F93DEB
7DC1050A-0DDE-4EF9-B777-3C9349BCC4DE,13A57703-BB1A-41A2-94B8-53B692EB7238
7DC1050A-0DDE-4EF9-B777-3C9349BCC4DE,1DFACD97-1B9C-4F5A-80F2-05593604799E
7DC1050A-0DDE-4EF9-B777-3C9349BCC4DE,24380E3F-AD9D-4E38-BF13-C8EEB21893E7
7DC1050A-0DDE-4EF9-B777-3C9349BCC4DE,42FD78B9-2B90-4AA9-BC43-F10E9FEA8B5A
7DC1050A-0DDE-4EF9-B777-3C9349BCC4DE,587BB2D3-EC35-41B2-B3F7-A39E2B088AEE
7DC1050A-0DDE-4EF9-B777-3C9349BCC4DE,5F723BAD-7359-48FC-98FA-631592256E35
7DC1050A-0DDE-4EF9-B777-3C9349BCC4DE,7C912B83-1B1B-4807-9B66-97C12211E48E
7DC1050A-0DDE-4EF9-B777-3C9349BCC4DE,7CE6E935-F839-4FEC-A63E-052B1DEF39D2
7DC1050A-0DDE-4EF9-B777-3C9349BCC4DE,A59947B7-3376-49B4-AD02-C0423E08C5F7
7DC1050A-0DDE-4EF9-B777-3C9349BCC4DE,AE42B46C-E4B7-4889-A122-08FE180371AE
7DC1050A-0DDE-4EF9-B777-3C9349BCC4DE,B33DC9B6-0B7D-4322-BAD7-A13A34C584A3
7DC1050A-0DDE-4EF9-B777-3C9349BCC4DE,BFF8C027-7C8F-480B-A5F8-CD8CE490BFBA
7DC1050A-0DDE-4EF9-B777-3C9349BCC4DE,C11D3746-5063-4BD0-B245-7178D1AD866C
7DC1050A-0DDE-4EF9-B777-3C9349BCC4DE,C38B3C62-1BBF-4EA1-A1A2-35DE21B74C17
7DC1050A-0DDE-4EF9-B777-3C9349BCC4DE,C8F98B28-3C10-41AE-AA99-092B3B398C43
7DC1050A-0DDE-4EF9-B777-3C9349BCC4DE,DF4A35E0-7983-4A3E-BC47-F37B872B0F25
7DC1050A-0DDE-4EF9-B777-3C9349BCC4DE,F9B1D433-6B86-4804-AED7-B50A519A3B7C
7DD7A9E8-E1E9-4759-A764-5FF81FC520ED,0C0D142F-06B5-4BE1-8B44-491B90F93DEB
7DD7A9E8-E1E9-4759-A764-5FF81FC520ED,5F723BAD-7359-48FC-98FA-631592256E35
7DD7A9E8-E1E9-4759-A764-5FF81FC520ED,B33DC9B6-0B7D-4322-BAD7-A13A34C584A3
7DD7A9E8-E1E9-4759-A764-5FF81FC520ED,BFF8C027-7C8F-480B-A5F8-CD8CE490BFBA
7DD7A9E8-E1E9-4759-A764-5FF81FC520ED,C8F98B28-3C10-41AE-AA99-092B3B398C43
7DD7A9E8-E1E9-4759-A764-5FF81FC520ED,DF4A35E0-7983-4A3E-BC47-F37B872B0F25
7E5A693C-2F63-44FD-B791-31FC8B8B6285,01D717BC-18BB-4FE4-95BA-6B13AD702038
7E5A693C-2F63-44FD-B791-31FC8B8B6285,0307955A-B65C-4CE4-A780-EB36BAAADF0B
7E5A693C-2F63-44FD-B791-31FC8B8B6285,0B685688-3405-4E2A-ABBA-E3069492EC50
7E5A693C-2F63-44FD-B791-31FC8B8B6285,0C0D142F-06B5-4BE1-8B44-491B90F93DEB
7E5A693C-2F63-44FD-B791-31FC8B8B6285,13A57703-BB1A-41A2-94B8-53B692EB7238
7E5A693C-2F63-44FD-B791-31FC8B8B6285,1DFACD97-1B9C-4F5A-80F2-05593604799E
7E5A693C-2F63-44FD-B791-31FC8B8B6285,24380E3F-AD9D-4E38-BF13-C8EEB21893E7
7E5A693C-2F63-44FD-B791-31FC8B8B6285,42FD78B9-2B90-4AA9-BC43-F10E9FEA8B5A
7E5A693C-2F63-44FD-B791-31FC8B8B6285,5F723BAD-7359-48FC-98FA-631592256E35
7E5A693C-2F63-44FD-B791-31FC8B8B6285,A59947B7-3376-49B4-AD02-C0423E08C5F7
7E5A693C-2F63-44FD-B791-31FC8B8B6285,AE42B46C-E4B7-4889-A122-08FE180371AE
7E5A693C-2F63-44FD-B791-31FC8B8B6285,B12FAAB9-713F-4B38-83E4-A273F5A43C77
7E5A693C-2F63-44FD-B791-31FC8B8B6285,B33DC9B6-0B7D-4322-BAD7-A13A34C584A3
7E5A693C-2F63-44FD-B791-31FC8B8B6285,BA316D0F-92AE-4E00-8C80-DBD605DC58C3
7E5A693C-2F63-44FD-B791-31FC8B8B6285,BFF8C027-7C8F-480B-A5F8-CD8CE490BFBA
7E5A693C-2F63-44FD-B791-31FC8B8B6285,C38B3C62-1BBF-4EA1-A1A2-35DE21B74C17
7E5A693C-2F63-44FD-B791-31FC8B8B6285,C8F98B28-3C10-41AE-AA99-092B3B398C43
7E5A693C-2F63-44FD-B791-31FC8B8B6285,DF4A35E0-7983-4A3E-BC47-F37B872B0F25
7E5A693C-2F63-44FD-B791-31FC8B8B6285,F9B1D433-6B86-4804-AED7-B50A519A3B7C
7E946FDE-C454-4361-98A5-F60158B42770,09DF0950-D319-4557-A57E-04CD2F63FF42
7E946FDE-C454-4361-98A5-F60158B42770,1DFACD97-1B9C-4F5A-80F2-05593604799E
7E946FDE-C454-4361-98A5-F60158B42770,42FD78B9-2B90-4AA9-BC43-F10E9FEA8B5A
7E946FDE-C454-4361-98A5-F60158B42770,B33DC9B6-0B7D-4322-BAD7-A13A34C584A3
7E946FDE-C454-4361-98A5-F60158B42770,C8F98B28-3C10-41AE-AA99-092B3B398C43
7F7E12D2-E295-41D2-8446-BBF5EEF2F8F2,071BA73C-1D3C-46D4-A53C-00D5602F7F0E
7F7E12D2-E295-41D2-8446-BBF5EEF2F8F2,09DF0950-D319-4557-A57E-04CD2F63FF42
7F7E12D2-E295-41D2-8446-BBF5EEF2F8F2,0B685688-3405-4E2A-ABBA-E3069492EC50
7F7E12D2-E295-41D2-8446-BBF5EEF2F8F2,0C0D142F-06B5-4BE1-8B44-491B90F93DEB
7F7E12D2-E295-41D2-8446-BBF5EEF2F8F2,13A57703-BB1A-41A2-94B8-53B692EB7238
7F7E12D2-E295-41D2-8446-BBF5EEF2F8F2,24380E3F-AD9D-4E38-BF13-C8EEB21893E7
7F7E12D2-E295-41D2-8446-BBF5EEF2F8F2,4D224BCA-C127-408B-AC75-A51563C42411
7F7E12D2-E295-41D2-8446-BBF5EEF2F8F2,587BB2D3-EC35-41B2-B3F7-A39E2B088AEE
7F7E12D2-E295-41D2-8446-BBF5EEF2F8F2,5F723BAD-7359-48FC-98FA-631592256E35
7F7E12D2-E295-41D2-8446-BBF5EEF2F8F2,7CE6E935-F839-4FEC-A63E-052B1DEF39D2
7F7E12D2-E295-41D2-8446-BBF5EEF2F8F2,A59947B7-3376-49B4-AD02-C0423E08C5F7
7F7E12D2-E295-41D2-8446-BBF5EEF2F8F2,AE42B46C-E4B7-4889-A122-08FE180371AE
7F7E12D2-E295-41D2-8446-BBF5EEF2F8F2,C8F98B28-3C10-41AE-AA99-092B3B398C43
7F7E12D2-E295-41D2-8446-BBF5EEF2F8F2,DF4A35E0-7983-4A3E-BC47-F37B872B0F25
7FF37F14-88C8-469E-A447-ACE6D9AF44D2,0B685688-3405-4E2A-ABBA-E3069492EC50
7FF37F14-88C8-469E-A447-ACE6D9AF44D2,4D224BCA-C127-408B-AC75-A51563C42411
7FF37F14-88C8-469E-A447-ACE6D9AF44D2,A59947B7-3376-49B4-AD02-C0423E08C5F7
7FF37F14-88C8-469E-A447-ACE6D9AF44D2,B12FAAB9-713F-4B38-83E4-A273F5A43C77
7FF37F14-88C8-469E-A447-ACE6D9AF44D2,BFF8C027-7C8F-480B-A5F8-CD8CE490BFBA
7FF37F14-88C8-469E-A447-ACE6D9AF44D2,D72206E4-6CD1-4441-A355-F8F1827466B1
7FF57085-3B53-498D-86B5-96F5F1493A06,09DF0950-D319-4557-A57E-04CD2F63FF42
7FF57085-3B53-498D-86B5-96F5F1493A06,0C0D142F-06B5-4BE1-8B44-491B90F93DEB
7FF57085-3B53-498D-86B5-96F5F1493A06,AE42B46C-E4B7-4889-A122-08FE180371AE
7FF57085-3B53-498D-86B5-96F5F1493A06,B204DE60-5A24-43DD-8902-C81625A09A74
7FF57085-3B53-498D-86B5-96F5F1493A06,C8F98B28-3C10-41AE-AA99-092B3B398C43
80B93073-3A9D-4BD8-A8F5-5CB84CD35FE1,B33DC9B6-0B7D-4322-BAD7-A13A34C584A3
80B93073-3A9D-4BD8-A8F5-5CB84CD35FE1,C8F98B28-3C10-41AE-AA99-092B3B398C43
80E30980-1B26-4AE7-A039-FA7D8D119070,01D717BC-18BB-4FE4-95BA-6B13AD702038
80E30980-1B26-4AE7-A039-FA7D8D119070,0307955A-B65C-4CE4-A780-EB36BAAADF0B
80E30980-1B26-4AE7-A039-FA7D8D119070,071BA73C-1D3C-46D4-A53C-00D5602F7F0E
80E30980-1B26-4AE7-A039-FA7D8D119070,0B685688-3405-4E2A-ABBA-E3069492EC50
80E30980-1B26-4AE7-A039-FA7D8D119070,13A57703-BB1A-41A2-94B8-53B692EB7238
80E30980-1B26-4AE7-A039-FA7D8D119070,4D224BCA-C127-408B-AC75-A51563C42411
80E30980-1B26-4AE7-A039-FA7D8D119070,587BB2D3-EC35-41B2-B3F7-A39E2B088AEE
80E30980-1B26-4AE7-A039-FA7D8D119070,7C912B83-1B1B-4807-9B66-97C12211E48E
80E30980-1B26-4AE7-A039-FA7D8D119070,8386EEAF-985F-4DE8-9037-CCF91975AC94
80E30980-1B26-4AE7-A039-FA7D8D119070,A59947B7-3376-49B4-AD02-C0423E08C5F7
80E30980-1B26-4AE7-A039-FA7D8D119070,AE42B46C-E4B7-4889-A122-08FE180371AE
80E30980-1B26-4AE7-A039-FA7D8D119070,BFF8C027-7C8F-480B-A5F8-CD8CE490BFBA
80E30980-1B26-4AE7-A039-FA7D8D119070,DF4A35E0-7983-4A3E-BC47-F37B872B0F25
80E30980-1B26-4AE7-A039-FA7D8D119070,F9B1D433-6B86-4804-AED7-B50A519A3B7C
80EB184D-4B6D-4AD2-B6E2-CAAD6312B27D,0307955A-B65C-4CE4-A780-EB36BAAADF0B
80EB184D-4B6D-4AD2-B6E2-CAAD6312B27D,071BA73C-1D3C-46D4-A53C-00D5602F7F0E
80EB184D-4B6D-4AD2-B6E2-CAAD6312B27D,24380E3F-AD9D-4E38-BF13-C8EEB21893E7
80EB184D-4B6D-4AD2-B6E2-CAAD6312B27D,42FD78B9-2B90-4AA9-BC43-F10E9FEA8B5A
80EB184D-4B6D-4AD2-B6E2-CAAD6312B27D,4D224BCA-C127-408B-AC75-A51563C42411
80EB184D-4B6D-4AD2-B6E2-CAAD6312B27D,5F723BAD-7359-48FC-98FA-631592256E35
80EB184D-4B6D-4AD2-B6E2-CAAD6312B27D,7CE6E935-F839-4FEC-A63E-052B1DEF39D2
80EB184D-4B6D-4AD2-B6E2-CAAD6312B27D,A59947B7-3376-49B4-AD02-C0423E08C5F7
80EB184D-4B6D-4AD2-B6E2-CAAD6312B27D,AE42B46C-E4B7-4889-A122-08FE180371AE
80EB184D-4B6D-4AD2-B6E2-CAAD6312B27D,B12FAAB9-713F-4B38-83E4-A273F5A43C77
80EB184D-4B6D-4AD2-B6E2-CAAD6312B27D,B33DC9B6-0B7D-4322-BAD7-A13A34C584A3
80EB184D-4B6D-4AD2-B6E2-CAAD6312B27D,BFF8C027-7C8F-480B-A5F8-CD8CE490BFBA
80EB184D-4B6D-4AD2-B6E2-CAAD6312B27D,DF4A35E0-7983-4A3E-BC47-F37B872B0F25
81AFEB37-7119-4BF1-B65B-806BAB973FFD,0B685688-3405-4E2A-ABBA-E3069492EC50
81AFEB37-7119-4BF1-B65B-806BAB973FFD,0C0D142F-06B5-4BE1-8B44-491B90F93DEB
81AFEB37-7119-4BF1-B65B-806BAB973FFD,1DFACD97-1B9C-4F5A-80F2-05593604799E
81AFEB37-7119-4BF1-B65B-806BAB973FFD,24380E3F-AD9D-4E38-BF13-C8EEB21893E7
81AFEB37-7119-4BF1-B65B-806BAB973FFD,7CE6E935-F839-4FEC-A63E-052B1DEF39D2
81AFEB37-7119-4BF1-B65B-806BAB973FFD,AE42B46C-E4B7-4889-A122-08FE180371AE
81AFEB37-7119-4BF1-B65B-806BAB973FFD,B33DC9B6-0B7D-4322-BAD7-A13A34C584A3
81AFEB37-7119-4BF1-B65B-806BAB973FFD,BFF8C027-7C8F-480B-A5F8-CD8CE490BFBA
81AFEB37-7119-4BF1-B65B-806BAB973FFD,C8F98B28-3C10-41AE-AA99-092B3B398C43
81AFEB37-7119-4BF1-B65B-806BAB973FFD,DF4A35E0-7983-4A3E-BC47-F37B872B0F25
81CFE898-AD06-4C0D-8A9B-C8D356273F0D,01D717BC-18BB-4FE4-95BA-6B13AD702038
81CFE898-AD06-4C0D-8A9B-C8D356273F0D,0307955A-B65C-4CE4-A780-EB36BAAADF0B
81CFE898-AD06-4C0D-8A9B-C8D356273F0D,071BA73C-1D3C-46D4-A53C-00D5602F7F0E
81CFE898-AD06-4C0D-8A9B-C8D356273F0D,0B685688-3405-4E2A-ABBA-E3069492EC50
81CFE898-AD06-4C0D-8A9B-C8D356273F0D,0C0D142F-06B5-4BE1-8B44-491B90F93DEB
81CFE898-AD06-4C0D-8A9B-C8D356273F0D,13A57703-BB1A-41A2-94B8-53B692EB7238
81CFE898-AD06-4C0D-8A9B-C8D356273F0D,1DFACD97-1B9C-4F5A-80F2-05593604799E
81CFE898-AD06-4C0D-8A9B-C8D356273F0D,24380E3F-AD9D-4E38-BF13-C8EEB21893E7
81CFE898-AD06-4C0D-8A9B-C8D356273F0D,42FD78B9-2B90-4AA9-BC43-F10E9FEA8B5A
81CFE898-AD06-4C0D-8A9B-C8D356273F0D,4D06CEED-90C6-4B69-B264-32CC90B69BA6
81CFE898-AD06-4C0D-8A9B-C8D356273F0D,4D224BCA-C127-408B-AC75-A51563C42411
81CFE898-AD06-4C0D-8A9B-C8D356273F0D,587BB2D3-EC35-41B2-B3F7-A39E2B088AEE
81CFE898-AD06-4C0D-8A9B-C8D356273F0D,7CE6E935-F839-4FEC-A63E-052B1DEF39D2
81CFE898-AD06-4C0D-8A9B-C8D356273F0D,A59947B7-3376-49B4-AD02-C0423E08C5F7
81CFE898-AD06-4C0D-8A9B-C8D356273F0D,AE3C95F5-E05B-4A28-81DD-1C5FD4BE88E2
81CFE898-AD06-4C0D-8A9B-C8D356273F0D,AE42B46C-E4B7-4889-A122-08FE180371AE
81CFE898-AD06-4C0D-8A9B-C8D356273F0D,B12FAAB9-713F-4B38-83E4-A273F5A43C77
81CFE898-AD06-4C0D-8A9B-C8D356273F0D,B33DC9B6-0B7D-4322-BAD7-A13A34C584A3
81CFE898-AD06-4C0D-8A9B-C8D356273F0D,BFF8C027-7C8F-480B-A5F8-CD8CE490BFBA
81CFE898-AD06-4C0D-8A9B-C8D356273F0D,C38B3C62-1BBF-4EA1-A1A2-35DE21B74C17
81CFE898-AD06-4C0D-8A9B-C8D356273F0D,C8F98B28-3C10-41AE-AA99-092B3B398C43
81CFE898-AD06-4C0D-8A9B-C8D356273F0D,DF4A35E0-7983-4A3E-BC47-F37B872B0F25
81CFE898-AD06-4C0D-8A9B-C8D356273F0D,F9B1D433-6B86-4804-AED7-B50A519A3B7C
81F81EBD-0FE7-4811-88EF-AB071E737D97,AE42B46C-E4B7-4889-A122-08FE180371AE
81F81EBD-0FE7-4811-88EF-AB071E737D97,B33DC9B6-0B7D-4322-BAD7-A13A34C584A3
81F81EBD-0FE7-4811-88EF-AB071E737D97,C8F98B28-3C10-41AE-AA99-092B3B398C43
81F81EBD-0FE7-4811-88EF-AB071E737D97,DF4A35E0-7983-4A3E-BC47-F37B872B0F25
8415526C-C932-4236-A634-2D89DF718936,0B685688-3405-4E2A-ABBA-E3069492EC50
8415526C-C932-4236-A634-2D89DF718936,0C0D142F-06B5-4BE1-8B44-491B90F93DEB
8415526C-C932-4236-A634-2D89DF718936,24380E3F-AD9D-4E38-BF13-C8EEB21893E7
8415526C-C932-4236-A634-2D89DF718936,7CE6E935-F839-4FEC-A63E-052B1DEF39D2
8415526C-C932-4236-A634-2D89DF718936,A59947B7-3376-49B4-AD02-C0423E08C5F7
8415526C-C932-4236-A634-2D89DF718936,B204DE60-5A24-43DD-8902-C81625A09A74
8415526C-C932-4236-A634-2D89DF718936,B33DC9B6-0B7D-4322-BAD7-A13A34C584A3
8415526C-C932-4236-A634-2D89DF718936,BFF8C027-7C8F-480B-A5F8-CD8CE490BFBA
8415526C-C932-4236-A634-2D89DF718936,C8F98B28-3C10-41AE-AA99-092B3B398C43
8415526C-C932-4236-A634-2D89DF718936,DF4A35E0-7983-4A3E-BC47-F37B872B0F25
848DFACA-B486-4BC4-AD71-C834F7713793,24380E3F-AD9D-4E38-BF13-C8EEB21893E7
848DFACA-B486-4BC4-AD71-C834F7713793,DF4A35E0-7983-4A3E-BC47-F37B872B0F25
855C9CDC-89B3-4143-9496-D9E6AE292CA1,24380E3F-AD9D-4E38-BF13-C8EEB21893E7
855C9CDC-89B3-4143-9496-D9E6AE292CA1,B33DC9B6-0B7D-4322-BAD7-A13A34C584A3
855C9CDC-89B3-4143-9496-D9E6AE292CA1,DF4A35E0-7983-4A3E-BC47-F37B872B0F25
859727CB-2812-40DF-B8DB-D4AE9EA00089,01D717BC-18BB-4FE4-95BA-6B13AD702038
859727CB-2812-40DF-B8DB-D4AE9EA00089,071BA73C-1D3C-46D4-A53C-00D5602F7F0E
859727CB-2812-40DF-B8DB-D4AE9EA00089,09DF0950-D319-4557-A57E-04CD2F63FF42
859727CB-2812-40DF-B8DB-D4AE9EA00089,0B685688-3405-4E2A-ABBA-E3069492EC50
859727CB-2812-40DF-B8DB-D4AE9EA00089,0C0D142F-06B5-4BE1-8B44-491B90F93DEB
859727CB-2812-40DF-B8DB-D4AE9EA00089,13A57703-BB1A-41A2-94B8-53B692EB7238
859727CB-2812-40DF-B8DB-D4AE9EA00089,1DFACD97-1B9C-4F5A-80F2-05593604799E
859727CB-2812-40DF-B8DB-D4AE9EA00089,24380E3F-AD9D-4E38-BF13-C8EEB21893E7
859727CB-2812-40DF-B8DB-D4AE9EA00089,4D06CEED-90C6-4B69-B264-32CC90B69BA6
859727CB-2812-40DF-B8DB-D4AE9EA00089,4D224BCA-C127-408B-AC75-A51563C42411
859727CB-2812-40DF-B8DB-D4AE9EA00089,587BB2D3-EC35-41B2-B3F7-A39E2B088AEE
859727CB-2812-40DF-B8DB-D4AE9EA00089,7C912B83-1B1B-4807-9B66-97C12211E48E
859727CB-2812-40DF-B8DB-D4AE9EA00089,7CE6E935-F839-4FEC-A63E-052B1DEF39D2
859727CB-2812-40DF-B8DB-D4AE9EA00089,8A1C7B17-C2C6-4F7C-9539-EA1E19971D80
859727CB-2812-40DF-B8DB-D4AE9EA00089,A59947B7-3376-49B4-AD02-C0423E08C5F7
859727CB-2812-40DF-B8DB-D4AE9EA00089,AE42B46C-E4B7-4889-A122-08FE180371AE
859727CB-2812-40DF-B8DB-D4AE9EA00089,B204DE60-5A24-43DD-8902-C81625A09A74
859727CB-2812-40DF-B8DB-D4AE9EA00089,B33DC9B6-0B7D-4322-BAD7-A13A34C584A3
859727CB-2812-40DF-B8DB-D4AE9EA00089,BFF8C027-7C8F-480B-A5F8-CD8CE490BFBA
859727CB-2812-40DF-B8DB-D4AE9EA00089,C8F98B28-3C10-41AE-AA99-092B3B398C43
859727CB-2812-40DF-B8DB-D4AE9EA00089,DF4A35E0-7983-4A3E-BC47-F37B872B0F25
859727CB-2812-40DF-B8DB-D4AE9EA00089,F9B1D433-6B86-4804-AED7-B50A519A3B7C
869BAD2B-C46F-4FEB-891B-EBA119B64B48,24380E3F-AD9D-4E38-BF13-C8EEB21893E7
869BAD2B-C46F-4FEB-891B-EBA119B64B48,5F723BAD-7359-48FC-98FA-631592256E35
869BAD2B-C46F-4FEB-891B-EBA119B64B48,A59947B7-3376-49B4-AD02-C0423E08C5F7
869BAD2B-C46F-4FEB-891B-EBA119B64B48,B33DC9B6-0B7D-4322-BAD7-A13A34C584A3
869BAD2B-C46F-4FEB-891B-EBA119B64B48,BFF8C027-7C8F-480B-A5F8-CD8CE490BFBA
869BAD2B-C46F-4FEB-891B-EBA119B64B48,DF4A35E0-7983-4A3E-BC47-F37B872B0F25
872417E6-2F91-4FDA-89A7-865B51B22332,A59947B7-3376-49B4-AD02-C0423E08C5F7
87F00684-8E1F-4E12-B463-2B5B929A0C74,B33DC9B6-0B7D-4322-BAD7-A13A34C584A3
87F00684-8E1F-4E12-B463-2B5B929A0C74,C8F98B28-3C10-41AE-AA99-092B3B398C43
87F00684-8E1F-4E12-B463-2B5B929A0C74,DF4A35E0-7983-4A3E-BC47-F37B872B0F25
87F9EFC7-1951-4250-A367-644EC5C4E6A2,09DF0950-D319-4557-A57E-04CD2F63FF42
87F9EFC7-1951-4250-A367-644EC5C4E6A2,0B685688-3405-4E2A-ABBA-E3069492EC50
87F9EFC7-1951-4250-A367-644EC5C4E6A2,0C0D142F-06B5-4BE1-8B44-491B90F93DEB
87F9EFC7-1951-4250-A367-644EC5C4E6A2,24380E3F-AD9D-4E38-BF13-C8EEB21893E7
87F9EFC7-1951-4250-A367-644EC5C4E6A2,7CE6E935-F839-4FEC-A63E-052B1DEF39D2
87F9EFC7-1951-4250-A367-644EC5C4E6A2,B204DE60-5A24-43DD-8902-C81625A09A74
87F9EFC7-1951-4250-A367-644EC5C4E6A2,B33DC9B6-0B7D-4322-BAD7-A13A34C584A3
87F9EFC7-1951-4250-A367-644EC5C4E6A2,BFF8C027-7C8F-480B-A5F8-CD8CE490BFBA
87F9EFC7-1951-4250-A367-644EC5C4E6A2,C8F98B28-3C10-41AE-AA99-092B3B398C43
87F9EFC7-1951-4250-A367-644EC5C4E6A2,DF4A35E0-7983-4A3E-BC47-F37B872B0F25
88F37F00-EAD0-44C4-88D1-F42D52BF661B,24380E3F-AD9D-4E38-BF13-C8EEB21893E7
8908E0CA-3603-4578-B957-837F9813E6D5,01D717BC-18BB-4FE4-95BA-6B13AD702038
8908E0CA-3603-4578-B957-837F9813E6D5,0307955A-B65C-4CE4-A780-EB36BAAADF0B
8908E0CA-3603-4578-B957-837F9813E6D5,0B685688-3405-4E2A-ABBA-E3069492EC50
8908E0CA-3603-4578-B957-837F9813E6D5,13A57703-BB1A-41A2-94B8-53B692EB7238
8908E0CA-3603-4578-B957-837F9813E6D5,1DFACD97-1B9C-4F5A-80F2-05593604799E
8908E0CA-3603-4578-B957-837F9813E6D5,24380E3F-AD9D-4E38-BF13-C8EEB21893E7
8908E0CA-3603-4578-B957-837F9813E6D5,7CE6E935-F839-4FEC-A63E-052B1DEF39D2
8908E0CA-3603-4578-B957-837F9813E6D5,8386EEAF-985F-4DE8-9037-CCF91975AC94
8908E0CA-3603-4578-B957-837F9813E6D5,AE42B46C-E4B7-4889-A122-08FE180371AE
8908E0CA-3603-4578-B957-837F9813E6D5,B33DC9B6-0B7D-4322-BAD7-A13A34C584A3
8908E0CA-3603-4578-B957-837F9813E6D5,BFF8C027-7C8F-480B-A5F8-CD8CE490BFBA
8908E0CA-3603-4578-B957-837F9813E6D5,DF4A35E0-7983-4A3E-BC47-F37B872B0F25
8908E0CA-3603-4578-B957-837F9813E6D5,F9B1D433-6B86-4804-AED7-B50A519A3B7C
89157226-8474-4BAE-B471-F1730993A468,09DF0950-D319-4557-A57E-04CD2F63FF42
89157226-8474-4BAE-B471-F1730993A468,0B685688-3405-4E2A-ABBA-E3069492EC50
89157226-8474-4BAE-B471-F1730993A468,0C0D142F-06B5-4BE1-8B44-491B90F93DEB
89157226-8474-4BAE-B471-F1730993A468,1DFACD97-1B9C-4F5A-80F2-05593604799E
89157226-8474-4BAE-B471-F1730993A468,24380E3F-AD9D-4E38-BF13-C8EEB21893E7
89157226-8474-4BAE-B471-F1730993A468,42FD78B9-2B90-4AA9-BC43-F10E9FEA8B5A
89157226-8474-4BAE-B471-F1730993A468,7CE6E935-F839-4FEC-A63E-052B1DEF39D2
89157226-8474-4BAE-B471-F1730993A468,AE42B46C-E4B7-4889-A122-08FE180371AE
89157226-8474-4BAE-B471-F1730993A468,B204DE60-5A24-43DD-8902-C81625A09A74
89157226-8474-4BAE-B471-F1730993A468,B33DC9B6-0B7D-4322-BAD7-A13A34C584A3
89157226-8474-4BAE-B471-F1730993A468,BFF8C027-7C8F-480B-A5F8-CD8CE490BFBA
89157226-8474-4BAE-B471-F1730993A468,C8F98B28-3C10-41AE-AA99-092B3B398C43
89157226-8474-4BAE-B471-F1730993A468,DF4A35E0-7983-4A3E-BC47-F37B872B0F25
89303609-703C-43CB-BA65-5BB96C3698C2,09DF0950-D319-4557-A57E-04CD2F63FF42
89303609-703C-43CB-BA65-5BB96C3698C2,0B685688-3405-4E2A-ABBA-E3069492EC50
89303609-703C-43CB-BA65-5BB96C3698C2,0C0D142F-06B5-4BE1-8B44-491B90F93DEB
89303609-703C-43CB-BA65-5BB96C3698C2,24380E3F-AD9D-4E38-BF13-C8EEB21893E7
89303609-703C-43CB-BA65-5BB96C3698C2,7CE6E935-F839-4FEC-A63E-052B1DEF39D2
89303609-703C-43CB-BA65-5BB96C3698C2,B204DE60-5A24-43DD-8902-C81625A09A74
89303609-703C-43CB-BA65-5BB96C3698C2,B33DC9B6-0B7D-4322-BAD7-A13A34C584A3
89303609-703C-43CB-BA65-5BB96C3698C2,C11D3746-5063-4BD0-B245-7178D1AD866C
89303609-703C-43CB-BA65-5BB96C3698C2,C8F98B28-3C10-41AE-AA99-092B3B398C43
89303609-703C-43CB-BA65-5BB96C3698C2,DF4A35E0-7983-4A3E-BC47-F37B872B0F25
89730CB2-BB7D-400B-AF35-5F95A574D97D,0307955A-B65C-4CE4-A780-EB36BAAADF0B
89730CB2-BB7D-400B-AF35-5F95A574D97D,071BA73C-1D3C-46D4-A53C-00D5602F7F0E
89730CB2-BB7D-400B-AF35-5F95A574D97D,0B685688-3405-4E2A-ABBA-E3069492EC50
89730CB2-BB7D-400B-AF35-5F95A574D97D,13A57703-BB1A-41A2-94B8-53B692EB7238
89730CB2-BB7D-400B-AF35-5F95A574D97D,1DFACD97-1B9C-4F5A-80F2-05593604799E
89730CB2-BB7D-400B-AF35-5F95A574D97D,24380E3F-AD9D-4E38-BF13-C8EEB21893E7
89730CB2-BB7D-400B-AF35-5F95A574D97D,42CF4021-8524-428E-866A-D33097A4A764
89730CB2-BB7D-400B-AF35-5F95A574D97D,4D224BCA-C127-408B-AC75-A51563C42411
89730CB2-BB7D-400B-AF35-5F95A574D97D,587BB2D3-EC35-41B2-B3F7-A39E2B088AEE
89730CB2-BB7D-400B-AF35-5F95A574D97D,7CE6E935-F839-4FEC-A63E-052B1DEF39D2
89730CB2-BB7D-400B-AF35-5F95A574D97D,8386EEAF-985F-4DE8-9037-CCF91975AC94
89730CB2-BB7D-400B-AF35-5F95A574D97D,8A1C7B17-C2C6-4F7C-9539-EA1E19971D80
89730CB2-BB7D-400B-AF35-5F95A574D97D,A59947B7-3376-49B4-AD02-C0423E08C5F7
89730CB2-BB7D-400B-AF35-5F95A574D97D,AE42B46C-E4B7-4889-A122-08FE180371AE
89730CB2-BB7D-400B-AF35-5F95A574D97D,B204DE60-5A24-43DD-8902-C81625A09A74
89730CB2-BB7D-400B-AF35-5F95A574D97D,B33DC9B6-0B7D-4322-BAD7-A13A34C584A3
89730CB2-BB7D-400B-AF35-5F95A574D97D,BFF8C027-7C8F-480B-A5F8-CD8CE490BFBA
89730CB2-BB7D-400B-AF35-5F95A574D97D,C8F98B28-3C10-41AE-AA99-092B3B398C43
89730CB2-BB7D-400B-AF35-5F95A574D97D,DF4A35E0-7983-4A3E-BC47-F37B872B0F25
8A31246D-5AB9-4A0E-8FBA-A9780C468935,071BA73C-1D3C-46D4-A53C-00D5602F7F0E
8A31246D-5AB9-4A0E-8FBA-A9780C468935,09DF0950-D319-4557-A57E-04CD2F63FF42
8A31246D-5AB9-4A0E-8FBA-A9780C468935,0B685688-3405-4E2A-ABBA-E3069492EC50
8A31246D-5AB9-4A0E-8FBA-A9780C468935,13A57703-BB1A-41A2-94B8-53B692EB7238
8A31246D-5AB9-4A0E-8FBA-A9780C468935,1DFACD97-1B9C-4F5A-80F2-05593604799E
8A31246D-5AB9-4A0E-8FBA-A9780C468935,24380E3F-AD9D-4E38-BF13-C8EEB21893E7
8A31246D-5AB9-4A0E-8FBA-A9780C468935,587BB2D3-EC35-41B2-B3F7-A39E2B088AEE
8A31246D-5AB9-4A0E-8FBA-A9780C468935,8386EEAF-985F-4DE8-9037-CCF91975AC94
8A31246D-5AB9-4A0E-8FBA-A9780C468935,A59947B7-3376-49B4-AD02-C0423E08C5F7
8A31246D-5AB9-4A0E-8FBA-A9780C468935,AE42B46C-E4B7-4889-A122-08FE180371AE
8A31246D-5AB9-4A0E-8FBA-A9780C468935,B33DC9B6-0B7D-4322-BAD7-A13A34C584A3
8A31246D-5AB9-4A0E-8FBA-A9780C468935,DF4A35E0-7983-4A3E-BC47-F37B872B0F25
8A4FA0D4-A3BE-4AE2-8303-1936D9BA1E29,0307955A-B65C-4CE4-A780-EB36BAAADF0B
8A4FA0D4-A3BE-4AE2-8303-1936D9BA1E29,0B685688-3405-4E2A-ABBA-E3069492EC50
8A4FA0D4-A3BE-4AE2-8303-1936D9BA1E29,0C0D142F-06B5-4BE1-8B44-491B90F93DEB
8A4FA0D4-A3BE-4AE2-8303-1936D9BA1E29,13A57703-BB1A-41A2-94B8-53B692EB7238
8A4FA0D4-A3BE-4AE2-8303-1936D9BA1E29,24380E3F-AD9D-4E38-BF13-C8EEB21893E7
8A4FA0D4-A3BE-4AE2-8303-1936D9BA1E29,5F723BAD-7359-48FC-98FA-631592256E35
8A4FA0D4-A3BE-4AE2-8303-1936D9BA1E29,7CE6E935-F839-4FEC-A63E-052B1DEF39D2
8A4FA0D4-A3BE-4AE2-8303-1936D9BA1E29,A59947B7-3376-49B4-AD02-C0423E08C5F7
8A4FA0D4-A3BE-4AE2-8303-1936D9BA1E29,B33DC9B6-0B7D-4322-BAD7-A13A34C584A3
8A4FA0D4-A3BE-4AE2-8303-1936D9BA1E29,BFF8C027-7C8F-480B-A5F8-CD8CE490BFBA
8A4FA0D4-A3BE-4AE2-8303-1936D9BA1E29,C8F98B28-3C10-41AE-AA99-092B3B398C43
8A4FA0D4-A3BE-4AE2-8303-1936D9BA1E29,DF4A35E0-7983-4A3E-BC47-F37B872B0F25
8A6C3A35-C48B-4125-82E1-939A1B3A535C,09DF0950-D319-4557-A57E-04CD2F63FF42
8A6C3A35-C48B-4125-82E1-939A1B3A535C,0B685688-3405-4E2A-ABBA-E3069492EC50
8A6C3A35-C48B-4125-82E1-939A1B3A535C,0C0D142F-06B5-4BE1-8B44-491B90F93DEB
8A6C3A35-C48B-4125-82E1-939A1B3A535C,1DFACD97-1B9C-4F5A-80F2-05593604799E
8A6C3A35-C48B-4125-82E1-939A1B3A535C,7CE6E935-F839-4FEC-A63E-052B1DEF39D2
8A6C3A35-C48B-4125-82E1-939A1B3A535C,B204DE60-5A24-43DD-8902-C81625A09A74
8A6C3A35-C48B-4125-82E1-939A1B3A535C,B33DC9B6-0B7D-4322-BAD7-A13A34C584A3
8A6C3A35-C48B-4125-82E1-939A1B3A535C,BFF8C027-7C8F-480B-A5F8-CD8CE490BFBA
8A6C3A35-C48B-4125-82E1-939A1B3A535C,DF4A35E0-7983-4A3E-BC47-F37B872B0F25
8B07C05F-9C4A-4799-8428-DFA2BBB733AC,0307955A-B65C-4CE4-A780-EB36BAAADF0B
8B07C05F-9C4A-4799-8428-DFA2BBB733AC,09DF0950-D319-4557-A57E-04CD2F63FF42
8B07C05F-9C4A-4799-8428-DFA2BBB733AC,5F723BAD-7359-48FC-98FA-631592256E35
8B07C05F-9C4A-4799-8428-DFA2BBB733AC,BFF8C027-7C8F-480B-A5F8-CD8CE490BFBA
8C330DA3-6194-4034-8948-C6B6772B82A0,0307955A-B65C-4CE4-A780-EB36BAAADF0B
8C330DA3-6194-4034-8948-C6B6772B82A0,09DF0950-D319-4557-A57E-04CD2F63FF42
8C330DA3-6194-4034-8948-C6B6772B82A0,0B685688-3405-4E2A-ABBA-E3069492EC50
8C330DA3-6194-4034-8948-C6B6772B82A0,0C0D142F-06B5-4BE1-8B44-491B90F93DEB
8C330DA3-6194-4034-8948-C6B6772B82A0,1DFACD97-1B9C-4F5A-80F2-05593604799E
8C330DA3-6194-4034-8948-C6B6772B82A0,24380E3F-AD9D-4E38-BF13-C8EEB21893E7
8C330DA3-6194-4034-8948-C6B6772B82A0,5F723BAD-7359-48FC-98FA-631592256E35
8C330DA3-6194-4034-8948-C6B6772B82A0,7CE6E935-F839-4FEC-A63E-052B1DEF39D2
8C330DA3-6194-4034-8948-C6B6772B82A0,A59947B7-3376-49B4-AD02-C0423E08C5F7
8C330DA3-6194-4034-8948-C6B6772B82A0,B204DE60-5A24-43DD-8902-C81625A09A74
8C330DA3-6194-4034-8948-C6B6772B82A0,B33DC9B6-0B7D-4322-BAD7-A13A34C584A3
8C330DA3-6194-4034-8948-C6B6772B82A0,BFF8C027-7C8F-480B-A5F8-CD8CE490BFBA
8C330DA3-6194-4034-8948-C6B6772B82A0,C8F98B28-3C10-41AE-AA99-092B3B398C43
8C330DA3-6194-4034-8948-C6B6772B82A0,DF4A35E0-7983-4A3E-BC47-F37B872B0F25
8CA5777A-FFDF-45AE-9705-C4DE268D1BCC,0C0D142F-06B5-4BE1-8B44-491B90F93DEB
8CA5777A-FFDF-45AE-9705-C4DE268D1BCC,24380E3F-AD9D-4E38-BF13-C8EEB21893E7
8CA5777A-FFDF-45AE-9705-C4DE268D1BCC,B204DE60-5A24-43DD-8902-C81625A09A74
8CA5777A-FFDF-45AE-9705-C4DE268D1BCC,B33DC9B6-0B7D-4322-BAD7-A13A34C584A3
8CA5777A-FFDF-45AE-9705-C4DE268D1BCC,C8F98B28-3C10-41AE-AA99-092B3B398C43
8CA5777A-FFDF-45AE-9705-C4DE268D1BCC,DF4A35E0-7983-4A3E-BC47-F37B872B0F25
8CB65BC9-2A9D-4AA0-A5E2-B64E9CDA1575,0C0D142F-06B5-4BE1-8B44-491B90F93DEB
8CB65BC9-2A9D-4AA0-A5E2-B64E9CDA1575,1DFACD97-1B9C-4F5A-80F2-05593604799E
8CB65BC9-2A9D-4AA0-A5E2-B64E9CDA1575,24380E3F-AD9D-4E38-BF13-C8EEB21893E7
8CB65BC9-2A9D-4AA0-A5E2-B64E9CDA1575,B33DC9B6-0B7D-4322-BAD7-A13A34C584A3
8CB65BC9-2A9D-4AA0-A5E2-B64E9CDA1575,DF4A35E0-7983-4A3E-BC47-F37B872B0F25
8CBA3879-59AB-4EFE-8523-1DC6F77FB212,09DF0950-D319-4557-A57E-04CD2F63FF42
8CBA3879-59AB-4EFE-8523-1DC6F77FB212,1DFACD97-1B9C-4F5A-80F2-05593604799E
8CBA3879-59AB-4EFE-8523-1DC6F77FB212,24380E3F-AD9D-4E38-BF13-C8EEB21893E7
8CBA3879-59AB-4EFE-8523-1DC6F77FB212,AE42B46C-E4B7-4889-A122-08FE180371AE
8CBA3879-59AB-4EFE-8523-1DC6F77FB212,B204DE60-5A24-43DD-8902-C81625A09A74
8CBA3879-59AB-4EFE-8523-1DC6F77FB212,B33DC9B6-0B7D-4322-BAD7-A13A34C584A3
8CBA3879-59AB-4EFE-8523-1DC6F77FB212,BFF8C027-7C8F-480B-A5F8-CD8CE490BFBA
8CBA3879-59AB-4EFE-8523-1DC6F77FB212,DF4A35E0-7983-4A3E-BC47-F37B872B0F25
8CEE28AB-50AE-4AC6-ACEF-B209A5346743,0B685688-3405-4E2A-ABBA-E3069492EC50
8CEE28AB-50AE-4AC6-ACEF-B209A5346743,1DFACD97-1B9C-4F5A-80F2-05593604799E
8CEE28AB-50AE-4AC6-ACEF-B209A5346743,7779241F-A70B-49BC-86F0-829AE332C708
8CEE28AB-50AE-4AC6-ACEF-B209A5346743,A59947B7-3376-49B4-AD02-C0423E08C5F7
8CEE28AB-50AE-4AC6-ACEF-B209A5346743,BFF8C027-7C8F-480B-A5F8-CD8CE490BFBA
8CEE28AB-50AE-4AC6-ACEF-B209A5346743,DF4A35E0-7983-4A3E-BC47-F37B872B0F25
8D803E2F-FB28-4DC3-9EDC-7FDAE185C092,01D717BC-18BB-4FE4-95BA-6B13AD702038
8D803E2F-FB28-4DC3-9EDC-7FDAE185C092,071BA73C-1D3C-46D4-A53C-00D5602F7F0E
8D803E2F-FB28-4DC3-9EDC-7FDAE185C092,0B685688-3405-4E2A-ABBA-E3069492EC50
8D803E2F-FB28-4DC3-9EDC-7FDAE185C092,13A57703-BB1A-41A2-94B8-53B692EB7238
8D803E2F-FB28-4DC3-9EDC-7FDAE185C092,1DFACD97-1B9C-4F5A-80F2-05593604799E
8D803E2F-FB28-4DC3-9EDC-7FDAE185C092,24380E3F-AD9D-4E38-BF13-C8EEB21893E7
8D803E2F-FB28-4DC3-9EDC-7FDAE185C092,42CF4021-8524-428E-866A-D33097A4A764
8D803E2F-FB28-4DC3-9EDC-7FDAE185C092,42FD78B9-2B90-4AA9-BC43-F10E9FEA8B5A
8D803E2F-FB28-4DC3-9EDC-7FDAE185C092,4D224BCA-C127-408B-AC75-A51563C42411
8D803E2F-FB28-4DC3-9EDC-7FDAE185C092,587BB2D3-EC35-41B2-B3F7-A39E2B088AEE
8D803E2F-FB28-4DC3-9EDC-7FDAE185C092,5F723BAD-7359-48FC-98FA-631592256E35
8D803E2F-FB28-4DC3-9EDC-7FDAE185C092,7C912B83-1B1B-4807-9B66-97C12211E48E
8D803E2F-FB28-4DC3-9EDC-7FDAE185C092,7CE6E935-F839-4FEC-A63E-052B1DEF39D2
8D803E2F-FB28-4DC3-9EDC-7FDAE185C092,8386EEAF-985F-4DE8-9037-CCF91975AC94
8D803E2F-FB28-4DC3-9EDC-7FDAE185C092,A59947B7-3376-49B4-AD02-C0423E08C5F7
8D803E2F-FB28-4DC3-9EDC-7FDAE185C092,AE42B46C-E4B7-4889-A122-08FE180371AE
8D803E2F-FB28-4DC3-9EDC-7FDAE185C092,B12FAAB9-713F-4B38-83E4-A273F5A43C77
8D803E2F-FB28-4DC3-9EDC-7FDAE185C092,B33DC9B6-0B7D-4322-BAD7-A13A34C584A3
8D803E2F-FB28-4DC3-9EDC-7FDAE185C092,BFF8C027-7C8F-480B-A5F8-CD8CE490BFBA
8D803E2F-FB28-4DC3-9EDC-7FDAE185C092,C38B3C62-1BBF-4EA1-A1A2-35DE21B74C17
8D803E2F-FB28-4DC3-9EDC-7FDAE185C092,C8F98B28-3C10-41AE-AA99-092B3B398C43
8D803E2F-FB28-4DC3-9EDC-7FDAE185C092,DF4A35E0-7983-4A3E-BC47-F37B872B0F25
8D803E2F-FB28-4DC3-9EDC-7FDAE185C092,F9B1D433-6B86-4804-AED7-B50A519A3B7C
8DFC9C19-FF0A-4B48-A34F-FD3D02BFE100,0C0D142F-06B5-4BE1-8B44-491B90F93DEB
8DFC9C19-FF0A-4B48-A34F-FD3D02BFE100,24380E3F-AD9D-4E38-BF13-C8EEB21893E7
8DFC9C19-FF0A-4B48-A34F-FD3D02BFE100,B33DC9B6-0B7D-4322-BAD7-A13A34C584A3
8DFC9C19-FF0A-4B48-A34F-FD3D02BFE100,BFF8C027-7C8F-480B-A5F8-CD8CE490BFBA
8DFC9C19-FF0A-4B48-A34F-FD3D02BFE100,DF4A35E0-7983-4A3E-BC47-F37B872B0F25
8F17B3D6-BFA2-49F2-B553-C10B2B3A3EED,24380E3F-AD9D-4E38-BF13-C8EEB21893E7
8F17B3D6-BFA2-49F2-B553-C10B2B3A3EED,4D224BCA-C127-408B-AC75-A51563C42411
8F17B3D6-BFA2-49F2-B553-C10B2B3A3EED,5F723BAD-7359-48FC-98FA-631592256E35
8F17B3D6-BFA2-49F2-B553-C10B2B3A3EED,B204DE60-5A24-43DD-8902-C81625A09A74
8F17B3D6-BFA2-49F2-B553-C10B2B3A3EED,B33DC9B6-0B7D-4322-BAD7-A13A34C584A3
8F17B3D6-BFA2-49F2-B553-C10B2B3A3EED,BFF8C027-7C8F-480B-A5F8-CD8CE490BFBA
8F17B3D6-BFA2-49F2-B553-C10B2B3A3EED,C8F98B28-3C10-41AE-AA99-092B3B398C43
8F17B3D6-BFA2-49F2-B553-C10B2B3A3EED,DF4A35E0-7983-4A3E-BC47-F37B872B0F25
8F858FBE-8E28-491A-BCBD-67E23D535EEA,0C0D142F-06B5-4BE1-8B44-491B90F93DEB
8F858FBE-8E28-491A-BCBD-67E23D535EEA,1DFACD97-1B9C-4F5A-80F2-05593604799E
8F858FBE-8E28-491A-BCBD-67E23D535EEA,24380E3F-AD9D-4E38-BF13-C8EEB21893E7
8F858FBE-8E28-491A-BCBD-67E23D535EEA,B204DE60-5A24-43DD-8902-C81625A09A74
8F858FBE-8E28-491A-BCBD-67E23D535EEA,B33DC9B6-0B7D-4322-BAD7-A13A34C584A3
8F858FBE-8E28-491A-BCBD-67E23D535EEA,BFF8C027-7C8F-480B-A5F8-CD8CE490BFBA
8F858FBE-8E28-491A-BCBD-67E23D535EEA,C8F98B28-3C10-41AE-AA99-092B3B398C43
8F858FBE-8E28-491A-BCBD-67E23D535EEA,DF4A35E0-7983-4A3E-BC47-F37B872B0F25
8F8CC788-D1BB-42BC-A41E-B442E2B001C8,0B685688-3405-4E2A-ABBA-E3069492EC50
8F8CC788-D1BB-42BC-A41E-B442E2B001C8,24380E3F-AD9D-4E38-BF13-C8EEB21893E7
8F8CC788-D1BB-42BC-A41E-B442E2B001C8,B33DC9B6-0B7D-4322-BAD7-A13A34C584A3
8F8CC788-D1BB-42BC-A41E-B442E2B001C8,DF4A35E0-7983-4A3E-BC47-F37B872B0F25
913100E9-987E-4659-8124-DFCEE3158FCB,071BA73C-1D3C-46D4-A53C-00D5602F7F0E
913100E9-987E-4659-8124-DFCEE3158FCB,0B685688-3405-4E2A-ABBA-E3069492EC50
913100E9-987E-4659-8124-DFCEE3158FCB,4D224BCA-C127-408B-AC75-A51563C42411
913100E9-987E-4659-8124-DFCEE3158FCB,7CE6E935-F839-4FEC-A63E-052B1DEF39D2
913100E9-987E-4659-8124-DFCEE3158FCB,8386EEAF-985F-4DE8-9037-CCF91975AC94
913100E9-987E-4659-8124-DFCEE3158FCB,AE42B46C-E4B7-4889-A122-08FE180371AE
913100E9-987E-4659-8124-DFCEE3158FCB,B204DE60-5A24-43DD-8902-C81625A09A74
913100E9-987E-4659-8124-DFCEE3158FCB,BFF8C027-7C8F-480B-A5F8-CD8CE490BFBA
913100E9-987E-4659-8124-DFCEE3158FCB,C11D3746-5063-4BD0-B245-7178D1AD866C
913100E9-987E-4659-8124-DFCEE3158FCB,C38B3C62-1BBF-4EA1-A1A2-35DE21B74C17
913100E9-987E-4659-8124-DFCEE3158FCB,C8F98B28-3C10-41AE-AA99-092B3B398C43
913100E9-987E-4659-8124-DFCEE3158FCB,DF4A35E0-7983-4A3E-BC47-F37B872B0F25
913100E9-987E-4659-8124-DFCEE3158FCB,F9B1D433-6B86-4804-AED7-B50A519A3B7C
9192FFEE-4D88-4A03-A054-F47C33F0C3E9,01D717BC-18BB-4FE4-95BA-6B13AD702038
9192FFEE-4D88-4A03-A054-F47C33F0C3E9,0307955A-B65C-4CE4-A780-EB36BAAADF0B
9192FFEE-4D88-4A03-A054-F47C33F0C3E9,071BA73C-1D3C-46D4-A53C-00D5602F7F0E
9192FFEE-4D88-4A03-A054-F47C33F0C3E9,0B685688-3405-4E2A-ABBA-E3069492EC50
9192FFEE-4D88-4A03-A054-F47C33F0C3E9,24380E3F-AD9D-4E38-BF13-C8EEB21893E7
9192FFEE-4D88-4A03-A054-F47C33F0C3E9,4D224BCA-C127-408B-AC75-A51563C42411
9192FFEE-4D88-4A03-A054-F47C33F0C3E9,5FF5B286-E9C3-430E-B612-3380D8138600
9192FFEE-4D88-4A03-A054-F47C33F0C3E9,7CE6E935-F839-4FEC-A63E-052B1DEF39D2
9192FFEE-4D88-4A03-A054-F47C33F0C3E9,A59947B7-3376-49B4-AD02-C0423E08C5F7
9192FFEE-4D88-4A03-A054-F47C33F0C3E9,AE42B46C-E4B7-4889-A122-08FE180371AE
9192FFEE-4D88-4A03-A054-F47C33F0C3E9,B33DC9B6-0B7D-4322-BAD7-A13A34C584A3
9192FFEE-4D88-4A03-A054-F47C33F0C3E9,BFF8C027-7C8F-480B-A5F8-CD8CE490BFBA
9192FFEE-4D88-4A03-A054-F47C33F0C3E9,DF4A35E0-7983-4A3E-BC47-F37B872B0F25
9192FFEE-4D88-4A03-A054-F47C33F0C3E9,F9B1D433-6B86-4804-AED7-B50A519A3B7C
932C699A-5680-4EA3-8C62-69A6A7D286C5,01D717BC-18BB-4FE4-95BA-6B13AD702038
932C699A-5680-4EA3-8C62-69A6A7D286C5,09DF0950-D319-4557-A57E-04CD2F63FF42
932C699A-5680-4EA3-8C62-69A6A7D286C5,0B685688-3405-4E2A-ABBA-E3069492EC50
932C699A-5680-4EA3-8C62-69A6A7D286C5,0C0D142F-06B5-4BE1-8B44-491B90F93DEB
932C699A-5680-4EA3-8C62-69A6A7D286C5,1DFACD97-1B9C-4F5A-80F2-05593604799E
932C699A-5680-4EA3-8C62-69A6A7D286C5,24380E3F-AD9D-4E38-BF13-C8EEB21893E7
932C699A-5680-4EA3-8C62-69A6A7D286C5,B33DC9B6-0B7D-4322-BAD7-A13A34C584A3
932C699A-5680-4EA3-8C62-69A6A7D286C5,C8F98B28-3C10-41AE-AA99-092B3B398C43
932C699A-5680-4EA3-8C62-69A6A7D286C5,DF4A35E0-7983-4A3E-BC47-F37B872B0F25
93BB79F9-D700-4202-B21C-B2354617A729,0B685688-3405-4E2A-ABBA-E3069492EC50
93BB79F9-D700-4202-B21C-B2354617A729,13A57703-BB1A-41A2-94B8-53B692EB7238
93BB79F9-D700-4202-B21C-B2354617A729,7CE6E935-F839-4FEC-A63E-052B1DEF39D2
93BB79F9-D700-4202-B21C-B2354617A729,B33DC9B6-0B7D-4322-BAD7-A13A34C584A3
93BB79F9-D700-4202-B21C-B2354617A729,BFF8C027-7C8F-480B-A5F8-CD8CE490BFBA
93BB79F9-D700-4202-B21C-B2354617A729,C8F98B28-3C10-41AE-AA99-092B3B398C43
93BB79F9-D700-4202-B21C-B2354617A729,DF4A35E0-7983-4A3E-BC47-F37B872B0F25
9463E25C-7342-4A34-9537-4A6DA74B2B06,071BA73C-1D3C-46D4-A53C-00D5602F7F0E
9463E25C-7342-4A34-9537-4A6DA74B2B06,0B685688-3405-4E2A-ABBA-E3069492EC50
9463E25C-7342-4A34-9537-4A6DA74B2B06,1DFACD97-1B9C-4F5A-80F2-05593604799E
9463E25C-7342-4A34-9537-4A6DA74B2B06,4D224BCA-C127-408B-AC75-A51563C42411
9463E25C-7342-4A34-9537-4A6DA74B2B06,7779241F-A70B-49BC-86F0-829AE332C708
9463E25C-7342-4A34-9537-4A6DA74B2B06,7CE6E935-F839-4FEC-A63E-052B1DEF39D2
9463E25C-7342-4A34-9537-4A6DA74B2B06,94369BFD-F186-477E-8713-AE2A745154DA
9463E25C-7342-4A34-9537-4A6DA74B2B06,AE42B46C-E4B7-4889-A122-08FE180371AE
9463E25C-7342-4A34-9537-4A6DA74B2B06,B33DC9B6-0B7D-4322-BAD7-A13A34C584A3
94B046DC-2AFD-4ECB-A60D-CE210A8550B1,0B685688-3405-4E2A-ABBA-E3069492EC50
94B046DC-2AFD-4ECB-A60D-CE210A8550B1,B33DC9B6-0B7D-4322-BAD7-A13A34C584A3
94B046DC-2AFD-4ECB-A60D-CE210A8550B1,C8F98B28-3C10-41AE-AA99-092B3B398C43
94B046DC-2AFD-4ECB-A60D-CE210A8550B1,DF4A35E0-7983-4A3E-BC47-F37B872B0F25
9604169F-6A23-4E70-937B-3BE7315590F2,09DF0950-D319-4557-A57E-04CD2F63FF42
9604169F-6A23-4E70-937B-3BE7315590F2,1DFACD97-1B9C-4F5A-80F2-05593604799E
9604169F-6A23-4E70-937B-3BE7315590F2,B33DC9B6-0B7D-4322-BAD7-A13A34C584A3
9604169F-6A23-4E70-937B-3BE7315590F2,DF4A35E0-7983-4A3E-BC47-F37B872B0F25
96DC2172-0201-4ABB-BD77-2687F4726C9B,09DF0950-D319-4557-A57E-04CD2F63FF42
96DC2172-0201-4ABB-BD77-2687F4726C9B,1DFACD97-1B9C-4F5A-80F2-05593604799E
96DC2172-0201-4ABB-BD77-2687F4726C9B,7779241F-A70B-49BC-86F0-829AE332C708
96DC2172-0201-4ABB-BD77-2687F4726C9B,7CE6E935-F839-4FEC-A63E-052B1DEF39D2
96DC2172-0201-4ABB-BD77-2687F4726C9B,B33DC9B6-0B7D-4322-BAD7-A13A34C584A3
96DC2172-0201-4ABB-BD77-2687F4726C9B,D72206E4-6CD1-4441-A355-F8F1827466B1
96DC2172-0201-4ABB-BD77-2687F4726C9B,DF4A35E0-7983-4A3E-BC47-F37B872B0F25
97145E4E-3909-4669-8102-9559F3C405D1,09DF0950-D319-4557-A57E-04CD2F63FF42
97145E4E-3909-4669-8102-9559F3C405D1,0C0D142F-06B5-4BE1-8B44-491B90F93DEB
97145E4E-3909-4669-8102-9559F3C405D1,13A57703-BB1A-41A2-94B8-53B692EB7238
97145E4E-3909-4669-8102-9559F3C405D1,1DFACD97-1B9C-4F5A-80F2-05593604799E
97145E4E-3909-4669-8102-9559F3C405D1,24380E3F-AD9D-4E38-BF13-C8EEB21893E7
97145E4E-3909-4669-8102-9559F3C405D1,42FD78B9-2B90-4AA9-BC43-F10E9FEA8B5A
97145E4E-3909-4669-8102-9559F3C405D1,A59947B7-3376-49B4-AD02-C0423E08C5F7
97145E4E-3909-4669-8102-9559F3C405D1,B204DE60-5A24-43DD-8902-C81625A09A74
97145E4E-3909-4669-8102-9559F3C405D1,B33DC9B6-0B7D-4322-BAD7-A13A34C584A3
97145E4E-3909-4669-8102-9559F3C405D1,BFF8C027-7C8F-480B-A5F8-CD8CE490BFBA
97145E4E-3909-4669-8102-9559F3C405D1,DF4A35E0-7983-4A3E-BC47-F37B872B0F25
9854D136-AFC0-4966-BB40-FE9323B56A49,B33DC9B6-0B7D-4322-BAD7-A13A34C584A3
98C8117C-EDE9-4A7C-9354-5AD0DEFDB848,0307955A-B65C-4CE4-A780-EB36BAAADF0B
98C8117C-EDE9-4A7C-9354-5AD0DEFDB848,071BA73C-1D3C-46D4-A53C-00D5602F7F0E
98C8117C-EDE9-4A7C-9354-5AD0DEFDB848,0B685688-3405-4E2A-ABBA-E3069492EC50
98C8117C-EDE9-4A7C-9354-5AD0DEFDB848,13A57703-BB1A-41A2-94B8-53B692EB7238
98C8117C-EDE9-4A7C-9354-5AD0DEFDB848,1DFACD97-1B9C-4F5A-80F2-05593604799E
98C8117C-EDE9-4A7C-9354-5AD0DEFDB848,24380E3F-AD9D-4E38-BF13-C8EEB21893E7
98C8117C-EDE9-4A7C-9354-5AD0DEFDB848,42CF4021-8524-428E-866A-D33097A4A764
98C8117C-EDE9-4A7C-9354-5AD0DEFDB848,4D224BCA-C127-408B-AC75-A51563C42411
98C8117C-EDE9-4A7C-9354-5AD0DEFDB848,7CE6E935-F839-4FEC-A63E-052B1DEF39D2
98C8117C-EDE9-4A7C-9354-5AD0DEFDB848,A59947B7-3376-49B4-AD02-C0423E08C5F7
98C8117C-EDE9-4A7C-9354-5AD0DEFDB848,AE42B46C-E4B7-4889-A122-08FE180371AE
98C8117C-EDE9-4A7C-9354-5AD0DEFDB848,B33DC9B6-0B7D-4322-BAD7-A13A34C584A3
98C8117C-EDE9-4A7C-9354-5AD0DEFDB848,BFF8C027-7C8F-480B-A5F8-CD8CE490BFBA
98C8117C-EDE9-4A7C-9354-5AD0DEFDB848,C8F98B28-3C10-41AE-AA99-092B3B398C43
98C8117C-EDE9-4A7C-9354-5AD0DEFDB848,DF4A35E0-7983-4A3E-BC47-F37B872B0F25
99907F85-7E09-40FE-BF5E-A9AB7F09A7E2,B33DC9B6-0B7D-4322-BAD7-A13A34C584A3
99907F85-7E09-40FE-BF5E-A9AB7F09A7E2,C8F98B28-3C10-41AE-AA99-092B3B398C43
99F1F4ED-5B14-4756-B0EB-FF251B1A12BD,0C0D142F-06B5-4BE1-8B44-491B90F93DEB
99F1F4ED-5B14-4756-B0EB-FF251B1A12BD,24380E3F-AD9D-4E38-BF13-C8EEB21893E7
99F1F4ED-5B14-4756-B0EB-FF251B1A12BD,B33DC9B6-0B7D-4322-BAD7-A13A34C584A3
99F1F4ED-5B14-4756-B0EB-FF251B1A12BD,C8F98B28-3C10-41AE-AA99-092B3B398C43
99F1F4ED-5B14-4756-B0EB-FF251B1A12BD,DF4A35E0-7983-4A3E-BC47-F37B872B0F25
9AA4A53C-0331-43CC-99F5-379BC929FFB2,01D717BC-18BB-4FE4-95BA-6B13AD702038
9AA4A53C-0331-43CC-99F5-379BC929FFB2,0307955A-B65C-4CE4-A780-EB36BAAADF0B
9AA4A53C-0331-43CC-99F5-379BC929FFB2,071BA73C-1D3C-46D4-A53C-00D5602F7F0E
9AA4A53C-0331-43CC-99F5-379BC929FFB2,0B685688-3405-4E2A-ABBA-E3069492EC50
9AA4A53C-0331-43CC-99F5-379BC929FFB2,0C0D142F-06B5-4BE1-8B44-491B90F93DEB
9AA4A53C-0331-43CC-99F5-379BC929FFB2,13A57703-BB1A-41A2-94B8-53B692EB7238
9AA4A53C-0331-43CC-99F5-379BC929FFB2,1DFACD97-1B9C-4F5A-80F2-05593604799E
9AA4A53C-0331-43CC-99F5-379BC929FFB2,24380E3F-AD9D-4E38-BF13-C8EEB21893E7
9AA4A53C-0331-43CC-99F5-379BC929FFB2,4D224BCA-C127-408B-AC75-A51563C42411
9AA4A53C-0331-43CC-99F5-379BC929FFB2,587BB2D3-EC35-41B2-B3F7-A39E2B088AEE
9AA4A53C-0331-43CC-99F5-379BC929FFB2,5F723BAD-7359-48FC-98FA-631592256E35
9AA4A53C-0331-43CC-99F5-379BC929FFB2,7CE6E935-F839-4FEC-A63E-052B1DEF39D2
9AA4A53C-0331-43CC-99F5-379BC929FFB2,A59947B7-3376-49B4-AD02-C0423E08C5F7
9AA4A53C-0331-43CC-99F5-379BC929FFB2,AE42B46C-E4B7-4889-A122-08FE180371AE
9AA4A53C-0331-43CC-99F5-379BC929FFB2,B204DE60-5A24-43DD-8902-C81625A09A74
9AA4A53C-0331-43CC-99F5-379BC929FFB2,B33DC9B6-0B7D-4322-BAD7-A13A34C584A3
9AA4A53C-0331-43CC-99F5-379BC929FFB2,BFF8C027-7C8F-480B-A5F8-CD8CE490BFBA
9AA4A53C-0331-43CC-99F5-379BC929FFB2,C11D3746-5063-4BD0-B245-7178D1AD866C
9AA4A53C-0331-43CC-99F5-379BC929FFB2,C38B3C62-1BBF-4EA1-A1A2-35DE21B74C17
9AA4A53C-0331-43CC-99F5-379BC929FFB2,C8F98B28-3C10-41AE-AA99-092B3B398C43
9AA4A53C-0331-43CC-99F5-379BC929FFB2,DF4A35E0-7983-4A3E-BC47-F37B872B0F25
9AA4A53C-0331-43CC-99F5-379BC929FFB2,F9B1D433-6B86-4804-AED7-B50A519A3B7C
9B266961-3364-43D2-9A08-82BB5EF5643F,0B685688-3405-4E2A-ABBA-E3069492EC50
9B266961-3364-43D2-9A08-82BB5EF5643F,0C0D142F-06B5-4BE1-8B44-491B90F93DEB
9B266961-3364-43D2-9A08-82BB5EF5643F,13A57703-BB1A-41A2-94B8-53B692EB7238
9B266961-3364-43D2-9A08-82BB5EF5643F,1DFACD97-1B9C-4F5A-80F2-05593604799E
9B266961-3364-43D2-9A08-82BB5EF5643F,24380E3F-AD9D-4E38-BF13-C8EEB21893E7
9B266961-3364-43D2-9A08-82BB5EF5643F,42FD78B9-2B90-4AA9-BC43-F10E9FEA8B5A
9B266961-3364-43D2-9A08-82BB5EF5643F,7CE6E935-F839-4FEC-A63E-052B1DEF39D2
9B266961-3364-43D2-9A08-82BB5EF5643F,A59947B7-3376-49B4-AD02-C0423E08C5F7
9B266961-3364-43D2-9A08-82BB5EF5643F,B12FAAB9-713F-4B38-83E4-A273F5A43C77
9B266961-3364-43D2-9A08-82BB5EF5643F,BA316D0F-92AE-4E00-8C80-DBD605DC58C3
9B266961-3364-43D2-9A08-82BB5EF5643F,BFF8C027-7C8F-480B-A5F8-CD8CE490BFBA
9B266961-3364-43D2-9A08-82BB5EF5643F,DF4A35E0-7983-4A3E-BC47-F37B872B0F25
9C680E81-C4DC-46DD-BF33-8189828FF887,09DF0950-D319-4557-A57E-04CD2F63FF42
9C680E81-C4DC-46DD-BF33-8189828FF887,0B685688-3405-4E2A-ABBA-E3069492EC50
9C680E81-C4DC-46DD-BF33-8189828FF887,0C0D142F-06B5-4BE1-8B44-491B90F93DEB
9C680E81-C4DC-46DD-BF33-8189828FF887,24380E3F-AD9D-4E38-BF13-C8EEB21893E7
9C680E81-C4DC-46DD-BF33-8189828FF887,A59947B7-3376-49B4-AD02-C0423E08C5F7
9C680E81-C4DC-46DD-BF33-8189828FF887,AE42B46C-E4B7-4889-A122-08FE180371AE
9C680E81-C4DC-46DD-BF33-8189828FF887,B33DC9B6-0B7D-4322-BAD7-A13A34C584A3
9C680E81-C4DC-46DD-BF33-8189828FF887,BFF8C027-7C8F-480B-A5F8-CD8CE490BFBA
9C680E81-C4DC-46DD-BF33-8189828FF887,C8F98B28-3C10-41AE-AA99-092B3B398C43
9C680E81-C4DC-46DD-BF33-8189828FF887,DF4A35E0-7983-4A3E-BC47-F37B872B0F25
9C730246-CCB2-496F-AD0E-1D31D76C4C45,13A57703-BB1A-41A2-94B8-53B692EB7238
9C730246-CCB2-496F-AD0E-1D31D76C4C45,A59947B7-3376-49B4-AD02-C0423E08C5F7
9C730246-CCB2-496F-AD0E-1D31D76C4C45,B33DC9B6-0B7D-4322-BAD7-A13A34C584A3
9C730246-CCB2-496F-AD0E-1D31D76C4C45,BFF8C027-7C8F-480B-A5F8-CD8CE490BFBA
9C730246-CCB2-496F-AD0E-1D31D76C4C45,DF4A35E0-7983-4A3E-BC47-F37B872B0F25
9CFF594A-8DB1-4377-BE2A-10CC2B0C47E1,B204DE60-5A24-43DD-8902-C81625A09A74
9CFF594A-8DB1-4377-BE2A-10CC2B0C47E1,B33DC9B6-0B7D-4322-BAD7-A13A34C584A3
9CFF594A-8DB1-4377-BE2A-10CC2B0C47E1,DF4A35E0-7983-4A3E-BC47-F37B872B0F25
9F7919AF-7B0B-4FDB-98B7-9D0FB3B9E4F1,0C0D142F-06B5-4BE1-8B44-491B90F93DEB
9F7919AF-7B0B-4FDB-98B7-9D0FB3B9E4F1,1DFACD97-1B9C-4F5A-80F2-05593604799E
9F7919AF-7B0B-4FDB-98B7-9D0FB3B9E4F1,7CE6E935-F839-4FEC-A63E-052B1DEF39D2
9F7919AF-7B0B-4FDB-98B7-9D0FB3B9E4F1,B204DE60-5A24-43DD-8902-C81625A09A74
9F7919AF-7B0B-4FDB-98B7-9D0FB3B9E4F1,B33DC9B6-0B7D-4322-BAD7-A13A34C584A3
9F7919AF-7B0B-4FDB-98B7-9D0FB3B9E4F1,C8F98B28-3C10-41AE-AA99-092B3B398C43
9F7919AF-7B0B-4FDB-98B7-9D0FB3B9E4F1,DF4A35E0-7983-4A3E-BC47-F37B872B0F25
A0125F49-080E-4292-BD91-C1FA1657F547,0307955A-B65C-4CE4-A780-EB36BAAADF0B
A0125F49-080E-4292-BD91-C1FA1657F547,5F723BAD-7359-48FC-98FA-631592256E35
A0125F49-080E-4292-BD91-C1FA1657F547,B204DE60-5A24-43DD-8902-C81625A09A74
A0125F49-080E-4292-BD91-C1FA1657F547,B33DC9B6-0B7D-4322-BAD7-A13A34C584A3
A0125F49-080E-4292-BD91-C1FA1657F547,BFF8C027-7C8F-480B-A5F8-CD8CE490BFBA
A0125F49-080E-4292-BD91-C1FA1657F547,C8F98B28-3C10-41AE-AA99-092B3B398C43
A0125F49-080E-4292-BD91-C1FA1657F547,DF4A35E0-7983-4A3E-BC47-F37B872B0F25
A0B4CA5E-608A-4DF2-8EFB-E2E4619EA243,09DF0950-D319-4557-A57E-04CD2F63FF42
A0B4CA5E-608A-4DF2-8EFB-E2E4619EA243,0B685688-3405-4E2A-ABBA-E3069492EC50
A0B4CA5E-608A-4DF2-8EFB-E2E4619EA243,0C0D142F-06B5-4BE1-8B44-491B90F93DEB
A0B4CA5E-608A-4DF2-8EFB-E2E4619EA243,1DFACD97-1B9C-4F5A-80F2-05593604799E
A0B4CA5E-608A-4DF2-8EFB-E2E4619EA243,24380E3F-AD9D-4E38-BF13-C8EEB21893E7
A0B4CA5E-608A-4DF2-8EFB-E2E4619EA243,587BB2D3-EC35-41B2-B3F7-A39E2B088AEE
A0B4CA5E-608A-4DF2-8EFB-E2E4619EA243,7CE6E935-F839-4FEC-A63E-052B1DEF39D2
A0B4CA5E-608A-4DF2-8EFB-E2E4619EA243,AE3C95F5-E05B-4A28-81DD-1C5FD4BE88E2
A0B4CA5E-608A-4DF2-8EFB-E2E4619EA243,AE42B46C-E4B7-4889-A122-08FE180371AE
A0B4CA5E-608A-4DF2-8EFB-E2E4619EA243,B204DE60-5A24-43DD-8902-C81625A09A74
A0B4CA5E-608A-4DF2-8EFB-E2E4619EA243,B33DC9B6-0B7D-4322-BAD7-A13A34C584A3
A0B4CA5E-608A-4DF2-8EFB-E2E4619EA243,C8F98B28-3C10-41AE-AA99-092B3B398C43
A0B4CA5E-608A-4DF2-8EFB-E2E4619EA243,DF4A35E0-7983-4A3E-BC47-F37B872B0F25
A1901BAE-94DB-44E4-96D4-1E07422EDF6E,09DF0950-D319-4557-A57E-04CD2F63FF42
A1901BAE-94DB-44E4-96D4-1E07422EDF6E,0B685688-3405-4E2A-ABBA-E3069492EC50
A1901BAE-94DB-44E4-96D4-1E07422EDF6E,1DFACD97-1B9C-4F5A-80F2-05593604799E
A1901BAE-94DB-44E4-96D4-1E07422EDF6E,24380E3F-AD9D-4E38-BF13-C8EEB21893E7
A1901BAE-94DB-44E4-96D4-1E07422EDF6E,B33DC9B6-0B7D-4322-BAD7-A13A34C584A3
A1901BAE-94DB-44E4-96D4-1E07422EDF6E,BFF8C027-7C8F-480B-A5F8-CD8CE490BFBA
A1901BAE-94DB-44E4-96D4-1E07422EDF6E,DF4A35E0-7983-4A3E-BC47-F37B872B0F25
A1994071-1BCB-4C14-9C21-108348882067,071BA73C-1D3C-46D4-A53C-00D5602F7F0E
A1994071-1BCB-4C14-9C21-108348882067,4D224BCA-C127-408B-AC75-A51563C42411
A1994071-1BCB-4C14-9C21-108348882067,A59947B7-3376-49B4-AD02-C0423E08C5F7
A1994071-1BCB-4C14-9C21-108348882067,AE42B46C-E4B7-4889-A122-08FE180371AE
A1994071-1BCB-4C14-9C21-108348882067,DF4A35E0-7983-4A3E-BC47-F37B872B0F25
A1C5A868-68A9-4403-B762-531EBA300E3C,071BA73C-1D3C-46D4-A53C-00D5602F7F0E
A1C5A868-68A9-4403-B762-531EBA300E3C,0B685688-3405-4E2A-ABBA-E3069492EC50
A1C5A868-68A9-4403-B762-531EBA300E3C,1DFACD97-1B9C-4F5A-80F2-05593604799E
A1C5A868-68A9-4403-B762-531EBA300E3C,24380E3F-AD9D-4E38-BF13-C8EEB21893E7
A1C5A868-68A9-4403-B762-531EBA300E3C,4D224BCA-C127-408B-AC75-A51563C42411
A1C5A868-68A9-4403-B762-531EBA300E3C,587BB2D3-EC35-41B2-B3F7-A39E2B088AEE
A1C5A868-68A9-4403-B762-531EBA300E3C,5F723BAD-7359-48FC-98FA-631592256E35
A1C5A868-68A9-4403-B762-531EBA300E3C,7CE6E935-F839-4FEC-A63E-052B1DEF39D2
A1C5A868-68A9-4403-B762-531EBA300E3C,AE42B46C-E4B7-4889-A122-08FE180371AE
A1C5A868-68A9-4403-B762-531EBA300E3C,B204DE60-5A24-43DD-8902-C81625A09A74
A1C5A868-68A9-4403-B762-531EBA300E3C,B33DC9B6-0B7D-4322-BAD7-A13A34C584A3
A1C5A868-68A9-4403-B762-531EBA300E3C,BFF8C027-7C8F-480B-A5F8-CD8CE490BFBA
A1C5A868-68A9-4403-B762-531EBA300E3C,C8F98B28-3C10-41AE-AA99-092B3B398C43
A1C5A868-68A9-4403-B762-531EBA300E3C,DF4A35E0-7983-4A3E-BC47-F37B872B0F25
A21F01BC-9E47-4DBE-8655-A1651FC2C1B1,5F723BAD-7359-48FC-98FA-631592256E35
A36366E7-5663-4531-B0CE-D58928C6D01B,0B685688-3405-4E2A-ABBA-E3069492EC50
A36366E7-5663-4531-B0CE-D58928C6D01B,1DFACD97-1B9C-4F5A-80F2-05593604799E
A36366E7-5663-4531-B0CE-D58928C6D01B,4D224BCA-C127-408B-AC75-A51563C42411
A36366E7-5663-4531-B0CE-D58928C6D01B,7CE6E935-F839-4FEC-A63E-052B1DEF39D2
A36366E7-5663-4531-B0CE-D58928C6D01B,AE42B46C-E4B7-4889-A122-08FE180371AE
A36366E7-5663-4531-B0CE-D58928C6D01B,B33DC9B6-0B7D-4322-BAD7-A13A34C584A3
A36366E7-5663-4531-B0CE-D58928C6D01B,DF4A35E0-7983-4A3E-BC47-F37B872B0F25
A576B9F9-5C0A-453C-8DB0-939883FFA57A,0307955A-B65C-4CE4-A780-EB36BAAADF0B
A576B9F9-5C0A-453C-8DB0-939883FFA57A,0B685688-3405-4E2A-ABBA-E3069492EC50
A576B9F9-5C0A-453C-8DB0-939883FFA57A,13A57703-BB1A-41A2-94B8-53B692EB7238
A576B9F9-5C0A-453C-8DB0-939883FFA57A,1DFACD97-1B9C-4F5A-80F2-05593604799E
A576B9F9-5C0A-453C-8DB0-939883FFA57A,7CE6E935-F839-4FEC-A63E-052B1DEF39D2
A576B9F9-5C0A-453C-8DB0-939883FFA57A,BFF8C027-7C8F-480B-A5F8-CD8CE490BFBA
A576B9F9-5C0A-453C-8DB0-939883FFA57A,DF4A35E0-7983-4A3E-BC47-F37B872B0F25
A609887A-BB48-47AA-A6F6-4C7F77346FC6,09DF0950-D319-4557-A57E-04CD2F63FF42
A609887A-BB48-47AA-A6F6-4C7F77346FC6,1DFACD97-1B9C-4F5A-80F2-05593604799E
A609887A-BB48-47AA-A6F6-4C7F77346FC6,AE42B46C-E4B7-4889-A122-08FE180371AE
A609887A-BB48-47AA-A6F6-4C7F77346FC6,C8F98B28-3C10-41AE-AA99-092B3B398C43
A6290572-1871-4285-90F5-7C313FE2583E,09DF0950-D319-4557-A57E-04CD2F63FF42
A6290572-1871-4285-90F5-7C313FE2583E,1DFACD97-1B9C-4F5A-80F2-05593604799E
A6290572-1871-4285-90F5-7C313FE2583E,24380E3F-AD9D-4E38-BF13-C8EEB21893E7
A6290572-1871-4285-90F5-7C313FE2583E,B33DC9B6-0B7D-4322-BAD7-A13A34C584A3
A6290572-1871-4285-90F5-7C313FE2583E,C8F98B28-3C10-41AE-AA99-092B3B398C43
A6290572-1871-4285-90F5-7C313FE2583E,DF4A35E0-7983-4A3E-BC47-F37B872B0F25
A6F169CF-B830-499C-A5EB-A35138C77589,09DF0950-D319-4557-A57E-04CD2F63FF42
A6F169CF-B830-499C-A5EB-A35138C77589,0C0D142F-06B5-4BE1-8B44-491B90F93DEB
A6F169CF-B830-499C-A5EB-A35138C77589,13A57703-BB1A-41A2-94B8-53B692EB7238
A6F169CF-B830-499C-A5EB-A35138C77589,5F723BAD-7359-48FC-98FA-631592256E35
A6F169CF-B830-499C-A5EB-A35138C77589,7CE6E935-F839-4FEC-A63E-052B1DEF39D2
A6F169CF-B830-499C-A5EB-A35138C77589,A59947B7-3376-49B4-AD02-C0423E08C5F7
A6F169CF-B830-499C-A5EB-A35138C77589,B33DC9B6-0B7D-4322-BAD7-A13A34C584A3
A6F169CF-B830-499C-A5EB-A35138C77589,BFF8C027-7C8F-480B-A5F8-CD8CE490BFBA
A6F169CF-B830-499C-A5EB-A35138C77589,DF4A35E0-7983-4A3E-BC47-F37B872B0F25
A71EF659-5A33-4CCC-93CE-340F23A88E3E,01D717BC-18BB-4FE4-95BA-6B13AD702038
A71EF659-5A33-4CCC-93CE-340F23A88E3E,0B685688-3405-4E2A-ABBA-E3069492EC50
A71EF659-5A33-4CCC-93CE-340F23A88E3E,0C0D142F-06B5-4BE1-8B44-491B90F93DEB
A71EF659-5A33-4CCC-93CE-340F23A88E3E,24380E3F-AD9D-4E38-BF13-C8EEB21893E7
A71EF659-5A33-4CCC-93CE-340F23A88E3E,B33DC9B6-0B7D-4322-BAD7-A13A34C584A3
A71EF659-5A33-4CCC-93CE-340F23A88E3E,BA316D0F-92AE-4E00-8C80-DBD605DC58C3
A71EF659-5A33-4CCC-93CE-340F23A88E3E,BFF8C027-7C8F-480B-A5F8-CD8CE490BFBA
A71EF659-5A33-4CCC-93CE-340F23A88E3E,DF4A35E0-7983-4A3E-BC47-F37B872B0F25
A83EFD38-9FCF-4996-A957-FE416A8C6B6D,0C0D142F-06B5-4BE1-8B44-491B90F93DEB
A83EFD38-9FCF-4996-A957-FE416A8C6B6D,24380E3F-AD9D-4E38-BF13-C8EEB21893E7
A83EFD38-9FCF-4996-A957-FE416A8C6B6D,B33DC9B6-0B7D-4322-BAD7-A13A34C584A3
A83EFD38-9FCF-4996-A957-FE416A8C6B6D,C8F98B28-3C10-41AE-AA99-092B3B398C43
A83EFD38-9FCF-4996-A957-FE416A8C6B6D,DF4A35E0-7983-4A3E-BC47-F37B872B0F25
A8C04CA4-FEFF-4FDD-99C4-5BA801AA2DB5,0C0D142F-06B5-4BE1-8B44-491B90F93DEB
A8C04CA4-FEFF-4FDD-99C4-5BA801AA2DB5,1DFACD97-1B9C-4F5A-80F2-05593604799E
A8C04CA4-FEFF-4FDD-99C4-5BA801AA2DB5,24380E3F-AD9D-4E38-BF13-C8EEB21893E7
A8C04CA4-FEFF-4FDD-99C4-5BA801AA2DB5,B33DC9B6-0B7D-4322-BAD7-A13A34C584A3
A8C04CA4-FEFF-4FDD-99C4-5BA801AA2DB5,BFF8C027-7C8F-480B-A5F8-CD8CE490BFBA
A8C04CA4-FEFF-4FDD-99C4-5BA801AA2DB5,C8F98B28-3C10-41AE-AA99-092B3B398C43
A8C04CA4-FEFF-4FDD-99C4-5BA801AA2DB5,DF4A35E0-7983-4A3E-BC47-F37B872B0F25
AA1E3B48-8B98-4F47-A642-C266A92AB523,7CE6E935-F839-4FEC-A63E-052B1DEF39D2
AA1E3B48-8B98-4F47-A642-C266A92AB523,B33DC9B6-0B7D-4322-BAD7-A13A34C584A3
AA1E3B48-8B98-4F47-A642-C266A92AB523,BFF8C027-7C8F-480B-A5F8-CD8CE490BFBA
AA1E3B48-8B98-4F47-A642-C266A92AB523,C8F98B28-3C10-41AE-AA99-092B3B398C43
AA1E3B48-8B98-4F47-A642-C266A92AB523,DF4A35E0-7983-4A3E-BC47-F37B872B0F25
AB289D4C-AC48-4C83-8643-45E1FCAAAEB1,01D717BC-18BB-4FE4-95BA-6B13AD702038
AB289D4C-AC48-4C83-8643-45E1FCAAAEB1,0307955A-B65C-4CE4-A780-EB36BAAADF0B
AB289D4C-AC48-4C83-8643-45E1FCAAAEB1,09DF0950-D319-4557-A57E-04CD2F63FF42
AB289D4C-AC48-4C83-8643-45E1FCAAAEB1,0B685688-3405-4E2A-ABBA-E3069492EC50
AB289D4C-AC48-4C83-8643-45E1FCAAAEB1,0C0D142F-06B5-4BE1-8B44-491B90F93DEB
AB289D4C-AC48-4C83-8643-45E1FCAAAEB1,1DFACD97-1B9C-4F5A-80F2-05593604799E
AB289D4C-AC48-4C83-8643-45E1FCAAAEB1,24380E3F-AD9D-4E38-BF13-C8EEB21893E7
AB289D4C-AC48-4C83-8643-45E1FCAAAEB1,42FD78B9-2B90-4AA9-BC43-F10E9FEA8B5A
AB289D4C-AC48-4C83-8643-45E1FCAAAEB1,B33DC9B6-0B7D-4322-BAD7-A13A34C584A3
AB289D4C-AC48-4C83-8643-45E1FCAAAEB1,BFF8C027-7C8F-480B-A5F8-CD8CE490BFBA
AB289D4C-AC48-4C83-8643-45E1FCAAAEB1,C38B3C62-1BBF-4EA1-A1A2-35DE21B74C17
AB289D4C-AC48-4C83-8643-45E1FCAAAEB1,C8F98B28-3C10-41AE-AA99-092B3B398C43
AB289D4C-AC48-4C83-8643-45E1FCAAAEB1,DF4A35E0-7983-4A3E-BC47-F37B872B0F25
AB289D4C-AC48-4C83-8643-45E1FCAAAEB1,F9B1D433-6B86-4804-AED7-B50A519A3B7C
AC3B46AA-B4C2-4555-A82A-D4CF790DF81D,0307955A-B65C-4CE4-A780-EB36BAAADF0B
AC3B46AA-B4C2-4555-A82A-D4CF790DF81D,071BA73C-1D3C-46D4-A53C-00D5602F7F0E
AC3B46AA-B4C2-4555-A82A-D4CF790DF81D,1DFACD97-1B9C-4F5A-80F2-05593604799E
AC3B46AA-B4C2-4555-A82A-D4CF790DF81D,24380E3F-AD9D-4E38-BF13-C8EEB21893E7
AC3B46AA-B4C2-4555-A82A-D4CF790DF81D,4D224BCA-C127-408B-AC75-A51563C42411
AC3B46AA-B4C2-4555-A82A-D4CF790DF81D,5F723BAD-7359-48FC-98FA-631592256E35
AC3B46AA-B4C2-4555-A82A-D4CF790DF81D,7CE6E935-F839-4FEC-A63E-052B1DEF39D2
AC3B46AA-B4C2-4555-A82A-D4CF790DF81D,8386EEAF-985F-4DE8-9037-CCF91975AC94
AC3B46AA-B4C2-4555-A82A-D4CF790DF81D,A59947B7-3376-49B4-AD02-C0423E08C5F7
AC3B46AA-B4C2-4555-A82A-D4CF790DF81D,AE42B46C-E4B7-4889-A122-08FE180371AE
AC3B46AA-B4C2-4555-A82A-D4CF790DF81D,B33DC9B6-0B7D-4322-BAD7-A13A34C584A3
AC3B46AA-B4C2-4555-A82A-D4CF790DF81D,BFF8C027-7C8F-480B-A5F8-CD8CE490BFBA
AC3B46AA-B4C2-4555-A82A-D4CF790DF81D,DF4A35E0-7983-4A3E-BC47-F37B872B0F25
ACA78E27-3C26-4C8B-8CCB-9F0B5BED247F,0307955A-B65C-4CE4-A780-EB36BAAADF0B
ACA78E27-3C26-4C8B-8CCB-9F0B5BED247F,071BA73C-1D3C-46D4-A53C-00D5602F7F0E
ACA78E27-3C26-4C8B-8CCB-9F0B5BED247F,0B685688-3405-4E2A-ABBA-E3069492EC50
ACA78E27-3C26-4C8B-8CCB-9F0B5BED247F,0C0D142F-06B5-4BE1-8B44-491B90F93DEB
ACA78E27-3C26-4C8B-8CCB-9F0B5BED247F,1DFACD97-1B9C-4F5A-80F2-05593604799E
ACA78E27-3C26-4C8B-8CCB-9F0B5BED247F,24380E3F-AD9D-4E38-BF13-C8EEB21893E7
ACA78E27-3C26-4C8B-8CCB-9F0B5BED247F,3EBF7EAC-68FC-4754-B6A4-0C38A1583D45
ACA78E27-3C26-4C8B-8CCB-9F0B5BED247F,42CF4021-8524-428E-866A-D33097A4A764
ACA78E27-3C26-4C8B-8CCB-9F0B5BED247F,42FD78B9-2B90-4AA9-BC43-F10E9FEA8B5A
ACA78E27-3C26-4C8B-8CCB-9F0B5BED247F,4D224BCA-C127-408B-AC75-A51563C42411
ACA78E27-3C26-4C8B-8CCB-9F0B5BED247F,587BB2D3-EC35-41B2-B3F7-A39E2B088AEE
ACA78E27-3C26-4C8B-8CCB-9F0B5BED247F,7CE6E935-F839-4FEC-A63E-052B1DEF39D2
ACA78E27-3C26-4C8B-8CCB-9F0B5BED247F,8386EEAF-985F-4DE8-9037-CCF91975AC94
ACA78E27-3C26-4C8B-8CCB-9F0B5BED247F,A59947B7-3376-49B4-AD02-C0423E08C5F7
ACA78E27-3C26-4C8B-8CCB-9F0B5BED247F,AE42B46C-E4B7-4889-A122-08FE180371AE
ACA78E27-3C26-4C8B-8CCB-9F0B5BED247F,B204DE60-5A24-43DD-8902-C81625A09A74
ACA78E27-3C26-4C8B-8CCB-9F0B5BED247F,B33DC9B6-0B7D-4322-BAD7-A13A34C584A3
ACA78E27-3C26-4C8B-8CCB-9F0B5BED247F,BFF8C027-7C8F-480B-A5F8-CD8CE490BFBA
ACA78E27-3C26-4C8B-8CCB-9F0B5BED247F,C8F98B28-3C10-41AE-AA99-092B3B398C43
ACA78E27-3C26-4C8B-8CCB-9F0B5BED247F,DF4A35E0-7983-4A3E-BC47-F37B872B0F25
AD731EF0-685F-4397-88C1-A9BB21EBF034,0307955A-B65C-4CE4-A780-EB36BAAADF0B
AD731EF0-685F-4397-88C1-A9BB21EBF034,5F723BAD-7359-48FC-98FA-631592256E35
AD731EF0-685F-4397-88C1-A9BB21EBF034,B33DC9B6-0B7D-4322-BAD7-A13A34C584A3
AD731EF0-685F-4397-88C1-A9BB21EBF034,BFF8C027-7C8F-480B-A5F8-CD8CE490BFBA
AD731EF0-685F-4397-88C1-A9BB21EBF034,C8F98B28-3C10-41AE-AA99-092B3B398C43
AD731EF0-685F-4397-88C1-A9BB21EBF034,DF4A35E0-7983-4A3E-BC47-F37B872B0F25
B0DE766C-E87F-48BE-A94F-C9D774AD52FD,09DF0950-D319-4557-A57E-04CD2F63FF42
B0DE766C-E87F-48BE-A94F-C9D774AD52FD,0B685688-3405-4E2A-ABBA-E3069492EC50
B0DE766C-E87F-48BE-A94F-C9D774AD52FD,0C0D142F-06B5-4BE1-8B44-491B90F93DEB
B0DE766C-E87F-48BE-A94F-C9D774AD52FD,1DFACD97-1B9C-4F5A-80F2-05593604799E
B0DE766C-E87F-48BE-A94F-C9D774AD52FD,24380E3F-AD9D-4E38-BF13-C8EEB21893E7
B0DE766C-E87F-48BE-A94F-C9D774AD52FD,42FD78B9-2B90-4AA9-BC43-F10E9FEA8B5A
B0DE766C-E87F-48BE-A94F-C9D774AD52FD,4D224BCA-C127-408B-AC75-A51563C42411
B0DE766C-E87F-48BE-A94F-C9D774AD52FD,7CE6E935-F839-4FEC-A63E-052B1DEF39D2
B0DE766C-E87F-48BE-A94F-C9D774AD52FD,B204DE60-5A24-43DD-8902-C81625A09A74
B0DE766C-E87F-48BE-A94F-C9D774AD52FD,B33DC9B6-0B7D-4322-BAD7-A13A34C584A3
B0DE766C-E87F-48BE-A94F-C9D774AD52FD,BFF8C027-7C8F-480B-A5F8-CD8CE490BFBA
B0DE766C-E87F-48BE-A94F-C9D774AD52FD,C11D3746-5063-4BD0-B245-7178D1AD866C
B0DE766C-E87F-48BE-A94F-C9D774AD52FD,C8F98B28-3C10-41AE-AA99-092B3B398C43
B0DE766C-E87F-48BE-A94F-C9D774AD52FD,DF4A35E0-7983-4A3E-BC47-F37B872B0F25
B0DE766C-E87F-48BE-A94F-C9D774AD52FD,F9B1D433-6B86-4804-AED7-B50A519A3B7C
B13AB831-6806-4CBA-A93D-4E2FCC39F6F7,09DF0950-D319-4557-A57E-04CD2F63FF42
B13AB831-6806-4CBA-A93D-4E2FCC39F6F7,0B685688-3405-4E2A-ABBA-E3069492EC50
B13AB831-6806-4CBA-A93D-4E2FCC39F6F7,0C0D142F-06B5-4BE1-8B44-491B90F93DEB
B13AB831-6806-4CBA-A93D-4E2FCC39F6F7,24380E3F-AD9D-4E38-BF13-C8EEB21893E7
B13AB831-6806-4CBA-A93D-4E2FCC39F6F7,7779241F-A70B-49BC-86F0-829AE332C708
B13AB831-6806-4CBA-A93D-4E2FCC39F6F7,7CE6E935-F839-4FEC-A63E-052B1DEF39D2
B13AB831-6806-4CBA-A93D-4E2FCC39F6F7,B204DE60-5A24-43DD-8902-C81625A09A74
B13AB831-6806-4CBA-A93D-4E2FCC39F6F7,B33DC9B6-0B7D-4322-BAD7-A13A34C584A3
B13AB831-6806-4CBA-A93D-4E2FCC39F6F7,C8F98B28-3C10-41AE-AA99-092B3B398C43
B13AB831-6806-4CBA-A93D-4E2FCC39F6F7,DF4A35E0-7983-4A3E-BC47-F37B872B0F25
B170CCF7-7AB9-48FF-950E-31815FD4DBB2,0307955A-B65C-4CE4-A780-EB36BAAADF0B
B170CCF7-7AB9-48FF-950E-31815FD4DBB2,0B685688-3405-4E2A-ABBA-E3069492EC50
B170CCF7-7AB9-48FF-950E-31815FD4DBB2,0C0D142F-06B5-4BE1-8B44-491B90F93DEB
B170CCF7-7AB9-48FF-950E-31815FD4DBB2,13A57703-BB1A-41A2-94B8-53B692EB7238
B170CCF7-7AB9-48FF-950E-31815FD4DBB2,1DFACD97-1B9C-4F5A-80F2-05593604799E
B170CCF7-7AB9-48FF-950E-31815FD4DBB2,24380E3F-AD9D-4E38-BF13-C8EEB21893E7
B170CCF7-7AB9-48FF-950E-31815FD4DBB2,5F723BAD-7359-48FC-98FA-631592256E35
B170CCF7-7AB9-48FF-950E-31815FD4DBB2,7CE6E935-F839-4FEC-A63E-052B1DEF39D2
B170CCF7-7AB9-48FF-950E-31815FD4DBB2,A59947B7-3376-49B4-AD02-C0423E08C5F7
B170CCF7-7AB9-48FF-950E-31815FD4DBB2,BFF8C027-7C8F-480B-A5F8-CD8CE490BFBA
B170CCF7-7AB9-48FF-950E-31815FD4DBB2,C11D3746-5063-4BD0-B245-7178D1AD866C
B170CCF7-7AB9-48FF-950E-31815FD4DBB2,DF4A35E0-7983-4A3E-BC47-F37B872B0F25
B2178CA4-35DE-4827-9B7A-B25FAAE1E69B,071BA73C-1D3C-46D4-A53C-00D5602F7F0E
B2178CA4-35DE-4827-9B7A-B25FAAE1E69B,0B685688-3405-4E2A-ABBA-E3069492EC50
B2178CA4-35DE-4827-9B7A-B25FAAE1E69B,3EBF7EAC-68FC-4754-B6A4-0C38A1583D45
B2178CA4-35DE-4827-9B7A-B25FAAE1E69B,42CF4021-8524-428E-866A-D33097A4A764
B2178CA4-35DE-4827-9B7A-B25FAAE1E69B,4D224BCA-C127-408B-AC75-A51563C42411
B2178CA4-35DE-4827-9B7A-B25FAAE1E69B,587BB2D3-EC35-41B2-B3F7-A39E2B088AEE
B2178CA4-35DE-4827-9B7A-B25FAAE1E69B,AE42B46C-E4B7-4889-A122-08FE180371AE
B2577D2A-A33E-4DCF-B6F8-C299E1DFEC19,0C0D142F-06B5-4BE1-8B44-491B90F93DEB
B2577D2A-A33E-4DCF-B6F8-C299E1DFEC19,BFF8C027-7C8F-480B-A5F8-CD8CE490BFBA
B2577D2A-A33E-4DCF-B6F8-C299E1DFEC19,C8F98B28-3C10-41AE-AA99-092B3B398C43
B2577D2A-A33E-4DCF-B6F8-C299E1DFEC19,DF4A35E0-7983-4A3E-BC47-F37B872B0F25
B2F2941A-1BC1-42ED-B02F-541EBC80AEE4,DF4A35E0-7983-4A3E-BC47-F37B872B0F25
B32A4A36-E7CC-4A93-97DB-3F48565D2DA4,0C0D142F-06B5-4BE1-8B44-491B90F93DEB
B32A4A36-E7CC-4A93-97DB-3F48565D2DA4,24380E3F-AD9D-4E38-BF13-C8EEB21893E7
B32A4A36-E7CC-4A93-97DB-3F48565D2DA4,B33DC9B6-0B7D-4322-BAD7-A13A34C584A3
B32A4A36-E7CC-4A93-97DB-3F48565D2DA4,C8F98B28-3C10-41AE-AA99-092B3B398C43
B32A4A36-E7CC-4A93-97DB-3F48565D2DA4,DF4A35E0-7983-4A3E-BC47-F37B872B0F25
B39C368F-CB27-49EC-B2A9-E6C1552430FB,0307955A-B65C-4CE4-A780-EB36BAAADF0B
B39C368F-CB27-49EC-B2A9-E6C1552430FB,5F723BAD-7359-48FC-98FA-631592256E35
B39C368F-CB27-49EC-B2A9-E6C1552430FB,B33DC9B6-0B7D-4322-BAD7-A13A34C584A3
B39C368F-CB27-49EC-B2A9-E6C1552430FB,BFF8C027-7C8F-480B-A5F8-CD8CE490BFBA
B39C368F-CB27-49EC-B2A9-E6C1552430FB,C8F98B28-3C10-41AE-AA99-092B3B398C43
B39C368F-CB27-49EC-B2A9-E6C1552430FB,DF4A35E0-7983-4A3E-BC47-F37B872B0F25
B4AEC074-8652-4B0A-8963-4CD60ECA2349,09DF0950-D319-4557-A57E-04CD2F63FF42
B4AEC074-8652-4B0A-8963-4CD60ECA2349,0C0D142F-06B5-4BE1-8B44-491B90F93DEB
B4AEC074-8652-4B0A-8963-4CD60ECA2349,1DFACD97-1B9C-4F5A-80F2-05593604799E
B4AEC074-8652-4B0A-8963-4CD60ECA2349,42FD78B9-2B90-4AA9-BC43-F10E9FEA8B5A
B4AEC074-8652-4B0A-8963-4CD60ECA2349,B204DE60-5A24-43DD-8902-C81625A09A74
B4AEC074-8652-4B0A-8963-4CD60ECA2349,B33DC9B6-0B7D-4322-BAD7-A13A34C584A3
B4AEC074-8652-4B0A-8963-4CD60ECA2349,C8F98B28-3C10-41AE-AA99-092B3B398C43
B4AEC074-8652-4B0A-8963-4CD60ECA2349,DF4A35E0-7983-4A3E-BC47-F37B872B0F25
B548FF88-8155-4E56-8E77-FB140D06E1EC,071BA73C-1D3C-46D4-A53C-00D5602F7F0E
B548FF88-8155-4E56-8E77-FB140D06E1EC,0C0D142F-06B5-4BE1-8B44-491B90F93DEB
B548FF88-8155-4E56-8E77-FB140D06E1EC,13A57703-BB1A-41A2-94B8-53B692EB7238
B548FF88-8155-4E56-8E77-FB140D06E1EC,1DFACD97-1B9C-4F5A-80F2-05593604799E
B548FF88-8155-4E56-8E77-FB140D06E1EC,42FD78B9-2B90-4AA9-BC43-F10E9FEA8B5A
B548FF88-8155-4E56-8E77-FB140D06E1EC,4D224BCA-C127-408B-AC75-A51563C42411
B548FF88-8155-4E56-8E77-FB140D06E1EC,587BB2D3-EC35-41B2-B3F7-A39E2B088AEE
B548FF88-8155-4E56-8E77-FB140D06E1EC,5F723BAD-7359-48FC-98FA-631592256E35
B548FF88-8155-4E56-8E77-FB140D06E1EC,8386EEAF-985F-4DE8-9037-CCF91975AC94
B548FF88-8155-4E56-8E77-FB140D06E1EC,A59947B7-3376-49B4-AD02-C0423E08C5F7
B548FF88-8155-4E56-8E77-FB140D06E1EC,AE42B46C-E4B7-4889-A122-08FE180371AE
B548FF88-8155-4E56-8E77-FB140D06E1EC,BFF8C027-7C8F-480B-A5F8-CD8CE490BFBA
B548FF88-8155-4E56-8E77-FB140D06E1EC,C8F98B28-3C10-41AE-AA99-092B3B398C43
B548FF88-8155-4E56-8E77-FB140D06E1EC,DF4A35E0-7983-4A3E-BC47-F37B872B0F25
B5FE5682-7981-47DD-AC96-13F4B33A466E,0307955A-B65C-4CE4-A780-EB36BAAADF0B
B5FE5682-7981-47DD-AC96-13F4B33A466E,0B685688-3405-4E2A-ABBA-E3069492EC50
B5FE5682-7981-47DD-AC96-13F4B33A466E,0C0D142F-06B5-4BE1-8B44-491B90F93DEB
B5FE5682-7981-47DD-AC96-13F4B33A466E,13A57703-BB1A-41A2-94B8-53B692EB7238
B5FE5682-7981-47DD-AC96-13F4B33A466E,1DFACD97-1B9C-4F5A-80F2-05593604799E
B5FE5682-7981-47DD-AC96-13F4B33A466E,24380E3F-AD9D-4E38-BF13-C8EEB21893E7
B5FE5682-7981-47DD-AC96-13F4B33A466E,5F723BAD-7359-48FC-98FA-631592256E35
B5FE5682-7981-47DD-AC96-13F4B33A466E,7CE6E935-F839-4FEC-A63E-052B1DEF39D2
B5FE5682-7981-47DD-AC96-13F4B33A466E,A59947B7-3376-49B4-AD02-C0423E08C5F7
B5FE5682-7981-47DD-AC96-13F4B33A466E,B33DC9B6-0B7D-4322-BAD7-A13A34C584A3
B5FE5682-7981-47DD-AC96-13F4B33A466E,BFF8C027-7C8F-480B-A5F8-CD8CE490BFBA
B5FE5682-7981-47DD-AC96-13F4B33A466E,C8F98B28-3C10-41AE-AA99-092B3B398C43
B5FE5682-7981-47DD-AC96-13F4B33A466E,DF4A35E0-7983-4A3E-BC47-F37B872B0F25
B6E3A992-3217-4BC0-AC64-A699B45971CA,09DF0950-D319-4557-A57E-04CD2F63FF42
B6E3A992-3217-4BC0-AC64-A699B45971CA,0B685688-3405-4E2A-ABBA-E3069492EC50
B6E3A992-3217-4BC0-AC64-A699B45971CA,0C0D142F-06B5-4BE1-8B44-491B90F93DEB
B6E3A992-3217-4BC0-AC64-A699B45971CA,1DFACD97-1B9C-4F5A-80F2-05593604799E
B6E3A992-3217-4BC0-AC64-A699B45971CA,24380E3F-AD9D-4E38-BF13-C8EEB21893E7
B6E3A992-3217-4BC0-AC64-A699B45971CA,5F723BAD-7359-48FC-98FA-631592256E35
B6E3A992-3217-4BC0-AC64-A699B45971CA,7CE6E935-F839-4FEC-A63E-052B1DEF39D2
B6E3A992-3217-4BC0-AC64-A699B45971CA,B204DE60-5A24-43DD-8902-C81625A09A74
B6E3A992-3217-4BC0-AC64-A699B45971CA,B33DC9B6-0B7D-4322-BAD7-A13A34C584A3
B6E3A992-3217-4BC0-AC64-A699B45971CA,C8F98B28-3C10-41AE-AA99-092B3B398C43
B6E3A992-3217-4BC0-AC64-A699B45971CA,DF4A35E0-7983-4A3E-BC47-F37B872B0F25
B712CB0C-B3DD-48A6-AA4F-CCD72C87F48B,071BA73C-1D3C-46D4-A53C-00D5602F7F0E
B712CB0C-B3DD-48A6-AA4F-CCD72C87F48B,0B685688-3405-4E2A-ABBA-E3069492EC50
B712CB0C-B3DD-48A6-AA4F-CCD72C87F48B,0C0D142F-06B5-4BE1-8B44-491B90F93DEB
B712CB0C-B3DD-48A6-AA4F-CCD72C87F48B,1DFACD97-1B9C-4F5A-80F2-05593604799E
B712CB0C-B3DD-48A6-AA4F-CCD72C87F48B,24380E3F-AD9D-4E38-BF13-C8EEB21893E7
B712CB0C-B3DD-48A6-AA4F-CCD72C87F48B,4D224BCA-C127-408B-AC75-A51563C42411
B712CB0C-B3DD-48A6-AA4F-CCD72C87F48B,8386EEAF-985F-4DE8-9037-CCF91975AC94
B712CB0C-B3DD-48A6-AA4F-CCD72C87F48B,A59947B7-3376-49B4-AD02-C0423E08C5F7
B712CB0C-B3DD-48A6-AA4F-CCD72C87F48B,AE42B46C-E4B7-4889-A122-08FE180371AE
B712CB0C-B3DD-48A6-AA4F-CCD72C87F48B,B33DC9B6-0B7D-4322-BAD7-A13A34C584A3
B712CB0C-B3DD-48A6-AA4F-CCD72C87F48B,BFF8C027-7C8F-480B-A5F8-CD8CE490BFBA
B712CB0C-B3DD-48A6-AA4F-CCD72C87F48B,D72206E4-6CD1-4441-A355-F8F1827466B1
B712CB0C-B3DD-48A6-AA4F-CCD72C87F48B,DF4A35E0-7983-4A3E-BC47-F37B872B0F25
B7429C72-D8CA-46D9-8E89-E659259D8EEF,071BA73C-1D3C-46D4-A53C-00D5602F7F0E
B7429C72-D8CA-46D9-8E89-E659259D8EEF,1DFACD97-1B9C-4F5A-80F2-05593604799E
B7429C72-D8CA-46D9-8E89-E659259D8EEF,24380E3F-AD9D-4E38-BF13-C8EEB21893E7
B7429C72-D8CA-46D9-8E89-E659259D8EEF,4D224BCA-C127-408B-AC75-A51563C42411
B7429C72-D8CA-46D9-8E89-E659259D8EEF,7CE6E935-F839-4FEC-A63E-052B1DEF39D2
B7429C72-D8CA-46D9-8E89-E659259D8EEF,A59947B7-3376-49B4-AD02-C0423E08C5F7
B7429C72-D8CA-46D9-8E89-E659259D8EEF,AE42B46C-E4B7-4889-A122-08FE180371AE
B7429C72-D8CA-46D9-8E89-E659259D8EEF,B204DE60-5A24-43DD-8902-C81625A09A74
B7429C72-D8CA-46D9-8E89-E659259D8EEF,B33DC9B6-0B7D-4322-BAD7-A13A34C584A3
B7429C72-D8CA-46D9-8E89-E659259D8EEF,BFF8C027-7C8F-480B-A5F8-CD8CE490BFBA
B7429C72-D8CA-46D9-8E89-E659259D8EEF,C8F98B28-3C10-41AE-AA99-092B3B398C43
B7944940-3FE5-4F9B-80AB-2FD78A4CDD48,01D717BC-18BB-4FE4-95BA-6B13AD702038
B7944940-3FE5-4F9B-80AB-2FD78A4CDD48,071BA73C-1D3C-46D4-A53C-00D5602F7F0E
B7944940-3FE5-4F9B-80AB-2FD78A4CDD48,07CBCA6A-46B8-413F-8B6C-ABEDEBF9853E
B7944940-3FE5-4F9B-80AB-2FD78A4CDD48,09DF0950-D319-4557-A57E-04CD2F63FF42
B7944940-3FE5-4F9B-80AB-2FD78A4CDD48,0B685688-3405-4E2A-ABBA-E3069492EC50
B7944940-3FE5-4F9B-80AB-2FD78A4CDD48,0C0D142F-06B5-4BE1-8B44-491B90F93DEB
B7944940-3FE5-4F9B-80AB-2FD78A4CDD48,1DFACD97-1B9C-4F5A-80F2-05593604799E
B7944940-3FE5-4F9B-80AB-2FD78A4CDD48,24380E3F-AD9D-4E38-BF13-C8EEB21893E7
B7944940-3FE5-4F9B-80AB-2FD78A4CDD48,4D224BCA-C127-408B-AC75-A51563C42411
B7944940-3FE5-4F9B-80AB-2FD78A4CDD48,5F723BAD-7359-48FC-98FA-631592256E35
B7944940-3FE5-4F9B-80AB-2FD78A4CDD48,7C912B83-1B1B-4807-9B66-97C12211E48E
B7944940-3FE5-4F9B-80AB-2FD78A4CDD48,7CE6E935-F839-4FEC-A63E-052B1DEF39D2
B7944940-3FE5-4F9B-80AB-2FD78A4CDD48,8386EEAF-985F-4DE8-9037-CCF91975AC94
B7944940-3FE5-4F9B-80AB-2FD78A4CDD48,A59947B7-3376-49B4-AD02-C0423E08C5F7
B7944940-3FE5-4F9B-80AB-2FD78A4CDD48,AE42B46C-E4B7-4889-A122-08FE180371AE
B7944940-3FE5-4F9B-80AB-2FD78A4CDD48,B12FAAB9-713F-4B38-83E4-A273F5A43C77
B7944940-3FE5-4F9B-80AB-2FD78A4CDD48,B33DC9B6-0B7D-4322-BAD7-A13A34C584A3
B7944940-3FE5-4F9B-80AB-2FD78A4CDD48,BFF8C027-7C8F-480B-A5F8-CD8CE490BFBA
B7944940-3FE5-4F9B-80AB-2FD78A4CDD48,C8F98B28-3C10-41AE-AA99-092B3B398C43
B7944940-3FE5-4F9B-80AB-2FD78A4CDD48,D72206E4-6CD1-4441-A355-F8F1827466B1
B7944940-3FE5-4F9B-80AB-2FD78A4CDD48,DF4A35E0-7983-4A3E-BC47-F37B872B0F25
B7FF43E5-3A95-4C8E-8DBE-72D8608D6588,0307955A-B65C-4CE4-A780-EB36BAAADF0B
B7FF43E5-3A95-4C8E-8DBE-72D8608D6588,071BA73C-1D3C-46D4-A53C-00D5602F7F0E
B7FF43E5-3A95-4C8E-8DBE-72D8608D6588,09DF0950-D319-4557-A57E-04CD2F63FF42
B7FF43E5-3A95-4C8E-8DBE-72D8608D6588,0B685688-3405-4E2A-ABBA-E3069492EC50
B7FF43E5-3A95-4C8E-8DBE-72D8608D6588,0C0D142F-06B5-4BE1-8B44-491B90F93DEB
B7FF43E5-3A95-4C8E-8DBE-72D8608D6588,13A57703-BB1A-41A2-94B8-53B692EB7238
B7FF43E5-3A95-4C8E-8DBE-72D8608D6588,1DFACD97-1B9C-4F5A-80F2-05593604799E
B7FF43E5-3A95-4C8E-8DBE-72D8608D6588,24380E3F-AD9D-4E38-BF13-C8EEB21893E7
B7FF43E5-3A95-4C8E-8DBE-72D8608D6588,42FD78B9-2B90-4AA9-BC43-F10E9FEA8B5A
B7FF43E5-3A95-4C8E-8DBE-72D8608D6588,4D224BCA-C127-408B-AC75-A51563C42411
B7FF43E5-3A95-4C8E-8DBE-72D8608D6588,5F723BAD-7359-48FC-98FA-631592256E35
B7FF43E5-3A95-4C8E-8DBE-72D8608D6588,7CE6E935-F839-4FEC-A63E-052B1DEF39D2
B7FF43E5-3A95-4C8E-8DBE-72D8608D6588,A59947B7-3376-49B4-AD02-C0423E08C5F7
B7FF43E5-3A95-4C8E-8DBE-72D8608D6588,AE42B46C-E4B7-4889-A122-08FE180371AE
B7FF43E5-3A95-4C8E-8DBE-72D8608D6588,B33DC9B6-0B7D-4322-BAD7-A13A34C584A3
B7FF43E5-3A95-4C8E-8DBE-72D8608D6588,BFF8C027-7C8F-480B-A5F8-CD8CE490BFBA
B7FF43E5-3A95-4C8E-8DBE-72D8608D6588,C8F98B28-3C10-41AE-AA99-092B3B398C43
B7FF43E5-3A95-4C8E-8DBE-72D8608D6588,D72206E4-6CD1-4441-A355-F8F1827466B1
B7FF43E5-3A95-4C8E-8DBE-72D8608D6588,DF4A35E0-7983-4A3E-BC47-F37B872B0F25
B87424A7-92C3-49BA-BF16-A2EB16882376,0307955A-B65C-4CE4-A780-EB36BAAADF0B
B87424A7-92C3-49BA-BF16-A2EB16882376,0B685688-3405-4E2A-ABBA-E3069492EC50
B87424A7-92C3-49BA-BF16-A2EB16882376,0C0D142F-06B5-4BE1-8B44-491B90F93DEB
B87424A7-92C3-49BA-BF16-A2EB16882376,1DFACD97-1B9C-4F5A-80F2-05593604799E
B87424A7-92C3-49BA-BF16-A2EB16882376,24380E3F-AD9D-4E38-BF13-C8EEB21893E7
B87424A7-92C3-49BA-BF16-A2EB16882376,4D224BCA-C127-408B-AC75-A51563C42411
B87424A7-92C3-49BA-BF16-A2EB16882376,7CE6E935-F839-4FEC-A63E-052B1DEF39D2
B87424A7-92C3-49BA-BF16-A2EB16882376,A59947B7-3376-49B4-AD02-C0423E08C5F7
B87424A7-92C3-49BA-BF16-A2EB16882376,AE42B46C-E4B7-4889-A122-08FE180371AE
B87424A7-92C3-49BA-BF16-A2EB16882376,B33DC9B6-0B7D-4322-BAD7-A13A34C584A3
B87424A7-92C3-49BA-BF16-A2EB16882376,BFF8C027-7C8F-480B-A5F8-CD8CE490BFBA
B87424A7-92C3-49BA-BF16-A2EB16882376,DF4A35E0-7983-4A3E-BC47-F37B872B0F25
BA3C1A1D-AA6A-49EB-9237-0222CEEE2670,7CE6E935-F839-4FEC-A63E-052B1DEF39D2
BA5A0D58-E05F-44AE-94F1-10A88A4AF143,09DF0950-D319-4557-A57E-04CD2F63FF42
BA5A0D58-E05F-44AE-94F1-10A88A4AF143,0B685688-3405-4E2A-ABBA-E3069492EC50
BA5A0D58-E05F-44AE-94F1-10A88A4AF143,0C0D142F-06B5-4BE1-8B44-491B90F93DEB
BA5A0D58-E05F-44AE-94F1-10A88A4AF143,13A57703-BB1A-41A2-94B8-53B692EB7238
BA5A0D58-E05F-44AE-94F1-10A88A4AF143,1DFACD97-1B9C-4F5A-80F2-05593604799E
BA5A0D58-E05F-44AE-94F1-10A88A4AF143,24380E3F-AD9D-4E38-BF13-C8EEB21893E7
BA5A0D58-E05F-44AE-94F1-10A88A4AF143,42FD78B9-2B90-4AA9-BC43-F10E9FEA8B5A
BA5A0D58-E05F-44AE-94F1-10A88A4AF143,7CE6E935-F839-4FEC-A63E-052B1DEF39D2
BA5A0D58-E05F-44AE-94F1-10A88A4AF143,B204DE60-5A24-43DD-8902-C81625A09A74
BA5A0D58-E05F-44AE-94F1-10A88A4AF143,B33DC9B6-0B7D-4322-BAD7-A13A34C584A3
BA5A0D58-E05F-44AE-94F1-10A88A4AF143,BFF8C027-7C8F-480B-A5F8-CD8CE490BFBA
BA5A0D58-E05F-44AE-94F1-10A88A4AF143,C11D3746-5063-4BD0-B245-7178D1AD866C
BA5A0D58-E05F-44AE-94F1-10A88A4AF143,C8F98B28-3C10-41AE-AA99-092B3B398C43
BA5A0D58-E05F-44AE-94F1-10A88A4AF143,DF4A35E0-7983-4A3E-BC47-F37B872B0F25
BA84404E-743C-4841-9F83-87CEDA164E5B,0C0D142F-06B5-4BE1-8B44-491B90F93DEB
BA84404E-743C-4841-9F83-87CEDA164E5B,13A57703-BB1A-41A2-94B8-53B692EB7238
BA84404E-743C-4841-9F83-87CEDA164E5B,24380E3F-AD9D-4E38-BF13-C8EEB21893E7
BA84404E-743C-4841-9F83-87CEDA164E5B,A59947B7-3376-49B4-AD02-C0423E08C5F7
BA84404E-743C-4841-9F83-87CEDA164E5B,BFF8C027-7C8F-480B-A5F8-CD8CE490BFBA
BA84404E-743C-4841-9F83-87CEDA164E5B,DF4A35E0-7983-4A3E-BC47-F37B872B0F25
BAB8E761-8BB9-4DFF-9D38-5D4BA9AB2BD4,0307955A-B65C-4CE4-A780-EB36BAAADF0B
BAB8E761-8BB9-4DFF-9D38-5D4BA9AB2BD4,0B685688-3405-4E2A-ABBA-E3069492EC50
BAB8E761-8BB9-4DFF-9D38-5D4BA9AB2BD4,0C0D142F-06B5-4BE1-8B44-491B90F93DEB
BAB8E761-8BB9-4DFF-9D38-5D4BA9AB2BD4,24380E3F-AD9D-4E38-BF13-C8EEB21893E7
BAB8E761-8BB9-4DFF-9D38-5D4BA9AB2BD4,5F723BAD-7359-48FC-98FA-631592256E35
BAB8E761-8BB9-4DFF-9D38-5D4BA9AB2BD4,7CE6E935-F839-4FEC-A63E-052B1DEF39D2
BAB8E761-8BB9-4DFF-9D38-5D4BA9AB2BD4,B33DC9B6-0B7D-4322-BAD7-A13A34C584A3
BAB8E761-8BB9-4DFF-9D38-5D4BA9AB2BD4,BFF8C027-7C8F-480B-A5F8-CD8CE490BFBA
BAB8E761-8BB9-4DFF-9D38-5D4BA9AB2BD4,C8F98B28-3C10-41AE-AA99-092B3B398C43
BAB8E761-8BB9-4DFF-9D38-5D4BA9AB2BD4,DF4A35E0-7983-4A3E-BC47-F37B872B0F25
BBA0A580-E05B-42DD-A64F-7C6F958091C5,42FD78B9-2B90-4AA9-BC43-F10E9FEA8B5A
BBA0A580-E05B-42DD-A64F-7C6F958091C5,B33DC9B6-0B7D-4322-BAD7-A13A34C584A3
BBA0A580-E05B-42DD-A64F-7C6F958091C5,C11D3746-5063-4BD0-B245-7178D1AD866C
BBA0A580-E05B-42DD-A64F-7C6F958091C5,DF4A35E0-7983-4A3E-BC47-F37B872B0F25
BBC5BE3F-E921-40B5-A850-F259D9FAF88C,071BA73C-1D3C-46D4-A53C-00D5602F7F0E
BBC5BE3F-E921-40B5-A850-F259D9FAF88C,4D224BCA-C127-408B-AC75-A51563C42411
BBC5BE3F-E921-40B5-A850-F259D9FAF88C,587BB2D3-EC35-41B2-B3F7-A39E2B088AEE
BBC5BE3F-E921-40B5-A850-F259D9FAF88C,7CE6E935-F839-4FEC-A63E-052B1DEF39D2
BBC5BE3F-E921-40B5-A850-F259D9FAF88C,A59947B7-3376-49B4-AD02-C0423E08C5F7
BBC5BE3F-E921-40B5-A850-F259D9FAF88C,AE42B46C-E4B7-4889-A122-08FE180371AE
BBC5BE3F-E921-40B5-A850-F259D9FAF88C,B33DC9B6-0B7D-4322-BAD7-A13A34C584A3
BC195D18-71C8-4A99-BF8E-10BFAB849679,4D224BCA-C127-408B-AC75-A51563C42411
BC195D18-71C8-4A99-BF8E-10BFAB849679,8386EEAF-985F-4DE8-9037-CCF91975AC94
BC195D18-71C8-4A99-BF8E-10BFAB849679,A59947B7-3376-49B4-AD02-C0423E08C5F7
BC195D18-71C8-4A99-BF8E-10BFAB849679,B12FAAB9-713F-4B38-83E4-A273F5A43C77
BC195D18-71C8-4A99-BF8E-10BFAB849679,BFF8C027-7C8F-480B-A5F8-CD8CE490BFBA
BC195D18-71C8-4A99-BF8E-10BFAB849679,DF4A35E0-7983-4A3E-BC47-F37B872B0F25
BD588493-EC77-4B97-B73E-3BA444864DC5,0C0D142F-06B5-4BE1-8B44-491B90F93DEB
BD588493-EC77-4B97-B73E-3BA444864DC5,13A57703-BB1A-41A2-94B8-53B692EB7238
BD588493-EC77-4B97-B73E-3BA444864DC5,1DFACD97-1B9C-4F5A-80F2-05593604799E
BD588493-EC77-4B97-B73E-3BA444864DC5,24380E3F-AD9D-4E38-BF13-C8EEB21893E7
BD588493-EC77-4B97-B73E-3BA444864DC5,7CE6E935-F839-4FEC-A63E-052B1DEF39D2
BD588493-EC77-4B97-B73E-3BA444864DC5,B33DC9B6-0B7D-4322-BAD7-A13A34C584A3
BD588493-EC77-4B97-B73E-3BA444864DC5,C8F98B28-3C10-41AE-AA99-092B3B398C43
BD588493-EC77-4B97-B73E-3BA444864DC5,DF4A35E0-7983-4A3E-BC47-F37B872B0F25
BDBD573F-97EF-44E7-A579-471679F2C42A,01D717BC-18BB-4FE4-95BA-6B13AD702038
BDBD573F-97EF-44E7-A579-471679F2C42A,0307955A-B65C-4CE4-A780-EB36BAAADF0B
BDBD573F-97EF-44E7-A579-471679F2C42A,0B685688-3405-4E2A-ABBA-E3069492EC50
BDBD573F-97EF-44E7-A579-471679F2C42A,4D224BCA-C127-408B-AC75-A51563C42411
BDBD573F-97EF-44E7-A579-471679F2C42A,A59947B7-3376-49B4-AD02-C0423E08C5F7
BDBD573F-97EF-44E7-A579-471679F2C42A,AE42B46C-E4B7-4889-A122-08FE180371AE
BDBD573F-97EF-44E7-A579-471679F2C42A,B12FAAB9-713F-4B38-83E4-A273F5A43C77
BDBD573F-97EF-44E7-A579-471679F2C42A,BFF8C027-7C8F-480B-A5F8-CD8CE490BFBA
BDBD573F-97EF-44E7-A579-471679F2C42A,F9B1D433-6B86-4804-AED7-B50A519A3B7C
BDE93DB8-0A71-4C18-9F10-489815E742CC,0B685688-3405-4E2A-ABBA-E3069492EC50
BDE93DB8-0A71-4C18-9F10-489815E742CC,24380E3F-AD9D-4E38-BF13-C8EEB21893E7
BDE93DB8-0A71-4C18-9F10-489815E742CC,42FD78B9-2B90-4AA9-BC43-F10E9FEA8B5A
BDE93DB8-0A71-4C18-9F10-489815E742CC,7CE6E935-F839-4FEC-A63E-052B1DEF39D2
BDE93DB8-0A71-4C18-9F10-489815E742CC,B204DE60-5A24-43DD-8902-C81625A09A74
BDE93DB8-0A71-4C18-9F10-489815E742CC,B33DC9B6-0B7D-4322-BAD7-A13A34C584A3
BDE93DB8-0A71-4C18-9F10-489815E742CC,BFF8C027-7C8F-480B-A5F8-CD8CE490BFBA
BDE93DB8-0A71-4C18-9F10-489815E742CC,C8F98B28-3C10-41AE-AA99-092B3B398C43
BE27CCA2-1ECA-4A6A-90E7-8EB38029FEF3,09DF0950-D319-4557-A57E-04CD2F63FF42
BE27CCA2-1ECA-4A6A-90E7-8EB38029FEF3,0C0D142F-06B5-4BE1-8B44-491B90F93DEB
BE27CCA2-1ECA-4A6A-90E7-8EB38029FEF3,24380E3F-AD9D-4E38-BF13-C8EEB21893E7
BE27CCA2-1ECA-4A6A-90E7-8EB38029FEF3,42FD78B9-2B90-4AA9-BC43-F10E9FEA8B5A
BE27CCA2-1ECA-4A6A-90E7-8EB38029FEF3,B204DE60-5A24-43DD-8902-C81625A09A74
BE27CCA2-1ECA-4A6A-90E7-8EB38029FEF3,B33DC9B6-0B7D-4322-BAD7-A13A34C584A3
BE27CCA2-1ECA-4A6A-90E7-8EB38029FEF3,BFF8C027-7C8F-480B-A5F8-CD8CE490BFBA
BE27CCA2-1ECA-4A6A-90E7-8EB38029FEF3,C8F98B28-3C10-41AE-AA99-092B3B398C43
BE27CCA2-1ECA-4A6A-90E7-8EB38029FEF3,DF4A35E0-7983-4A3E-BC47-F37B872B0F25
BE344FC9-4366-493D-B881-4E5AD4973CF5,09DF0950-D319-4557-A57E-04CD2F63FF42
BE344FC9-4366-493D-B881-4E5AD4973CF5,1DFACD97-1B9C-4F5A-80F2-05593604799E
BE344FC9-4366-493D-B881-4E5AD4973CF5,24380E3F-AD9D-4E38-BF13-C8EEB21893E7
BE344FC9-4366-493D-B881-4E5AD4973CF5,7CE6E935-F839-4FEC-A63E-052B1DEF39D2
BE344FC9-4366-493D-B881-4E5AD4973CF5,B33DC9B6-0B7D-4322-BAD7-A13A34C584A3
BE344FC9-4366-493D-B881-4E5AD4973CF5,C8F98B28-3C10-41AE-AA99-092B3B398C43
BE344FC9-4366-493D-B881-4E5AD4973CF5,DF4A35E0-7983-4A3E-BC47-F37B872B0F25
BE3A981E-BB55-474D-8A0E-D711408682DC,01D717BC-18BB-4FE4-95BA-6B13AD702038
BE3A981E-BB55-474D-8A0E-D711408682DC,0B685688-3405-4E2A-ABBA-E3069492EC50
BE3A981E-BB55-474D-8A0E-D711408682DC,0C0D142F-06B5-4BE1-8B44-491B90F93DEB
BE3A981E-BB55-474D-8A0E-D711408682DC,13A57703-BB1A-41A2-94B8-53B692EB7238
BE3A981E-BB55-474D-8A0E-D711408682DC,1DFACD97-1B9C-4F5A-80F2-05593604799E
BE3A981E-BB55-474D-8A0E-D711408682DC,24380E3F-AD9D-4E38-BF13-C8EEB21893E7
BE3A981E-BB55-474D-8A0E-D711408682DC,5F723BAD-7359-48FC-98FA-631592256E35
BE3A981E-BB55-474D-8A0E-D711408682DC,7CE6E935-F839-4FEC-A63E-052B1DEF39D2
BE3A981E-BB55-474D-8A0E-D711408682DC,A59947B7-3376-49B4-AD02-C0423E08C5F7
BE3A981E-BB55-474D-8A0E-D711408682DC,B33DC9B6-0B7D-4322-BAD7-A13A34C584A3
BE3A981E-BB55-474D-8A0E-D711408682DC,BFF8C027-7C8F-480B-A5F8-CD8CE490BFBA
BE3A981E-BB55-474D-8A0E-D711408682DC,C8F98B28-3C10-41AE-AA99-092B3B398C43
BE3A981E-BB55-474D-8A0E-D711408682DC,DF4A35E0-7983-4A3E-BC47-F37B872B0F25
BE3A981E-BB55-474D-8A0E-D711408682DC,F9B1D433-6B86-4804-AED7-B50A519A3B7C
BEE3E4AA-D61B-4197-A2A0-567D15734766,0B685688-3405-4E2A-ABBA-E3069492EC50
BEE3E4AA-D61B-4197-A2A0-567D15734766,1DFACD97-1B9C-4F5A-80F2-05593604799E
BEE3E4AA-D61B-4197-A2A0-567D15734766,24380E3F-AD9D-4E38-BF13-C8EEB21893E7
BEE3E4AA-D61B-4197-A2A0-567D15734766,5F723BAD-7359-48FC-98FA-631592256E35
BEE3E4AA-D61B-4197-A2A0-567D15734766,B33DC9B6-0B7D-4322-BAD7-A13A34C584A3
BEE3E4AA-D61B-4197-A2A0-567D15734766,BFF8C027-7C8F-480B-A5F8-CD8CE490BFBA
BEE3E4AA-D61B-4197-A2A0-567D15734766,C8F98B28-3C10-41AE-AA99-092B3B398C43
BEE3E4AA-D61B-4197-A2A0-567D15734766,DF4A35E0-7983-4A3E-BC47-F37B872B0F25
BFE248C8-40CD-4DC8-AC07-AE61A0D81FF3,B33DC9B6-0B7D-4322-BAD7-A13A34C584A3
BFE248C8-40CD-4DC8-AC07-AE61A0D81FF3,DF4A35E0-7983-4A3E-BC47-F37B872B0F25
C03CF86E-BFB5-470E-AFF3-C1798A61FFE5,0307955A-B65C-4CE4-A780-EB36BAAADF0B
C03CF86E-BFB5-470E-AFF3-C1798A61FFE5,0B685688-3405-4E2A-ABBA-E3069492EC50
C03CF86E-BFB5-470E-AFF3-C1798A61FFE5,1DFACD97-1B9C-4F5A-80F2-05593604799E
C03CF86E-BFB5-470E-AFF3-C1798A61FFE5,24380E3F-AD9D-4E38-BF13-C8EEB21893E7
C03CF86E-BFB5-470E-AFF3-C1798A61FFE5,4D224BCA-C127-408B-AC75-A51563C42411
C03CF86E-BFB5-470E-AFF3-C1798A61FFE5,587BB2D3-EC35-41B2-B3F7-A39E2B088AEE
C03CF86E-BFB5-470E-AFF3-C1798A61FFE5,5F723BAD-7359-48FC-98FA-631592256E35
C03CF86E-BFB5-470E-AFF3-C1798A61FFE5,7CE6E935-F839-4FEC-A63E-052B1DEF39D2
C03CF86E-BFB5-470E-AFF3-C1798A61FFE5,8386EEAF-985F-4DE8-9037-CCF91975AC94
C03CF86E-BFB5-470E-AFF3-C1798A61FFE5,AE42B46C-E4B7-4889-A122-08FE180371AE
C03CF86E-BFB5-470E-AFF3-C1798A61FFE5,B12FAAB9-713F-4B38-83E4-A273F5A43C77
C03CF86E-BFB5-470E-AFF3-C1798A61FFE5,BFF8C027-7C8F-480B-A5F8-CD8CE490BFBA
C03CF86E-BFB5-470E-AFF3-C1798A61FFE5,DF4A35E0-7983-4A3E-BC47-F37B872B0F25
C08AD828-98FF-478E-A63C-614E7534274B,0B685688-3405-4E2A-ABBA-E3069492EC50
C08AD828-98FF-478E-A63C-614E7534274B,1DFACD97-1B9C-4F5A-80F2-05593604799E
C08AD828-98FF-478E-A63C-614E7534274B,24380E3F-AD9D-4E38-BF13-C8EEB21893E7
C08AD828-98FF-478E-A63C-614E7534274B,C8F98B28-3C10-41AE-AA99-092B3B398C43
C0BF2A42-E353-4FAE-B4C4-AA0676B58100,01D717BC-18BB-4FE4-95BA-6B13AD702038
C0BF2A42-E353-4FAE-B4C4-AA0676B58100,09DF0950-D319-4557-A57E-04CD2F63FF42
C0BF2A42-E353-4FAE-B4C4-AA0676B58100,0B685688-3405-4E2A-ABBA-E3069492EC50
C0BF2A42-E353-4FAE-B4C4-AA0676B58100,0C0D142F-06B5-4BE1-8B44-491B90F93DEB
C0BF2A42-E353-4FAE-B4C4-AA0676B58100,13A57703-BB1A-41A2-94B8-53B692EB7238
C0BF2A42-E353-4FAE-B4C4-AA0676B58100,1DFACD97-1B9C-4F5A-80F2-05593604799E
C0BF2A42-E353-4FAE-B4C4-AA0676B58100,24380E3F-AD9D-4E38-BF13-C8EEB21893E7
C0BF2A42-E353-4FAE-B4C4-AA0676B58100,7C912B83-1B1B-4807-9B66-97C12211E48E
C0BF2A42-E353-4FAE-B4C4-AA0676B58100,7CE6E935-F839-4FEC-A63E-052B1DEF39D2
C0BF2A42-E353-4FAE-B4C4-AA0676B58100,8386EEAF-985F-4DE8-9037-CCF91975AC94
C0BF2A42-E353-4FAE-B4C4-AA0676B58100,8C495067-8E94-4D78-BBD4-3379DACF6550
C0BF2A42-E353-4FAE-B4C4-AA0676B58100,A59947B7-3376-49B4-AD02-C0423E08C5F7
C0BF2A42-E353-4FAE-B4C4-AA0676B58100,AE42B46C-E4B7-4889-A122-08FE180371AE
C0BF2A42-E353-4FAE-B4C4-AA0676B58100,B12FAAB9-713F-4B38-83E4-A273F5A43C77
C0BF2A42-E353-4FAE-B4C4-AA0676B58100,B33DC9B6-0B7D-4322-BAD7-A13A34C584A3
C0BF2A42-E353-4FAE-B4C4-AA0676B58100,BFF8C027-7C8F-480B-A5F8-CD8CE490BFBA
C0BF2A42-E353-4FAE-B4C4-AA0676B58100,C38B3C62-1BBF-4EA1-A1A2-35DE21B74C17
C0BF2A42-E353-4FAE-B4C4-AA0676B58100,D72206E4-6CD1-4441-A355-F8F1827466B1
C0BF2A42-E353-4FAE-B4C4-AA0676B58100,DF4A35E0-7983-4A3E-BC47-F37B872B0F25
C0BF2A42-E353-4FAE-B4C4-AA0676B58100,F9B1D433-6B86-4804-AED7-B50A519A3B7C
C1713EAF-0437-4CE1-8CFB-04147E1318F3,09DF0950-D319-4557-A57E-04CD2F63FF42
C1713EAF-0437-4CE1-8CFB-04147E1318F3,0B685688-3405-4E2A-ABBA-E3069492EC50
C1713EAF-0437-4CE1-8CFB-04147E1318F3,0C0D142F-06B5-4BE1-8B44-491B90F93DEB
C1713EAF-0437-4CE1-8CFB-04147E1318F3,1DFACD97-1B9C-4F5A-80F2-05593604799E
C1713EAF-0437-4CE1-8CFB-04147E1318F3,24380E3F-AD9D-4E38-BF13-C8EEB21893E7
C1713EAF-0437-4CE1-8CFB-04147E1318F3,B33DC9B6-0B7D-4322-BAD7-A13A34C584A3
C1713EAF-0437-4CE1-8CFB-04147E1318F3,C11D3746-5063-4BD0-B245-7178D1AD866C
C1713EAF-0437-4CE1-8CFB-04147E1318F3,DF4A35E0-7983-4A3E-BC47-F37B872B0F25
C1D82E29-1291-415B-9834-5A0480D2732C,09DF0950-D319-4557-A57E-04CD2F63FF42
C1D82E29-1291-415B-9834-5A0480D2732C,B33DC9B6-0B7D-4322-BAD7-A13A34C584A3
C1D82E29-1291-415B-9834-5A0480D2732C,DF4A35E0-7983-4A3E-BC47-F37B872B0F25
C200ADA5-F162-4D77-A820-950E13925129,09DF0950-D319-4557-A57E-04CD2F63FF42
C200ADA5-F162-4D77-A820-950E13925129,24380E3F-AD9D-4E38-BF13-C8EEB21893E7
C200ADA5-F162-4D77-A820-950E13925129,42FD78B9-2B90-4AA9-BC43-F10E9FEA8B5A
C200ADA5-F162-4D77-A820-950E13925129,B33DC9B6-0B7D-4322-BAD7-A13A34C584A3
C200ADA5-F162-4D77-A820-950E13925129,BFF8C027-7C8F-480B-A5F8-CD8CE490BFBA
C200ADA5-F162-4D77-A820-950E13925129,C11D3746-5063-4BD0-B245-7178D1AD866C
C200ADA5-F162-4D77-A820-950E13925129,DF4A35E0-7983-4A3E-BC47-F37B872B0F25
C315119F-1597-4C44-A8FA-60D707730FF0,24380E3F-AD9D-4E38-BF13-C8EEB21893E7
C315119F-1597-4C44-A8FA-60D707730FF0,B33DC9B6-0B7D-4322-BAD7-A13A34C584A3
C315119F-1597-4C44-A8FA-60D707730FF0,C8F98B28-3C10-41AE-AA99-092B3B398C43
C40BEE20-AF31-4DB5-AC77-D53EC89D1D9F,24380E3F-AD9D-4E38-BF13-C8EEB21893E7
C40BEE20-AF31-4DB5-AC77-D53EC89D1D9F,4D224BCA-C127-408B-AC75-A51563C42411
C40BEE20-AF31-4DB5-AC77-D53EC89D1D9F,AE42B46C-E4B7-4889-A122-08FE180371AE
C40BEE20-AF31-4DB5-AC77-D53EC89D1D9F,B204DE60-5A24-43DD-8902-C81625A09A74
C4E1A9A4-D121-4734-94FA-7788A93C2AAA,071BA73C-1D3C-46D4-A53C-00D5602F7F0E
C4E1A9A4-D121-4734-94FA-7788A93C2AAA,0B685688-3405-4E2A-ABBA-E3069492EC50
C4E1A9A4-D121-4734-94FA-7788A93C2AAA,4D224BCA-C127-408B-AC75-A51563C42411
C4E1A9A4-D121-4734-94FA-7788A93C2AAA,8386EEAF-985F-4DE8-9037-CCF91975AC94
C4E1A9A4-D121-4734-94FA-7788A93C2AAA,A59947B7-3376-49B4-AD02-C0423E08C5F7
C4E1A9A4-D121-4734-94FA-7788A93C2AAA,AE42B46C-E4B7-4889-A122-08FE180371AE
C4F477D4-D34A-486B-BC6C-94FB2FAA8D67,09DF0950-D319-4557-A57E-04CD2F63FF42
C4F477D4-D34A-486B-BC6C-94FB2FAA8D67,13A57703-BB1A-41A2-94B8-53B692EB7238
C4F477D4-D34A-486B-BC6C-94FB2FAA8D67,24380E3F-AD9D-4E38-BF13-C8EEB21893E7
C4F477D4-D34A-486B-BC6C-94FB2FAA8D67,A59947B7-3376-49B4-AD02-C0423E08C5F7
C4F477D4-D34A-486B-BC6C-94FB2FAA8D67,B33DC9B6-0B7D-4322-BAD7-A13A34C584A3
C4F477D4-D34A-486B-BC6C-94FB2FAA8D67,BFF8C027-7C8F-480B-A5F8-CD8CE490BFBA
C4F477D4-D34A-486B-BC6C-94FB2FAA8D67,DF4A35E0-7983-4A3E-BC47-F37B872B0F25
C59FE971-54EE-447C-9DCE-CB781949B0B8,09DF0950-D319-4557-A57E-04CD2F63FF42
C59FE971-54EE-447C-9DCE-CB781949B0B8,0C0D142F-06B5-4BE1-8B44-491B90F93DEB
C59FE971-54EE-447C-9DCE-CB781949B0B8,24380E3F-AD9D-4E38-BF13-C8EEB21893E7
C59FE971-54EE-447C-9DCE-CB781949B0B8,B33DC9B6-0B7D-4322-BAD7-A13A34C584A3
C59FE971-54EE-447C-9DCE-CB781949B0B8,C8F98B28-3C10-41AE-AA99-092B3B398C43
C59FE971-54EE-447C-9DCE-CB781949B0B8,DF4A35E0-7983-4A3E-BC47-F37B872B0F25
C62B89CF-F912-46F4-878C-8EEBD843CEC6,0C0D142F-06B5-4BE1-8B44-491B90F93DEB
C62B89CF-F912-46F4-878C-8EEBD843CEC6,24380E3F-AD9D-4E38-BF13-C8EEB21893E7
C62B89CF-F912-46F4-878C-8EEBD843CEC6,7CE6E935-F839-4FEC-A63E-052B1DEF39D2
C62B89CF-F912-46F4-878C-8EEBD843CEC6,B33DC9B6-0B7D-4322-BAD7-A13A34C584A3
C62B89CF-F912-46F4-878C-8EEBD843CEC6,C8F98B28-3C10-41AE-AA99-092B3B398C43
C62B89CF-F912-46F4-878C-8EEBD843CEC6,DF4A35E0-7983-4A3E-BC47-F37B872B0F25
C65070FE-942C-4E00-8C2B-64CA33C85B4A,071BA73C-1D3C-46D4-A53C-00D5602F7F0E
C65070FE-942C-4E00-8C2B-64CA33C85B4A,09DF0950-D319-4557-A57E-04CD2F63FF42
C65070FE-942C-4E00-8C2B-64CA33C85B4A,0B685688-3405-4E2A-ABBA-E3069492EC50
C65070FE-942C-4E00-8C2B-64CA33C85B4A,13A57703-BB1A-41A2-94B8-53B692EB7238
C65070FE-942C-4E00-8C2B-64CA33C85B4A,1DFACD97-1B9C-4F5A-80F2-05593604799E
C65070FE-942C-4E00-8C2B-64CA33C85B4A,24380E3F-AD9D-4E38-BF13-C8EEB21893E7
C65070FE-942C-4E00-8C2B-64CA33C85B4A,3EBF7EAC-68FC-4754-B6A4-0C38A1583D45
C65070FE-942C-4E00-8C2B-64CA33C85B4A,42CF4021-8524-428E-866A-D33097A4A764
C65070FE-942C-4E00-8C2B-64CA33C85B4A,4D224BCA-C127-408B-AC75-A51563C42411
C65070FE-942C-4E00-8C2B-64CA33C85B4A,587BB2D3-EC35-41B2-B3F7-A39E2B088AEE
C65070FE-942C-4E00-8C2B-64CA33C85B4A,A59947B7-3376-49B4-AD02-C0423E08C5F7
C65070FE-942C-4E00-8C2B-64CA33C85B4A,AE42B46C-E4B7-4889-A122-08FE180371AE
C65070FE-942C-4E00-8C2B-64CA33C85B4A,B33DC9B6-0B7D-4322-BAD7-A13A34C584A3
C65070FE-942C-4E00-8C2B-64CA33C85B4A,BFF8C027-7C8F-480B-A5F8-CD8CE490BFBA
C75450D2-9223-4D5F-9BA4-28DBB92CD507,071BA73C-1D3C-46D4-A53C-00D5602F7F0E
C75450D2-9223-4D5F-9BA4-28DBB92CD507,09DF0950-D319-4557-A57E-04CD2F63FF42
C75450D2-9223-4D5F-9BA4-28DBB92CD507,24380E3F-AD9D-4E38-BF13-C8EEB21893E7
C75450D2-9223-4D5F-9BA4-28DBB92CD507,42FD78B9-2B90-4AA9-BC43-F10E9FEA8B5A
C75450D2-9223-4D5F-9BA4-28DBB92CD507,B204DE60-5A24-43DD-8902-C81625A09A74
C75450D2-9223-4D5F-9BA4-28DBB92CD507,B33DC9B6-0B7D-4322-BAD7-A13A34C584A3
C75450D2-9223-4D5F-9BA4-28DBB92CD507,C8F98B28-3C10-41AE-AA99-092B3B398C43
C75450D2-9223-4D5F-9BA4-28DBB92CD507,DF4A35E0-7983-4A3E-BC47-F37B872B0F25
C7C40543-5879-48FC-8E55-C26F3E0B4CCD,0C0D142F-06B5-4BE1-8B44-491B90F93DEB
C7C40543-5879-48FC-8E55-C26F3E0B4CCD,B204DE60-5A24-43DD-8902-C81625A09A74
C7C40543-5879-48FC-8E55-C26F3E0B4CCD,B33DC9B6-0B7D-4322-BAD7-A13A34C584A3
C7C40543-5879-48FC-8E55-C26F3E0B4CCD,DF4A35E0-7983-4A3E-BC47-F37B872B0F25
C84BCBF8-FC75-48BB-8032-6FF56AB2DCED,09DF0950-D319-4557-A57E-04CD2F63FF42
C84BCBF8-FC75-48BB-8032-6FF56AB2DCED,0C0D142F-06B5-4BE1-8B44-491B90F93DEB
C84BCBF8-FC75-48BB-8032-6FF56AB2DCED,24380E3F-AD9D-4E38-BF13-C8EEB21893E7
C84BCBF8-FC75-48BB-8032-6FF56AB2DCED,C8F98B28-3C10-41AE-AA99-092B3B398C43
C84BCBF8-FC75-48BB-8032-6FF56AB2DCED,DF4A35E0-7983-4A3E-BC47-F37B872B0F25
C8B7FCAD-0176-4ABC-8774-90A264E646F1,09DF0950-D319-4557-A57E-04CD2F63FF42
C8B7FCAD-0176-4ABC-8774-90A264E646F1,0B685688-3405-4E2A-ABBA-E3069492EC50
C8B7FCAD-0176-4ABC-8774-90A264E646F1,0C0D142F-06B5-4BE1-8B44-491B90F93DEB
C8B7FCAD-0176-4ABC-8774-90A264E646F1,24380E3F-AD9D-4E38-BF13-C8EEB21893E7
C8B7FCAD-0176-4ABC-8774-90A264E646F1,7CE6E935-F839-4FEC-A63E-052B1DEF39D2
C8B7FCAD-0176-4ABC-8774-90A264E646F1,AE42B46C-E4B7-4889-A122-08FE180371AE
C8B7FCAD-0176-4ABC-8774-90A264E646F1,B33DC9B6-0B7D-4322-BAD7-A13A34C584A3
C8B7FCAD-0176-4ABC-8774-90A264E646F1,BFF8C027-7C8F-480B-A5F8-CD8CE490BFBA
C8B7FCAD-0176-4ABC-8774-90A264E646F1,DF4A35E0-7983-4A3E-BC47-F37B872B0F25
C8E59368-4CCA-4513-B2C5-D055BC0DA491,7779241F-A70B-49BC-86F0-829AE332C708
C8E59368-4CCA-4513-B2C5-D055BC0DA491,B33DC9B6-0B7D-4322-BAD7-A13A34C584A3
C8E59368-4CCA-4513-B2C5-D055BC0DA491,DF4A35E0-7983-4A3E-BC47-F37B872B0F25
C9056F71-7162-4208-8AE9-2D0AEFA594FD,0B685688-3405-4E2A-ABBA-E3069492EC50
C9056F71-7162-4208-8AE9-2D0AEFA594FD,0C0D142F-06B5-4BE1-8B44-491B90F93DEB
C9056F71-7162-4208-8AE9-2D0AEFA594FD,13A57703-BB1A-41A2-94B8-53B692EB7238
C9056F71-7162-4208-8AE9-2D0AEFA594FD,1DFACD97-1B9C-4F5A-80F2-05593604799E
C9056F71-7162-4208-8AE9-2D0AEFA594FD,24380E3F-AD9D-4E38-BF13-C8EEB21893E7
C9056F71-7162-4208-8AE9-2D0AEFA594FD,4D224BCA-C127-408B-AC75-A51563C42411
C9056F71-7162-4208-8AE9-2D0AEFA594FD,5F723BAD-7359-48FC-98FA-631592256E35
C9056F71-7162-4208-8AE9-2D0AEFA594FD,7CE6E935-F839-4FEC-A63E-052B1DEF39D2
C9056F71-7162-4208-8AE9-2D0AEFA594FD,A59947B7-3376-49B4-AD02-C0423E08C5F7
C9056F71-7162-4208-8AE9-2D0AEFA594FD,B33DC9B6-0B7D-4322-BAD7-A13A34C584A3
C9056F71-7162-4208-8AE9-2D0AEFA594FD,BFF8C027-7C8F-480B-A5F8-CD8CE490BFBA
C9056F71-7162-4208-8AE9-2D0AEFA594FD,DF4A35E0-7983-4A3E-BC47-F37B872B0F25
C9AA17CC-3152-464A-A9E2-494368086045,071BA73C-1D3C-46D4-A53C-00D5602F7F0E
C9AA17CC-3152-464A-A9E2-494368086045,0B685688-3405-4E2A-ABBA-E3069492EC50
C9AA17CC-3152-464A-A9E2-494368086045,42FD78B9-2B90-4AA9-BC43-F10E9FEA8B5A
C9AA17CC-3152-464A-A9E2-494368086045,4D224BCA-C127-408B-AC75-A51563C42411
C9AA17CC-3152-464A-A9E2-494368086045,8386EEAF-985F-4DE8-9037-CCF91975AC94
C9AA17CC-3152-464A-A9E2-494368086045,A59947B7-3376-49B4-AD02-C0423E08C5F7
C9AA17CC-3152-464A-A9E2-494368086045,AE42B46C-E4B7-4889-A122-08FE180371AE
C9AA17CC-3152-464A-A9E2-494368086045,BFF8C027-7C8F-480B-A5F8-CD8CE490BFBA
C9AA17CC-3152-464A-A9E2-494368086045,C8F98B28-3C10-41AE-AA99-092B3B398C43
C9AA17CC-3152-464A-A9E2-494368086045,D72206E4-6CD1-4441-A355-F8F1827466B1
C9AA17CC-3152-464A-A9E2-494368086045,DF4A35E0-7983-4A3E-BC47-F37B872B0F25
CA3ABD4B-B2BB-4949-9705-60CADB175FC4,5F723BAD-7359-48FC-98FA-631592256E35
CA3ABD4B-B2BB-4949-9705-60CADB175FC4,B33DC9B6-0B7D-4322-BAD7-A13A34C584A3
CA3ABD4B-B2BB-4949-9705-60CADB175FC4,BFF8C027-7C8F-480B-A5F8-CD8CE490BFBA
CA3ABD4B-B2BB-4949-9705-60CADB175FC4,DF4A35E0-7983-4A3E-BC47-F37B872B0F25
CB014DE3-3483-4E36-BC35-3CC7E9F60529,09DF0950-D319-4557-A57E-04CD2F63FF42
CB014DE3-3483-4E36-BC35-3CC7E9F60529,24380E3F-AD9D-4E38-BF13-C8EEB21893E7
CB014DE3-3483-4E36-BC35-3CC7E9F60529,B33DC9B6-0B7D-4322-BAD7-A13A34C584A3
CB014DE3-3483-4E36-BC35-3CC7E9F60529,DF4A35E0-7983-4A3E-BC47-F37B872B0F25
CCE1AD17-9B13-4D74-9CAC-0278D5477316,09DF0950-D319-4557-A57E-04CD2F63FF42
CCE1AD17-9B13-4D74-9CAC-0278D5477316,0B685688-3405-4E2A-ABBA-E3069492EC50
CCE1AD17-9B13-4D74-9CAC-0278D5477316,0C0D142F-06B5-4BE1-8B44-491B90F93DEB
CCE1AD17-9B13-4D74-9CAC-0278D5477316,24380E3F-AD9D-4E38-BF13-C8EEB21893E7
CCE1AD17-9B13-4D74-9CAC-0278D5477316,7CE6E935-F839-4FEC-A63E-052B1DEF39D2
CCE1AD17-9B13-4D74-9CAC-0278D5477316,B33DC9B6-0B7D-4322-BAD7-A13A34C584A3
CCE1AD17-9B13-4D74-9CAC-0278D5477316,BFF8C027-7C8F-480B-A5F8-CD8CE490BFBA
CCE1AD17-9B13-4D74-9CAC-0278D5477316,C8F98B28-3C10-41AE-AA99-092B3B398C43
CCE1AD17-9B13-4D74-9CAC-0278D5477316,DF4A35E0-7983-4A3E-BC47-F37B872B0F25
CD54150B-24F6-4B96-8D6F-B23AF92A70F2,09DF0950-D319-4557-A57E-04CD2F63FF42
CD54150B-24F6-4B96-8D6F-B23AF92A70F2,0C0D142F-06B5-4BE1-8B44-491B90F93DEB
CD54150B-24F6-4B96-8D6F-B23AF92A70F2,24380E3F-AD9D-4E38-BF13-C8EEB21893E7
CD54150B-24F6-4B96-8D6F-B23AF92A70F2,B33DC9B6-0B7D-4322-BAD7-A13A34C584A3
CD54150B-24F6-4B96-8D6F-B23AF92A70F2,BFF8C027-7C8F-480B-A5F8-CD8CE490BFBA
CD54150B-24F6-4B96-8D6F-B23AF92A70F2,C8F98B28-3C10-41AE-AA99-092B3B398C43
CD54150B-24F6-4B96-8D6F-B23AF92A70F2,DF4A35E0-7983-4A3E-BC47-F37B872B0F25
CDC0FE7F-C249-466C-88B2-B81FC5279B91,24380E3F-AD9D-4E38-BF13-C8EEB21893E7
CDC0FE7F-C249-466C-88B2-B81FC5279B91,B33DC9B6-0B7D-4322-BAD7-A13A34C584A3
CDC0FE7F-C249-466C-88B2-B81FC5279B91,C8F98B28-3C10-41AE-AA99-092B3B398C43
CDC0FE7F-C249-466C-88B2-B81FC5279B91,DF4A35E0-7983-4A3E-BC47-F37B872B0F25
CE9470A1-A8D7-49DE-A555-1A32FBBAB0FF,09DF0950-D319-4557-A57E-04CD2F63FF42
CE9470A1-A8D7-49DE-A555-1A32FBBAB0FF,24380E3F-AD9D-4E38-BF13-C8EEB21893E7
CE9470A1-A8D7-49DE-A555-1A32FBBAB0FF,42FD78B9-2B90-4AA9-BC43-F10E9FEA8B5A
CE9470A1-A8D7-49DE-A555-1A32FBBAB0FF,B33DC9B6-0B7D-4322-BAD7-A13A34C584A3
CE9470A1-A8D7-49DE-A555-1A32FBBAB0FF,C8F98B28-3C10-41AE-AA99-092B3B398C43
CE9470A1-A8D7-49DE-A555-1A32FBBAB0FF,DF4A35E0-7983-4A3E-BC47-F37B872B0F25
CEC2A157-CDDC-4F11-BBE5-0AA2CEA35ADB,0307955A-B65C-4CE4-A780-EB36BAAADF0B
CEC2A157-CDDC-4F11-BBE5-0AA2CEA35ADB,071BA73C-1D3C-46D4-A53C-00D5602F7F0E
CEC2A157-CDDC-4F11-BBE5-0AA2CEA35ADB,0B685688-3405-4E2A-ABBA-E3069492EC50
CEC2A157-CDDC-4F11-BBE5-0AA2CEA35ADB,0C0D142F-06B5-4BE1-8B44-491B90F93DEB
CEC2A157-CDDC-4F11-BBE5-0AA2CEA35ADB,13A57703-BB1A-41A2-94B8-53B692EB7238
CEC2A157-CDDC-4F11-BBE5-0AA2CEA35ADB,24380E3F-AD9D-4E38-BF13-C8EEB21893E7
CEC2A157-CDDC-4F11-BBE5-0AA2CEA35ADB,4D06CEED-90C6-4B69-B264-32CC90B69BA6
CEC2A157-CDDC-4F11-BBE5-0AA2CEA35ADB,4D224BCA-C127-408B-AC75-A51563C42411
CEC2A157-CDDC-4F11-BBE5-0AA2CEA35ADB,587BB2D3-EC35-41B2-B3F7-A39E2B088AEE
CEC2A157-CDDC-4F11-BBE5-0AA2CEA35ADB,5F723BAD-7359-48FC-98FA-631592256E35
CEC2A157-CDDC-4F11-BBE5-0AA2CEA35ADB,7779241F-A70B-49BC-86F0-829AE332C708
CEC2A157-CDDC-4F11-BBE5-0AA2CEA35ADB,8386EEAF-985F-4DE8-9037-CCF91975AC94
CEC2A157-CDDC-4F11-BBE5-0AA2CEA35ADB,A59947B7-3376-49B4-AD02-C0423E08C5F7
CEC2A157-CDDC-4F11-BBE5-0AA2CEA35ADB,AE42B46C-E4B7-4889-A122-08FE180371AE
CEC2A157-CDDC-4F11-BBE5-0AA2CEA35ADB,B33DC9B6-0B7D-4322-BAD7-A13A34C584A3
CEC2A157-CDDC-4F11-BBE5-0AA2CEA35ADB,BA316D0F-92AE-4E00-8C80-DBD605DC58C3
CEC2A157-CDDC-4F11-BBE5-0AA2CEA35ADB,BFF8C027-7C8F-480B-A5F8-CD8CE490BFBA
CEC2A157-CDDC-4F11-BBE5-0AA2CEA35ADB,DF4A35E0-7983-4A3E-BC47-F37B872B0F25
CEC8BD62-9229-4455-ABE8-F4310F4AB623,24380E3F-AD9D-4E38-BF13-C8EEB21893E7
CEC8BD62-9229-4455-ABE8-F4310F4AB623,B33DC9B6-0B7D-4322-BAD7-A13A34C584A3
CEC8BD62-9229-4455-ABE8-F4310F4AB623,C8F98B28-3C10-41AE-AA99-092B3B398C43
CF02A7E7-147F-4F1C-966B-FE3F2AE28DDC,071BA73C-1D3C-46D4-A53C-00D5602F7F0E
CF02A7E7-147F-4F1C-966B-FE3F2AE28DDC,B33DC9B6-0B7D-4322-BAD7-A13A34C584A3
CF02A7E7-147F-4F1C-966B-FE3F2AE28DDC,BFF8C027-7C8F-480B-A5F8-CD8CE490BFBA
CF02A7E7-147F-4F1C-966B-FE3F2AE28DDC,DF4A35E0-7983-4A3E-BC47-F37B872B0F25
CF35CC35-12CE-473D-9E4C-703916105B78,0C0D142F-06B5-4BE1-8B44-491B90F93DEB
CF35CC35-12CE-473D-9E4C-703916105B78,1DFACD97-1B9C-4F5A-80F2-05593604799E
CF35CC35-12CE-473D-9E4C-703916105B78,24380E3F-AD9D-4E38-BF13-C8EEB21893E7
CF35CC35-12CE-473D-9E4C-703916105B78,B33DC9B6-0B7D-4322-BAD7-A13A34C584A3
CF35CC35-12CE-473D-9E4C-703916105B78,C8F98B28-3C10-41AE-AA99-092B3B398C43
CF35CC35-12CE-473D-9E4C-703916105B78,DF4A35E0-7983-4A3E-BC47-F37B872B0F25
CF83E09C-3E55-4B5A-9D8B-E833CF6FEB5A,01D717BC-18BB-4FE4-95BA-6B13AD702038
CF83E09C-3E55-4B5A-9D8B-E833CF6FEB5A,1DFACD97-1B9C-4F5A-80F2-05593604799E
CF83E09C-3E55-4B5A-9D8B-E833CF6FEB5A,A59947B7-3376-49B4-AD02-C0423E08C5F7
CF83E09C-3E55-4B5A-9D8B-E833CF6FEB5A,BFF8C027-7C8F-480B-A5F8-CD8CE490BFBA
D040C2B5-BFCD-4DED-AADC-BA28E29CC560,0C0D142F-06B5-4BE1-8B44-491B90F93DEB
D040C2B5-BFCD-4DED-AADC-BA28E29CC560,24380E3F-AD9D-4E38-BF13-C8EEB21893E7
D040C2B5-BFCD-4DED-AADC-BA28E29CC560,B33DC9B6-0B7D-4322-BAD7-A13A34C584A3
D040C2B5-BFCD-4DED-AADC-BA28E29CC560,C8F98B28-3C10-41AE-AA99-092B3B398C43
D040C2B5-BFCD-4DED-AADC-BA28E29CC560,DF4A35E0-7983-4A3E-BC47-F37B872B0F25
D06293DF-25C4-4065-B0C7-BA5A225D3BF3,0307955A-B65C-4CE4-A780-EB36BAAADF0B
D06293DF-25C4-4065-B0C7-BA5A225D3BF3,09DF0950-D319-4557-A57E-04CD2F63FF42
D06293DF-25C4-4065-B0C7-BA5A225D3BF3,0B685688-3405-4E2A-ABBA-E3069492EC50
D06293DF-25C4-4065-B0C7-BA5A225D3BF3,0C0D142F-06B5-4BE1-8B44-491B90F93DEB
D06293DF-25C4-4065-B0C7-BA5A225D3BF3,13A57703-BB1A-41A2-94B8-53B692EB7238
D06293DF-25C4-4065-B0C7-BA5A225D3BF3,1DFACD97-1B9C-4F5A-80F2-05593604799E
D06293DF-25C4-4065-B0C7-BA5A225D3BF3,24380E3F-AD9D-4E38-BF13-C8EEB21893E7
D06293DF-25C4-4065-B0C7-BA5A225D3BF3,3F3ABD16-2C52-4EAA-A1F6-4235DE5686F0
D06293DF-25C4-4065-B0C7-BA5A225D3BF3,4D224BCA-C127-408B-AC75-A51563C42411
D06293DF-25C4-4065-B0C7-BA5A225D3BF3,5F723BAD-7359-48FC-98FA-631592256E35
D06293DF-25C4-4065-B0C7-BA5A225D3BF3,7779241F-A70B-49BC-86F0-829AE332C708
D06293DF-25C4-4065-B0C7-BA5A225D3BF3,7CE6E935-F839-4FEC-A63E-052B1DEF39D2
D06293DF-25C4-4065-B0C7-BA5A225D3BF3,AE42B46C-E4B7-4889-A122-08FE180371AE
D06293DF-25C4-4065-B0C7-BA5A225D3BF3,B33DC9B6-0B7D-4322-BAD7-A13A34C584A3
D06293DF-25C4-4065-B0C7-BA5A225D3BF3,BFF8C027-7C8F-480B-A5F8-CD8CE490BFBA
D06293DF-25C4-4065-B0C7-BA5A225D3BF3,C8F98B28-3C10-41AE-AA99-092B3B398C43
D06293DF-25C4-4065-B0C7-BA5A225D3BF3,DF4A35E0-7983-4A3E-BC47-F37B872B0F25
D09FF0F8-B16E-4D2B-9C37-03202D6B8176,0307955A-B65C-4CE4-A780-EB36BAAADF0B
D09FF0F8-B16E-4D2B-9C37-03202D6B8176,0B685688-3405-4E2A-ABBA-E3069492EC50
D09FF0F8-B16E-4D2B-9C37-03202D6B8176,0C0D142F-06B5-4BE1-8B44-491B90F93DEB
D09FF0F8-B16E-4D2B-9C37-03202D6B8176,24380E3F-AD9D-4E38-BF13-C8EEB21893E7
D09FF0F8-B16E-4D2B-9C37-03202D6B8176,7CE6E935-F839-4FEC-A63E-052B1DEF39D2
D09FF0F8-B16E-4D2B-9C37-03202D6B8176,B204DE60-5A24-43DD-8902-C81625A09A74
D09FF0F8-B16E-4D2B-9C37-03202D6B8176,B33DC9B6-0B7D-4322-BAD7-A13A34C584A3
D09FF0F8-B16E-4D2B-9C37-03202D6B8176,BFF8C027-7C8F-480B-A5F8-CD8CE490BFBA
D09FF0F8-B16E-4D2B-9C37-03202D6B8176,C8F98B28-3C10-41AE-AA99-092B3B398C43
D09FF0F8-B16E-4D2B-9C37-03202D6B8176,DF4A35E0-7983-4A3E-BC47-F37B872B0F25
D1417003-3F9E-4FE0-9C6B-8ECE50855C7B,09DF0950-D319-4557-A57E-04CD2F63FF42
D1417003-3F9E-4FE0-9C6B-8ECE50855C7B,0C0D142F-06B5-4BE1-8B44-491B90F93DEB
D1417003-3F9E-4FE0-9C6B-8ECE50855C7B,5F723BAD-7359-48FC-98FA-631592256E35
D1417003-3F9E-4FE0-9C6B-8ECE50855C7B,7CE6E935-F839-4FEC-A63E-052B1DEF39D2
D1417003-3F9E-4FE0-9C6B-8ECE50855C7B,B204DE60-5A24-43DD-8902-C81625A09A74
D1417003-3F9E-4FE0-9C6B-8ECE50855C7B,B33DC9B6-0B7D-4322-BAD7-A13A34C584A3
D1417003-3F9E-4FE0-9C6B-8ECE50855C7B,C8F98B28-3C10-41AE-AA99-092B3B398C43
D1417003-3F9E-4FE0-9C6B-8ECE50855C7B,DF4A35E0-7983-4A3E-BC47-F37B872B0F25
D1EAA1D1-E855-42FF-9D06-8E983413BDE5,24380E3F-AD9D-4E38-BF13-C8EEB21893E7
D1EAA1D1-E855-42FF-9D06-8E983413BDE5,B33DC9B6-0B7D-4322-BAD7-A13A34C584A3
D1EAA1D1-E855-42FF-9D06-8E983413BDE5,C8F98B28-3C10-41AE-AA99-092B3B398C43
D2E64293-4B46-4F1A-8902-7D0FCAD268C0,0B685688-3405-4E2A-ABBA-E3069492EC50
D2E64293-4B46-4F1A-8902-7D0FCAD268C0,0C0D142F-06B5-4BE1-8B44-491B90F93DEB
D2E64293-4B46-4F1A-8902-7D0FCAD268C0,1DFACD97-1B9C-4F5A-80F2-05593604799E
D2E64293-4B46-4F1A-8902-7D0FCAD268C0,24380E3F-AD9D-4E38-BF13-C8EEB21893E7
D2E64293-4B46-4F1A-8902-7D0FCAD268C0,7779241F-A70B-49BC-86F0-829AE332C708
D2E64293-4B46-4F1A-8902-7D0FCAD268C0,B204DE60-5A24-43DD-8902-C81625A09A74
D2E64293-4B46-4F1A-8902-7D0FCAD268C0,B33DC9B6-0B7D-4322-BAD7-A13A34C584A3
D2E64293-4B46-4F1A-8902-7D0FCAD268C0,BFF8C027-7C8F-480B-A5F8-CD8CE490BFBA
D2E64293-4B46-4F1A-8902-7D0FCAD268C0,C8F98B28-3C10-41AE-AA99-092B3B398C43
D2E64293-4B46-4F1A-8902-7D0FCAD268C0,DF4A35E0-7983-4A3E-BC47-F37B872B0F25
D2E64293-4B46-4F1A-8902-7D0FCAD268C0,F9B1D433-6B86-4804-AED7-B50A519A3B7C
D35004EF-5F5A-4DA4-8716-5141BE5C933C,B33DC9B6-0B7D-4322-BAD7-A13A34C584A3
D43C7439-5C0B-4F4F-9D5B-65080F13AD28,071BA73C-1D3C-46D4-A53C-00D5602F7F0E
D43C7439-5C0B-4F4F-9D5B-65080F13AD28,0B685688-3405-4E2A-ABBA-E3069492EC50
D43C7439-5C0B-4F4F-9D5B-65080F13AD28,0C0D142F-06B5-4BE1-8B44-491B90F93DEB
D43C7439-5C0B-4F4F-9D5B-65080F13AD28,13A57703-BB1A-41A2-94B8-53B692EB7238
D43C7439-5C0B-4F4F-9D5B-65080F13AD28,1DFACD97-1B9C-4F5A-80F2-05593604799E
D43C7439-5C0B-4F4F-9D5B-65080F13AD28,24380E3F-AD9D-4E38-BF13-C8EEB21893E7
D43C7439-5C0B-4F4F-9D5B-65080F13AD28,42FD78B9-2B90-4AA9-BC43-F10E9FEA8B5A
D43C7439-5C0B-4F4F-9D5B-65080F13AD28,4D224BCA-C127-408B-AC75-A51563C42411
D43C7439-5C0B-4F4F-9D5B-65080F13AD28,587BB2D3-EC35-41B2-B3F7-A39E2B088AEE
D43C7439-5C0B-4F4F-9D5B-65080F13AD28,5F723BAD-7359-48FC-98FA-631592256E35
D43C7439-5C0B-4F4F-9D5B-65080F13AD28,7779241F-A70B-49BC-86F0-829AE332C708
D43C7439-5C0B-4F4F-9D5B-65080F13AD28,7CE6E935-F839-4FEC-A63E-052B1DEF39D2
D43C7439-5C0B-4F4F-9D5B-65080F13AD28,8386EEAF-985F-4DE8-9037-CCF91975AC94
D43C7439-5C0B-4F4F-9D5B-65080F13AD28,A59947B7-3376-49B4-AD02-C0423E08C5F7
D43C7439-5C0B-4F4F-9D5B-65080F13AD28,AE42B46C-E4B7-4889-A122-08FE180371AE
D43C7439-5C0B-4F4F-9D5B-65080F13AD28,B204DE60-5A24-43DD-8902-C81625A09A74
D43C7439-5C0B-4F4F-9D5B-65080F13AD28,B33DC9B6-0B7D-4322-BAD7-A13A34C584A3
D43C7439-5C0B-4F4F-9D5B-65080F13AD28,BFF8C027-7C8F-480B-A5F8-CD8CE490BFBA
D43C7439-5C0B-4F4F-9D5B-65080F13AD28,C8F98B28-3C10-41AE-AA99-092B3B398C43
D43C7439-5C0B-4F4F-9D5B-65080F13AD28,DF4A35E0-7983-4A3E-BC47-F37B872B0F25
D43C7439-5C0B-4F4F-9D5B-65080F13AD28,F9B1D433-6B86-4804-AED7-B50A519A3B7C
D44FE5CB-71B4-4B7C-A52A-41BE9D9211B3,13A57703-BB1A-41A2-94B8-53B692EB7238
D44FE5CB-71B4-4B7C-A52A-41BE9D9211B3,3EBF7EAC-68FC-4754-B6A4-0C38A1583D45
D44FE5CB-71B4-4B7C-A52A-41BE9D9211B3,C8F98B28-3C10-41AE-AA99-092B3B398C43
D509DC08-53AD-4661-A2EA-FC69BE456E50,0307955A-B65C-4CE4-A780-EB36BAAADF0B
D509DC08-53AD-4661-A2EA-FC69BE456E50,0B685688-3405-4E2A-ABBA-E3069492EC50
D509DC08-53AD-4661-A2EA-FC69BE456E50,0C0D142F-06B5-4BE1-8B44-491B90F93DEB
D509DC08-53AD-4661-A2EA-FC69BE456E50,13A57703-BB1A-41A2-94B8-53B692EB7238
D509DC08-53AD-4661-A2EA-FC69BE456E50,1DFACD97-1B9C-4F5A-80F2-05593604799E
D509DC08-53AD-4661-A2EA-FC69BE456E50,24380E3F-AD9D-4E38-BF13-C8EEB21893E7
D509DC08-53AD-4661-A2EA-FC69BE456E50,5F723BAD-7359-48FC-98FA-631592256E35
D509DC08-53AD-4661-A2EA-FC69BE456E50,7CE6E935-F839-4FEC-A63E-052B1DEF39D2
D509DC08-53AD-4661-A2EA-FC69BE456E50,8386EEAF-985F-4DE8-9037-CCF91975AC94
D509DC08-53AD-4661-A2EA-FC69BE456E50,A59947B7-3376-49B4-AD02-C0423E08C5F7
D509DC08-53AD-4661-A2EA-FC69BE456E50,BFF8C027-7C8F-480B-A5F8-CD8CE490BFBA
D509DC08-53AD-4661-A2EA-FC69BE456E50,C8F98B28-3C10-41AE-AA99-092B3B398C43
D509DC08-53AD-4661-A2EA-FC69BE456E50,DF4A35E0-7983-4A3E-BC47-F37B872B0F25
D50B95B0-11C7-4F0A-8B3A-9BAC66E8F1A7,0B685688-3405-4E2A-ABBA-E3069492EC50
D50B95B0-11C7-4F0A-8B3A-9BAC66E8F1A7,4D224BCA-C127-408B-AC75-A51563C42411
D50B95B0-11C7-4F0A-8B3A-9BAC66E8F1A7,7CE6E935-F839-4FEC-A63E-052B1DEF39D2
D50B95B0-11C7-4F0A-8B3A-9BAC66E8F1A7,BFF8C027-7C8F-480B-A5F8-CD8CE490BFBA
D57C8F0D-71E9-46D7-B00B-001BC7E39096,09DF0950-D319-4557-A57E-04CD2F63FF42
D57C8F0D-71E9-46D7-B00B-001BC7E39096,0C0D142F-06B5-4BE1-8B44-491B90F93DEB
D57C8F0D-71E9-46D7-B00B-001BC7E39096,13A57703-BB1A-41A2-94B8-53B692EB7238
D57C8F0D-71E9-46D7-B00B-001BC7E39096,1DFACD97-1B9C-4F5A-80F2-05593604799E
D57C8F0D-71E9-46D7-B00B-001BC7E39096,24380E3F-AD9D-4E38-BF13-C8EEB21893E7
D57C8F0D-71E9-46D7-B00B-001BC7E39096,42FD78B9-2B90-4AA9-BC43-F10E9FEA8B5A
D57C8F0D-71E9-46D7-B00B-001BC7E39096,7CE6E935-F839-4FEC-A63E-052B1DEF39D2
D57C8F0D-71E9-46D7-B00B-001BC7E39096,B204DE60-5A24-43DD-8902-C81625A09A74
D57C8F0D-71E9-46D7-B00B-001BC7E39096,B33DC9B6-0B7D-4322-BAD7-A13A34C584A3
D57C8F0D-71E9-46D7-B00B-001BC7E39096,BFF8C027-7C8F-480B-A5F8-CD8CE490BFBA
D57C8F0D-71E9-46D7-B00B-001BC7E39096,C38B3C62-1BBF-4EA1-A1A2-35DE21B74C17
D57C8F0D-71E9-46D7-B00B-001BC7E39096,C8F98B28-3C10-41AE-AA99-092B3B398C43
D57C8F0D-71E9-46D7-B00B-001BC7E39096,DF4A35E0-7983-4A3E-BC47-F37B872B0F25
D68D9424-CD32-434F-88BF-3069ADFB2744,0307955A-B65C-4CE4-A780-EB36BAAADF0B
D68D9424-CD32-434F-88BF-3069ADFB2744,09DF0950-D319-4557-A57E-04CD2F63FF42
D68D9424-CD32-434F-88BF-3069ADFB2744,0B685688-3405-4E2A-ABBA-E3069492EC50
D68D9424-CD32-434F-88BF-3069ADFB2744,0C0D142F-06B5-4BE1-8B44-491B90F93DEB
D68D9424-CD32-434F-88BF-3069ADFB2744,24380E3F-AD9D-4E38-BF13-C8EEB21893E7
D68D9424-CD32-434F-88BF-3069ADFB2744,7CE6E935-F839-4FEC-A63E-052B1DEF39D2
D68D9424-CD32-434F-88BF-3069ADFB2744,B204DE60-5A24-43DD-8902-C81625A09A74
D68D9424-CD32-434F-88BF-3069ADFB2744,B33DC9B6-0B7D-4322-BAD7-A13A34C584A3
D68D9424-CD32-434F-88BF-3069ADFB2744,BFF8C027-7C8F-480B-A5F8-CD8CE490BFBA
D68D9424-CD32-434F-88BF-3069ADFB2744,C8F98B28-3C10-41AE-AA99-092B3B398C43
D68D9424-CD32-434F-88BF-3069ADFB2744,DF4A35E0-7983-4A3E-BC47-F37B872B0F25
D709F8AB-E094-4C58-8B9E-2E4958AA2BF2,0307955A-B65C-4CE4-A780-EB36BAAADF0B
D709F8AB-E094-4C58-8B9E-2E4958AA2BF2,09DF0950-D319-4557-A57E-04CD2F63FF42
D709F8AB-E094-4C58-8B9E-2E4958AA2BF2,0B685688-3405-4E2A-ABBA-E3069492EC50
D709F8AB-E094-4C58-8B9E-2E4958AA2BF2,0C0D142F-06B5-4BE1-8B44-491B90F93DEB
D709F8AB-E094-4C58-8B9E-2E4958AA2BF2,13A57703-BB1A-41A2-94B8-53B692EB7238
D709F8AB-E094-4C58-8B9E-2E4958AA2BF2,1DFACD97-1B9C-4F5A-80F2-05593604799E
D709F8AB-E094-4C58-8B9E-2E4958AA2BF2,24380E3F-AD9D-4E38-BF13-C8EEB21893E7
D709F8AB-E094-4C58-8B9E-2E4958AA2BF2,42FD78B9-2B90-4AA9-BC43-F10E9FEA8B5A
D709F8AB-E094-4C58-8B9E-2E4958AA2BF2,7CE6E935-F839-4FEC-A63E-052B1DEF39D2
D709F8AB-E094-4C58-8B9E-2E4958AA2BF2,8386EEAF-985F-4DE8-9037-CCF91975AC94
D709F8AB-E094-4C58-8B9E-2E4958AA2BF2,B204DE60-5A24-43DD-8902-C81625A09A74
D709F8AB-E094-4C58-8B9E-2E4958AA2BF2,B33DC9B6-0B7D-4322-BAD7-A13A34C584A3
D709F8AB-E094-4C58-8B9E-2E4958AA2BF2,BFF8C027-7C8F-480B-A5F8-CD8CE490BFBA
D709F8AB-E094-4C58-8B9E-2E4958AA2BF2,C11D3746-5063-4BD0-B245-7178D1AD866C
D709F8AB-E094-4C58-8B9E-2E4958AA2BF2,C8F98B28-3C10-41AE-AA99-092B3B398C43
D709F8AB-E094-4C58-8B9E-2E4958AA2BF2,DF4A35E0-7983-4A3E-BC47-F37B872B0F25
D709F8AB-E094-4C58-8B9E-2E4958AA2BF2,F9B1D433-6B86-4804-AED7-B50A519A3B7C
D84122DD-1B0E-4D13-927C-5D6D2A0D200E,01D717BC-18BB-4FE4-95BA-6B13AD702038
D84122DD-1B0E-4D13-927C-5D6D2A0D200E,071BA73C-1D3C-46D4-A53C-00D5602F7F0E
D84122DD-1B0E-4D13-927C-5D6D2A0D200E,0B685688-3405-4E2A-ABBA-E3069492EC50
D84122DD-1B0E-4D13-927C-5D6D2A0D200E,0C0D142F-06B5-4BE1-8B44-491B90F93DEB
D84122DD-1B0E-4D13-927C-5D6D2A0D200E,24380E3F-AD9D-4E38-BF13-C8EEB21893E7
D84122DD-1B0E-4D13-927C-5D6D2A0D200E,42CF4021-8524-428E-866A-D33097A4A764
D84122DD-1B0E-4D13-927C-5D6D2A0D200E,4D224BCA-C127-408B-AC75-A51563C42411
D84122DD-1B0E-4D13-927C-5D6D2A0D200E,587BB2D3-EC35-41B2-B3F7-A39E2B088AEE
D84122DD-1B0E-4D13-927C-5D6D2A0D200E,8386EEAF-985F-4DE8-9037-CCF91975AC94
D84122DD-1B0E-4D13-927C-5D6D2A0D200E,A59947B7-3376-49B4-AD02-C0423E08C5F7
D84122DD-1B0E-4D13-927C-5D6D2A0D200E,AE42B46C-E4B7-4889-A122-08FE180371AE
D84122DD-1B0E-4D13-927C-5D6D2A0D200E,B33DC9B6-0B7D-4322-BAD7-A13A34C584A3
D84122DD-1B0E-4D13-927C-5D6D2A0D200E,BFF8C027-7C8F-480B-A5F8-CD8CE490BFBA
D84122DD-1B0E-4D13-927C-5D6D2A0D200E,DF4A35E0-7983-4A3E-BC47-F37B872B0F25
D87E3D6F-8007-46F0-971A-B3BC191CC888,09DF0950-D319-4557-A57E-04CD2F63FF42
D87E3D6F-8007-46F0-971A-B3BC191CC888,0B685688-3405-4E2A-ABBA-E3069492EC50
D87E3D6F-8007-46F0-971A-B3BC191CC888,13A57703-BB1A-41A2-94B8-53B692EB7238
D87E3D6F-8007-46F0-971A-B3BC191CC888,1DFACD97-1B9C-4F5A-80F2-05593604799E
D87E3D6F-8007-46F0-971A-B3BC191CC888,24380E3F-AD9D-4E38-BF13-C8EEB21893E7
D87E3D6F-8007-46F0-971A-B3BC191CC888,A59947B7-3376-49B4-AD02-C0423E08C5F7
D87E3D6F-8007-46F0-971A-B3BC191CC888,B33DC9B6-0B7D-4322-BAD7-A13A34C584A3
D87E3D6F-8007-46F0-971A-B3BC191CC888,BFF8C027-7C8F-480B-A5F8-CD8CE490BFBA
D87E3D6F-8007-46F0-971A-B3BC191CC888,C8F98B28-3C10-41AE-AA99-092B3B398C43
D87E3D6F-8007-46F0-971A-B3BC191CC888,DF4A35E0-7983-4A3E-BC47-F37B872B0F25
D9819727-18DF-4A84-BDDE-D4F2696DE340,0307955A-B65C-4CE4-A780-EB36BAAADF0B
D9819727-18DF-4A84-BDDE-D4F2696DE340,09DF0950-D319-4557-A57E-04CD2F63FF42
D9819727-18DF-4A84-BDDE-D4F2696DE340,0B685688-3405-4E2A-ABBA-E3069492EC50
D9819727-18DF-4A84-BDDE-D4F2696DE340,0C0D142F-06B5-4BE1-8B44-491B90F93DEB
D9819727-18DF-4A84-BDDE-D4F2696DE340,13A57703-BB1A-41A2-94B8-53B692EB7238
D9819727-18DF-4A84-BDDE-D4F2696DE340,1DFACD97-1B9C-4F5A-80F2-05593604799E
D9819727-18DF-4A84-BDDE-D4F2696DE340,24380E3F-AD9D-4E38-BF13-C8EEB21893E7
D9819727-18DF-4A84-BDDE-D4F2696DE340,42FD78B9-2B90-4AA9-BC43-F10E9FEA8B5A
D9819727-18DF-4A84-BDDE-D4F2696DE340,5F723BAD-7359-48FC-98FA-631592256E35
D9819727-18DF-4A84-BDDE-D4F2696DE340,7CE6E935-F839-4FEC-A63E-052B1DEF39D2
D9819727-18DF-4A84-BDDE-D4F2696DE340,A59947B7-3376-49B4-AD02-C0423E08C5F7
D9819727-18DF-4A84-BDDE-D4F2696DE340,AE42B46C-E4B7-4889-A122-08FE180371AE
D9819727-18DF-4A84-BDDE-D4F2696DE340,B33DC9B6-0B7D-4322-BAD7-A13A34C584A3
D9819727-18DF-4A84-BDDE-D4F2696DE340,BFF8C027-7C8F-480B-A5F8-CD8CE490BFBA
D9819727-18DF-4A84-BDDE-D4F2696DE340,C8F98B28-3C10-41AE-AA99-092B3B398C43
D9819727-18DF-4A84-BDDE-D4F2696DE340,DF4A35E0-7983-4A3E-BC47-F37B872B0F25
D9BF4288-9AC3-4526-9598-BE8920839ACC,09DF0950-D319-4557-A57E-04CD2F63FF42
D9BF4288-9AC3-4526-9598-BE8920839ACC,0B685688-3405-4E2A-ABBA-E3069492EC50
D9BF4288-9AC3-4526-9598-BE8920839ACC,0C0D142F-06B5-4BE1-8B44-491B90F93DEB
D9BF4288-9AC3-4526-9598-BE8920839ACC,24380E3F-AD9D-4E38-BF13-C8EEB21893E7
D9BF4288-9AC3-4526-9598-BE8920839ACC,7CE6E935-F839-4FEC-A63E-052B1DEF39D2
D9BF4288-9AC3-4526-9598-BE8920839ACC,A59947B7-3376-49B4-AD02-C0423E08C5F7
D9BF4288-9AC3-4526-9598-BE8920839ACC,B33DC9B6-0B7D-4322-BAD7-A13A34C584A3
D9BF4288-9AC3-4526-9598-BE8920839ACC,BFF8C027-7C8F-480B-A5F8-CD8CE490BFBA
D9BF4288-9AC3-4526-9598-BE8920839ACC,C8F98B28-3C10-41AE-AA99-092B3B398C43
D9BF4288-9AC3-4526-9598-BE8920839ACC,DF4A35E0-7983-4A3E-BC47-F37B872B0F25
DBD2FCBF-D0DD-4262-A04E-93090888F0F5,0307955A-B65C-4CE4-A780-EB36BAAADF0B
DBD2FCBF-D0DD-4262-A04E-93090888F0F5,0B685688-3405-4E2A-ABBA-E3069492EC50
DBD2FCBF-D0DD-4262-A04E-93090888F0F5,1DFACD97-1B9C-4F5A-80F2-05593604799E
DBD2FCBF-D0DD-4262-A04E-93090888F0F5,4D224BCA-C127-408B-AC75-A51563C42411
DBD2FCBF-D0DD-4262-A04E-93090888F0F5,8386EEAF-985F-4DE8-9037-CCF91975AC94
DBD2FCBF-D0DD-4262-A04E-93090888F0F5,A59947B7-3376-49B4-AD02-C0423E08C5F7
DBD2FCBF-D0DD-4262-A04E-93090888F0F5,AE42B46C-E4B7-4889-A122-08FE180371AE
DBD2FCBF-D0DD-4262-A04E-93090888F0F5,B33DC9B6-0B7D-4322-BAD7-A13A34C584A3
DBD2FCBF-D0DD-4262-A04E-93090888F0F5,BA316D0F-92AE-4E00-8C80-DBD605DC58C3
DBD2FCBF-D0DD-4262-A04E-93090888F0F5,BFF8C027-7C8F-480B-A5F8-CD8CE490BFBA
DBD2FCBF-D0DD-4262-A04E-93090888F0F5,DF4A35E0-7983-4A3E-BC47-F37B872B0F25
DC9185D6-CCA9-4F40-AE53-5D77DE35E202,B33DC9B6-0B7D-4322-BAD7-A13A34C584A3
DC9185D6-CCA9-4F40-AE53-5D77DE35E202,BFF8C027-7C8F-480B-A5F8-CD8CE490BFBA
DC9185D6-CCA9-4F40-AE53-5D77DE35E202,C8F98B28-3C10-41AE-AA99-092B3B398C43
DD9075B8-4AC2-4FA4-83F4-A08DFD705C25,0B685688-3405-4E2A-ABBA-E3069492EC50
DD9075B8-4AC2-4FA4-83F4-A08DFD705C25,24380E3F-AD9D-4E38-BF13-C8EEB21893E7
DD9075B8-4AC2-4FA4-83F4-A08DFD705C25,B33DC9B6-0B7D-4322-BAD7-A13A34C584A3
DD9075B8-4AC2-4FA4-83F4-A08DFD705C25,BFF8C027-7C8F-480B-A5F8-CD8CE490BFBA
DD9075B8-4AC2-4FA4-83F4-A08DFD705C25,DF4A35E0-7983-4A3E-BC47-F37B872B0F25
DE0A8012-5324-4F5C-98DA-0EE6589FDFB3,01D717BC-18BB-4FE4-95BA-6B13AD702038
DE0A8012-5324-4F5C-98DA-0EE6589FDFB3,0B685688-3405-4E2A-ABBA-E3069492EC50
DE0A8012-5324-4F5C-98DA-0EE6589FDFB3,0C0D142F-06B5-4BE1-8B44-491B90F93DEB
DE0A8012-5324-4F5C-98DA-0EE6589FDFB3,24380E3F-AD9D-4E38-BF13-C8EEB21893E7
DE0A8012-5324-4F5C-98DA-0EE6589FDFB3,3F3ABD16-2C52-4EAA-A1F6-4235DE5686F0
DE0A8012-5324-4F5C-98DA-0EE6589FDFB3,4D224BCA-C127-408B-AC75-A51563C42411
DE0A8012-5324-4F5C-98DA-0EE6589FDFB3,587BB2D3-EC35-41B2-B3F7-A39E2B088AEE
DE0A8012-5324-4F5C-98DA-0EE6589FDFB3,5F723BAD-7359-48FC-98FA-631592256E35
DE0A8012-5324-4F5C-98DA-0EE6589FDFB3,7CE6E935-F839-4FEC-A63E-052B1DEF39D2
DE0A8012-5324-4F5C-98DA-0EE6589FDFB3,8386EEAF-985F-4DE8-9037-CCF91975AC94
DE0A8012-5324-4F5C-98DA-0EE6589FDFB3,A59947B7-3376-49B4-AD02-C0423E08C5F7
DE0A8012-5324-4F5C-98DA-0EE6589FDFB3,AE3C95F5-E05B-4A28-81DD-1C5FD4BE88E2
DE0A8012-5324-4F5C-98DA-0EE6589FDFB3,AE42B46C-E4B7-4889-A122-08FE180371AE
DE0A8012-5324-4F5C-98DA-0EE6589FDFB3,B33DC9B6-0B7D-4322-BAD7-A13A34C584A3
DE0A8012-5324-4F5C-98DA-0EE6589FDFB3,BFF8C027-7C8F-480B-A5F8-CD8CE490BFBA
DE0A8012-5324-4F5C-98DA-0EE6589FDFB3,C8F98B28-3C10-41AE-AA99-092B3B398C43
DE0A8012-5324-4F5C-98DA-0EE6589FDFB3,DF4A35E0-7983-4A3E-BC47-F37B872B0F25
DE0A8012-5324-4F5C-98DA-0EE6589FDFB3,F9B1D433-6B86-4804-AED7-B50A519A3B7C
DE70B987-01A4-4BA5-9662-030BE3329AB3,09DF0950-D319-4557-A57E-04CD2F63FF42
DE70B987-01A4-4BA5-9662-030BE3329AB3,0B685688-3405-4E2A-ABBA-E3069492EC50
DE70B987-01A4-4BA5-9662-030BE3329AB3,0C0D142F-06B5-4BE1-8B44-491B90F93DEB
DE70B987-01A4-4BA5-9662-030BE3329AB3,1DFACD97-1B9C-4F5A-80F2-05593604799E
DE70B987-01A4-4BA5-9662-030BE3329AB3,24380E3F-AD9D-4E38-BF13-C8EEB21893E7
DE70B987-01A4-4BA5-9662-030BE3329AB3,B204DE60-5A24-43DD-8902-C81625A09A74
DE70B987-01A4-4BA5-9662-030BE3329AB3,B33DC9B6-0B7D-4322-BAD7-A13A34C584A3
DE70B987-01A4-4BA5-9662-030BE3329AB3,BFF8C027-7C8F-480B-A5F8-CD8CE490BFBA
DE70B987-01A4-4BA5-9662-030BE3329AB3,C8F98B28-3C10-41AE-AA99-092B3B398C43
DE70B987-01A4-4BA5-9662-030BE3329AB3,DF4A35E0-7983-4A3E-BC47-F37B872B0F25
DE848801-6FFA-4961-901A-CBE120F569F5,0C0D142F-06B5-4BE1-8B44-491B90F93DEB
DE848801-6FFA-4961-901A-CBE120F569F5,24380E3F-AD9D-4E38-BF13-C8EEB21893E7
DE848801-6FFA-4961-901A-CBE120F569F5,B204DE60-5A24-43DD-8902-C81625A09A74
DE848801-6FFA-4961-901A-CBE120F569F5,B33DC9B6-0B7D-4322-BAD7-A13A34C584A3
DE848801-6FFA-4961-901A-CBE120F569F5,C8F98B28-3C10-41AE-AA99-092B3B398C43
DE848801-6FFA-4961-901A-CBE120F569F5,DF4A35E0-7983-4A3E-BC47-F37B872B0F25
DED290D0-879A-4134-BBC3-54980D80959E,01D717BC-18BB-4FE4-95BA-6B13AD702038
DED290D0-879A-4134-BBC3-54980D80959E,0B685688-3405-4E2A-ABBA-E3069492EC50
DED290D0-879A-4134-BBC3-54980D80959E,42FD78B9-2B90-4AA9-BC43-F10E9FEA8B5A
DED290D0-879A-4134-BBC3-54980D80959E,A59947B7-3376-49B4-AD02-C0423E08C5F7
DED290D0-879A-4134-BBC3-54980D80959E,AE42B46C-E4B7-4889-A122-08FE180371AE
DED290D0-879A-4134-BBC3-54980D80959E,BFF8C027-7C8F-480B-A5F8-CD8CE490BFBA
DED290D0-879A-4134-BBC3-54980D80959E,F9B1D433-6B86-4804-AED7-B50A519A3B7C
DFC1B0DB-832E-4C21-9CB9-79FB726B97D5,01D717BC-18BB-4FE4-95BA-6B13AD702038
DFC1B0DB-832E-4C21-9CB9-79FB726B97D5,09DF0950-D319-4557-A57E-04CD2F63FF42
DFC1B0DB-832E-4C21-9CB9-79FB726B97D5,0B685688-3405-4E2A-ABBA-E3069492EC50
DFC1B0DB-832E-4C21-9CB9-79FB726B97D5,13A57703-BB1A-41A2-94B8-53B692EB7238
DFC1B0DB-832E-4C21-9CB9-79FB726B97D5,1DFACD97-1B9C-4F5A-80F2-05593604799E
DFC1B0DB-832E-4C21-9CB9-79FB726B97D5,24380E3F-AD9D-4E38-BF13-C8EEB21893E7
DFC1B0DB-832E-4C21-9CB9-79FB726B97D5,7C912B83-1B1B-4807-9B66-97C12211E48E
DFC1B0DB-832E-4C21-9CB9-79FB726B97D5,A59947B7-3376-49B4-AD02-C0423E08C5F7
DFC1B0DB-832E-4C21-9CB9-79FB726B97D5,B33DC9B6-0B7D-4322-BAD7-A13A34C584A3
DFC1B0DB-832E-4C21-9CB9-79FB726B97D5,BFF8C027-7C8F-480B-A5F8-CD8CE490BFBA
DFC1B0DB-832E-4C21-9CB9-79FB726B97D5,C38B3C62-1BBF-4EA1-A1A2-35DE21B74C17
DFC1B0DB-832E-4C21-9CB9-79FB726B97D5,DF4A35E0-7983-4A3E-BC47-F37B872B0F25
DFC1B0DB-832E-4C21-9CB9-79FB726B97D5,F9B1D433-6B86-4804-AED7-B50A519A3B7C
DFCBAD2C-0B0A-47E8-9C3C-BF55BB3409B2,B33DC9B6-0B7D-4322-BAD7-A13A34C584A3
DFCBAD2C-0B0A-47E8-9C3C-BF55BB3409B2,DF4A35E0-7983-4A3E-BC47-F37B872B0F25
E01A7425-C74B-4E71-853D-681AD2FB948A,0C0D142F-06B5-4BE1-8B44-491B90F93DEB
E01A7425-C74B-4E71-853D-681AD2FB948A,24380E3F-AD9D-4E38-BF13-C8EEB21893E7
E01A7425-C74B-4E71-853D-681AD2FB948A,B33DC9B6-0B7D-4322-BAD7-A13A34C584A3
E01A7425-C74B-4E71-853D-681AD2FB948A,C8F98B28-3C10-41AE-AA99-092B3B398C43
E01A7425-C74B-4E71-853D-681AD2FB948A,DF4A35E0-7983-4A3E-BC47-F37B872B0F25
E0F4D5E3-3E4A-4345-B86A-1B0CAD7461F1,071BA73C-1D3C-46D4-A53C-00D5602F7F0E
E0F4D5E3-3E4A-4345-B86A-1B0CAD7461F1,09DF0950-D319-4557-A57E-04CD2F63FF42
E0F4D5E3-3E4A-4345-B86A-1B0CAD7461F1,0B685688-3405-4E2A-ABBA-E3069492EC50
E0F4D5E3-3E4A-4345-B86A-1B0CAD7461F1,0C0D142F-06B5-4BE1-8B44-491B90F93DEB
E0F4D5E3-3E4A-4345-B86A-1B0CAD7461F1,13A57703-BB1A-41A2-94B8-53B692EB7238
E0F4D5E3-3E4A-4345-B86A-1B0CAD7461F1,1DFACD97-1B9C-4F5A-80F2-05593604799E
E0F4D5E3-3E4A-4345-B86A-1B0CAD7461F1,24380E3F-AD9D-4E38-BF13-C8EEB21893E7
E0F4D5E3-3E4A-4345-B86A-1B0CAD7461F1,4D224BCA-C127-408B-AC75-A51563C42411
E0F4D5E3-3E4A-4345-B86A-1B0CAD7461F1,5F723BAD-7359-48FC-98FA-631592256E35
E0F4D5E3-3E4A-4345-B86A-1B0CAD7461F1,7CE6E935-F839-4FEC-A63E-052B1DEF39D2
E0F4D5E3-3E4A-4345-B86A-1B0CAD7461F1,8386EEAF-985F-4DE8-9037-CCF91975AC94
E0F4D5E3-3E4A-4345-B86A-1B0CAD7461F1,A59947B7-3376-49B4-AD02-C0423E08C5F7
E0F4D5E3-3E4A-4345-B86A-1B0CAD7461F1,B33DC9B6-0B7D-4322-BAD7-A13A34C584A3
E0F4D5E3-3E4A-4345-B86A-1B0CAD7461F1,BFF8C027-7C8F-480B-A5F8-CD8CE490BFBA
E0F4D5E3-3E4A-4345-B86A-1B0CAD7461F1,C8F98B28-3C10-41AE-AA99-092B3B398C43
E0F4D5E3-3E4A-4345-B86A-1B0CAD7461F1,DF4A35E0-7983-4A3E-BC47-F37B872B0F25
E1A636E5-E7AC-4B71-93DE-F1408F65C458,071BA73C-1D3C-46D4-A53C-00D5602F7F0E
E1A636E5-E7AC-4B71-93DE-F1408F65C458,0B685688-3405-4E2A-ABBA-E3069492EC50
E1A636E5-E7AC-4B71-93DE-F1408F65C458,1DFACD97-1B9C-4F5A-80F2-05593604799E
E1A636E5-E7AC-4B71-93DE-F1408F65C458,4D224BCA-C127-408B-AC75-A51563C42411
E1A636E5-E7AC-4B71-93DE-F1408F65C458,A59947B7-3376-49B4-AD02-C0423E08C5F7
E1A636E5-E7AC-4B71-93DE-F1408F65C458,AE42B46C-E4B7-4889-A122-08FE180371AE
E1A636E5-E7AC-4B71-93DE-F1408F65C458,BFF8C027-7C8F-480B-A5F8-CD8CE490BFBA
E25D6277-11D8-425F-8498-718C98B13854,0C0D142F-06B5-4BE1-8B44-491B90F93DEB
E25D6277-11D8-425F-8498-718C98B13854,1DFACD97-1B9C-4F5A-80F2-05593604799E
E25D6277-11D8-425F-8498-718C98B13854,7CE6E935-F839-4FEC-A63E-052B1DEF39D2
E25D6277-11D8-425F-8498-718C98B13854,B33DC9B6-0B7D-4322-BAD7-A13A34C584A3
E25D6277-11D8-425F-8498-718C98B13854,BFF8C027-7C8F-480B-A5F8-CD8CE490BFBA
E25D6277-11D8-425F-8498-718C98B13854,C11D3746-5063-4BD0-B245-7178D1AD866C
E25D6277-11D8-425F-8498-718C98B13854,C8F98B28-3C10-41AE-AA99-092B3B398C43
E25D6277-11D8-425F-8498-718C98B13854,DF4A35E0-7983-4A3E-BC47-F37B872B0F25
E28CA30C-2D81-4394-81E9-67677C412115,01D717BC-18BB-4FE4-95BA-6B13AD702038
E28CA30C-2D81-4394-81E9-67677C412115,09DF0950-D319-4557-A57E-04CD2F63FF42
E28CA30C-2D81-4394-81E9-67677C412115,0B685688-3405-4E2A-ABBA-E3069492EC50
E28CA30C-2D81-4394-81E9-67677C412115,0C0D142F-06B5-4BE1-8B44-491B90F93DEB
E28CA30C-2D81-4394-81E9-67677C412115,13A57703-BB1A-41A2-94B8-53B692EB7238
E28CA30C-2D81-4394-81E9-67677C412115,1DFACD97-1B9C-4F5A-80F2-05593604799E
E28CA30C-2D81-4394-81E9-67677C412115,24380E3F-AD9D-4E38-BF13-C8EEB21893E7
E28CA30C-2D81-4394-81E9-67677C412115,A59947B7-3376-49B4-AD02-C0423E08C5F7
E28CA30C-2D81-4394-81E9-67677C412115,B33DC9B6-0B7D-4322-BAD7-A13A34C584A3
E28CA30C-2D81-4394-81E9-67677C412115,BFF8C027-7C8F-480B-A5F8-CD8CE490BFBA
E28CA30C-2D81-4394-81E9-67677C412115,C8F98B28-3C10-41AE-AA99-092B3B398C43
E28CA30C-2D81-4394-81E9-67677C412115,DF4A35E0-7983-4A3E-BC47-F37B872B0F25
E28CA30C-2D81-4394-81E9-67677C412115,F9B1D433-6B86-4804-AED7-B50A519A3B7C
E2A4E070-D68B-42D6-8353-4438ED2F43AB,09DF0950-D319-4557-A57E-04CD2F63FF42
E2A4E070-D68B-42D6-8353-4438ED2F43AB,24380E3F-AD9D-4E38-BF13-C8EEB21893E7
E2A4E070-D68B-42D6-8353-4438ED2F43AB,B33DC9B6-0B7D-4322-BAD7-A13A34C584A3
E2A4E070-D68B-42D6-8353-4438ED2F43AB,DF4A35E0-7983-4A3E-BC47-F37B872B0F25
E2AE772D-7A2B-49CC-9AFA-E8F068506B22,24380E3F-AD9D-4E38-BF13-C8EEB21893E7
E2AE772D-7A2B-49CC-9AFA-E8F068506B22,C8F98B28-3C10-41AE-AA99-092B3B398C43
E2AE772D-7A2B-49CC-9AFA-E8F068506B22,D72206E4-6CD1-4441-A355-F8F1827466B1
E2AE772D-7A2B-49CC-9AFA-E8F068506B22,DF4A35E0-7983-4A3E-BC47-F37B872B0F25
E2F59F29-1F3A-43B9-A361-7E74E5FDDEB1,0C0D142F-06B5-4BE1-8B44-491B90F93DEB
E2F59F29-1F3A-43B9-A361-7E74E5FDDEB1,24380E3F-AD9D-4E38-BF13-C8EEB21893E7
E2F59F29-1F3A-43B9-A361-7E74E5FDDEB1,C8F98B28-3C10-41AE-AA99-092B3B398C43
E455313B-782A-4CDC-A6A5-8B506FA3A4C1,0C0D142F-06B5-4BE1-8B44-491B90F93DEB
E455313B-782A-4CDC-A6A5-8B506FA3A4C1,B204DE60-5A24-43DD-8902-C81625A09A74
E455313B-782A-4CDC-A6A5-8B506FA3A4C1,DF4A35E0-7983-4A3E-BC47-F37B872B0F25
E463E13F-FCD4-41B3-AEF3-BA3199E04399,09DF0950-D319-4557-A57E-04CD2F63FF42
E463E13F-FCD4-41B3-AEF3-BA3199E04399,0B685688-3405-4E2A-ABBA-E3069492EC50
E463E13F-FCD4-41B3-AEF3-BA3199E04399,0C0D142F-06B5-4BE1-8B44-491B90F93DEB
E463E13F-FCD4-41B3-AEF3-BA3199E04399,1DFACD97-1B9C-4F5A-80F2-05593604799E
E463E13F-FCD4-41B3-AEF3-BA3199E04399,24380E3F-AD9D-4E38-BF13-C8EEB21893E7
E463E13F-FCD4-41B3-AEF3-BA3199E04399,4D224BCA-C127-408B-AC75-A51563C42411
E463E13F-FCD4-41B3-AEF3-BA3199E04399,A59947B7-3376-49B4-AD02-C0423E08C5F7
E463E13F-FCD4-41B3-AEF3-BA3199E04399,B204DE60-5A24-43DD-8902-C81625A09A74
E463E13F-FCD4-41B3-AEF3-BA3199E04399,B33DC9B6-0B7D-4322-BAD7-A13A34C584A3
E463E13F-FCD4-41B3-AEF3-BA3199E04399,BFF8C027-7C8F-480B-A5F8-CD8CE490BFBA
E463E13F-FCD4-41B3-AEF3-BA3199E04399,C8F98B28-3C10-41AE-AA99-092B3B398C43
E463E13F-FCD4-41B3-AEF3-BA3199E04399,DF4A35E0-7983-4A3E-BC47-F37B872B0F25
E463E13F-FCD4-41B3-AEF3-BA3199E04399,F9B1D433-6B86-4804-AED7-B50A519A3B7C
E49B3D75-8676-4417-BFAD-8B3E23B1418B,1DFACD97-1B9C-4F5A-80F2-05593604799E
E49B3D75-8676-4417-BFAD-8B3E23B1418B,24380E3F-AD9D-4E38-BF13-C8EEB21893E7
E49B3D75-8676-4417-BFAD-8B3E23B1418B,AE42B46C-E4B7-4889-A122-08FE180371AE
E49B3D75-8676-4417-BFAD-8B3E23B1418B,B204DE60-5A24-43DD-8902-C81625A09A74
E49B3D75-8676-4417-BFAD-8B3E23B1418B,B33DC9B6-0B7D-4322-BAD7-A13A34C584A3
E4C7784E-66A0-4D44-87D0-3E072F5FEF43,0C0D142F-06B5-4BE1-8B44-491B90F93DEB
E4C7784E-66A0-4D44-87D0-3E072F5FEF43,24380E3F-AD9D-4E38-BF13-C8EEB21893E7
E4C7784E-66A0-4D44-87D0-3E072F5FEF43,B204DE60-5A24-43DD-8902-C81625A09A74
E4C7784E-66A0-4D44-87D0-3E072F5FEF43,B33DC9B6-0B7D-4322-BAD7-A13A34C584A3
E65E7D88-D280-4B41-B700-BF1DC219BA38,B33DC9B6-0B7D-4322-BAD7-A13A34C584A3
E65E7D88-D280-4B41-B700-BF1DC219BA38,C8F98B28-3C10-41AE-AA99-092B3B398C43
E6D5BB41-3251-469F-ABDA-7B43B966F0CF,09DF0950-D319-4557-A57E-04CD2F63FF42
E6D5BB41-3251-469F-ABDA-7B43B966F0CF,0B685688-3405-4E2A-ABBA-E3069492EC50
E6D5BB41-3251-469F-ABDA-7B43B966F0CF,1DFACD97-1B9C-4F5A-80F2-05593604799E
E6D5BB41-3251-469F-ABDA-7B43B966F0CF,7CE6E935-F839-4FEC-A63E-052B1DEF39D2
E6E1D22A-7A89-47F8-813C-B611059A8CF9,09DF0950-D319-4557-A57E-04CD2F63FF42
E6E1D22A-7A89-47F8-813C-B611059A8CF9,0C0D142F-06B5-4BE1-8B44-491B90F93DEB
E6E1D22A-7A89-47F8-813C-B611059A8CF9,24380E3F-AD9D-4E38-BF13-C8EEB21893E7
E6E1D22A-7A89-47F8-813C-B611059A8CF9,B33DC9B6-0B7D-4322-BAD7-A13A34C584A3
E6E1D22A-7A89-47F8-813C-B611059A8CF9,C8F98B28-3C10-41AE-AA99-092B3B398C43
E6E1D22A-7A89-47F8-813C-B611059A8CF9,DF4A35E0-7983-4A3E-BC47-F37B872B0F25
E777590D-C086-4A88-B5A2-AAE47DBD6A6F,0C0D142F-06B5-4BE1-8B44-491B90F93DEB
E777590D-C086-4A88-B5A2-AAE47DBD6A6F,B33DC9B6-0B7D-4322-BAD7-A13A34C584A3
E777590D-C086-4A88-B5A2-AAE47DBD6A6F,C8F98B28-3C10-41AE-AA99-092B3B398C43
E777590D-C086-4A88-B5A2-AAE47DBD6A6F,DF4A35E0-7983-4A3E-BC47-F37B872B0F25
E7C945ED-4224-4539-B2AE-97A5B229FA74,1DFACD97-1B9C-4F5A-80F2-05593604799E
E7C945ED-4224-4539-B2AE-97A5B229FA74,24380E3F-AD9D-4E38-BF13-C8EEB21893E7
E7C945ED-4224-4539-B2AE-97A5B229FA74,7CE6E935-F839-4FEC-A63E-052B1DEF39D2
E7C945ED-4224-4539-B2AE-97A5B229FA74,B33DC9B6-0B7D-4322-BAD7-A13A34C584A3
E7C945ED-4224-4539-B2AE-97A5B229FA74,C8F98B28-3C10-41AE-AA99-092B3B398C43
E7C945ED-4224-4539-B2AE-97A5B229FA74,DF4A35E0-7983-4A3E-BC47-F37B872B0F25
E7E4E103-5FA9-45AC-8843-05DE554CDBB7,24380E3F-AD9D-4E38-BF13-C8EEB21893E7
E7E4E103-5FA9-45AC-8843-05DE554CDBB7,B33DC9B6-0B7D-4322-BAD7-A13A34C584A3
E7E4E103-5FA9-45AC-8843-05DE554CDBB7,C8F98B28-3C10-41AE-AA99-092B3B398C43
E7E4E103-5FA9-45AC-8843-05DE554CDBB7,DF4A35E0-7983-4A3E-BC47-F37B872B0F25
E84B1E08-CCE8-4FFF-8DB6-B92F40953225,B33DC9B6-0B7D-4322-BAD7-A13A34C584A3
E84B1E08-CCE8-4FFF-8DB6-B92F40953225,C8F98B28-3C10-41AE-AA99-092B3B398C43
E84CCC52-A22F-42D6-86F1-198D818C25DD,3EBF7EAC-68FC-4754-B6A4-0C38A1583D45
E84CCC52-A22F-42D6-86F1-198D818C25DD,42CF4021-8524-428E-866A-D33097A4A764
E84CCC52-A22F-42D6-86F1-198D818C25DD,4D224BCA-C127-408B-AC75-A51563C42411
E84CCC52-A22F-42D6-86F1-198D818C25DD,587BB2D3-EC35-41B2-B3F7-A39E2B088AEE
E84CCC52-A22F-42D6-86F1-198D818C25DD,C8F98B28-3C10-41AE-AA99-092B3B398C43
E8A0F0B6-983F-4B9A-9A67-BFF6F9E4204A,0307955A-B65C-4CE4-A780-EB36BAAADF0B
E8A0F0B6-983F-4B9A-9A67-BFF6F9E4204A,0B685688-3405-4E2A-ABBA-E3069492EC50
E8A0F0B6-983F-4B9A-9A67-BFF6F9E4204A,0C0D142F-06B5-4BE1-8B44-491B90F93DEB
E8A0F0B6-983F-4B9A-9A67-BFF6F9E4204A,13A57703-BB1A-41A2-94B8-53B692EB7238
E8A0F0B6-983F-4B9A-9A67-BFF6F9E4204A,1DFACD97-1B9C-4F5A-80F2-05593604799E
E8A0F0B6-983F-4B9A-9A67-BFF6F9E4204A,24380E3F-AD9D-4E38-BF13-C8EEB21893E7
E8A0F0B6-983F-4B9A-9A67-BFF6F9E4204A,5F723BAD-7359-48FC-98FA-631592256E35
E8A0F0B6-983F-4B9A-9A67-BFF6F9E4204A,7CE6E935-F839-4FEC-A63E-052B1DEF39D2
E8A0F0B6-983F-4B9A-9A67-BFF6F9E4204A,A59947B7-3376-49B4-AD02-C0423E08C5F7
E8A0F0B6-983F-4B9A-9A67-BFF6F9E4204A,AE42B46C-E4B7-4889-A122-08FE180371AE
E8A0F0B6-983F-4B9A-9A67-BFF6F9E4204A,B33DC9B6-0B7D-4322-BAD7-A13A34C584A3
E8A0F0B6-983F-4B9A-9A67-BFF6F9E4204A,BFF8C027-7C8F-480B-A5F8-CD8CE490BFBA
E8A0F0B6-983F-4B9A-9A67-BFF6F9E4204A,C11D3746-5063-4BD0-B245-7178D1AD866C
E8A0F0B6-983F-4B9A-9A67-BFF6F9E4204A,DF4A35E0-7983-4A3E-BC47-F37B872B0F25
E98D419A-A118-49D5-89AF-3C4F9BE7372D,0B685688-3405-4E2A-ABBA-E3069492EC50
E98D419A-A118-49D5-89AF-3C4F9BE7372D,13A57703-BB1A-41A2-94B8-53B692EB7238
E98D419A-A118-49D5-89AF-3C4F9BE7372D,1DFACD97-1B9C-4F5A-80F2-05593604799E
E98D419A-A118-49D5-89AF-3C4F9BE7372D,24380E3F-AD9D-4E38-BF13-C8EEB21893E7
E98D419A-A118-49D5-89AF-3C4F9BE7372D,A59947B7-3376-49B4-AD02-C0423E08C5F7
E98D419A-A118-49D5-89AF-3C4F9BE7372D,B33DC9B6-0B7D-4322-BAD7-A13A34C584A3
E98D419A-A118-49D5-89AF-3C4F9BE7372D,BFF8C027-7C8F-480B-A5F8-CD8CE490BFBA
E98D419A-A118-49D5-89AF-3C4F9BE7372D,DF4A35E0-7983-4A3E-BC47-F37B872B0F25
E991C8BC-C203-4A09-AFD5-87380CF5C387,0307955A-B65C-4CE4-A780-EB36BAAADF0B
E991C8BC-C203-4A09-AFD5-87380CF5C387,0B685688-3405-4E2A-ABBA-E3069492EC50
E991C8BC-C203-4A09-AFD5-87380CF5C387,13A57703-BB1A-41A2-94B8-53B692EB7238
E991C8BC-C203-4A09-AFD5-87380CF5C387,1DFACD97-1B9C-4F5A-80F2-05593604799E
E991C8BC-C203-4A09-AFD5-87380CF5C387,24380E3F-AD9D-4E38-BF13-C8EEB21893E7
E991C8BC-C203-4A09-AFD5-87380CF5C387,42FD78B9-2B90-4AA9-BC43-F10E9FEA8B5A
E991C8BC-C203-4A09-AFD5-87380CF5C387,5F723BAD-7359-48FC-98FA-631592256E35
E991C8BC-C203-4A09-AFD5-87380CF5C387,7CE6E935-F839-4FEC-A63E-052B1DEF39D2
E991C8BC-C203-4A09-AFD5-87380CF5C387,8386EEAF-985F-4DE8-9037-CCF91975AC94
E991C8BC-C203-4A09-AFD5-87380CF5C387,A59947B7-3376-49B4-AD02-C0423E08C5F7
E991C8BC-C203-4A09-AFD5-87380CF5C387,AE42B46C-E4B7-4889-A122-08FE180371AE
E991C8BC-C203-4A09-AFD5-87380CF5C387,B12FAAB9-713F-4B38-83E4-A273F5A43C77
E991C8BC-C203-4A09-AFD5-87380CF5C387,BFF8C027-7C8F-480B-A5F8-CD8CE490BFBA
E991C8BC-C203-4A09-AFD5-87380CF5C387,C11D3746-5063-4BD0-B245-7178D1AD866C
E991C8BC-C203-4A09-AFD5-87380CF5C387,C8F98B28-3C10-41AE-AA99-092B3B398C43
E991C8BC-C203-4A09-AFD5-87380CF5C387,DF4A35E0-7983-4A3E-BC47-F37B872B0F25
E9A0608F-46D6-4072-939F-C81E27AAB236,09DF0950-D319-4557-A57E-04CD2F63FF42
E9A0608F-46D6-4072-939F-C81E27AAB236,0B685688-3405-4E2A-ABBA-E3069492EC50
E9A0608F-46D6-4072-939F-C81E27AAB236,0C0D142F-06B5-4BE1-8B44-491B90F93DEB
E9A0608F-46D6-4072-939F-C81E27AAB236,1DFACD97-1B9C-4F5A-80F2-05593604799E
E9A0608F-46D6-4072-939F-C81E27AAB236,24380E3F-AD9D-4E38-BF13-C8EEB21893E7
E9A0608F-46D6-4072-939F-C81E27AAB236,7CE6E935-F839-4FEC-A63E-052B1DEF39D2
E9A0608F-46D6-4072-939F-C81E27AAB236,B204DE60-5A24-43DD-8902-C81625A09A74
E9A0608F-46D6-4072-939F-C81E27AAB236,B33DC9B6-0B7D-4322-BAD7-A13A34C584A3
E9A0608F-46D6-4072-939F-C81E27AAB236,BFF8C027-7C8F-480B-A5F8-CD8CE490BFBA
E9A0608F-46D6-4072-939F-C81E27AAB236,C8F98B28-3C10-41AE-AA99-092B3B398C43
E9A0608F-46D6-4072-939F-C81E27AAB236,DF4A35E0-7983-4A3E-BC47-F37B872B0F25
EA328EBD-71CC-49B9-8F64-97C8A188BCA4,09DF0950-D319-4557-A57E-04CD2F63FF42
EA328EBD-71CC-49B9-8F64-97C8A188BCA4,0B685688-3405-4E2A-ABBA-E3069492EC50
EA328EBD-71CC-49B9-8F64-97C8A188BCA4,0C0D142F-06B5-4BE1-8B44-491B90F93DEB
EA328EBD-71CC-49B9-8F64-97C8A188BCA4,1DFACD97-1B9C-4F5A-80F2-05593604799E
EA328EBD-71CC-49B9-8F64-97C8A188BCA4,24380E3F-AD9D-4E38-BF13-C8EEB21893E7
EA328EBD-71CC-49B9-8F64-97C8A188BCA4,42FD78B9-2B90-4AA9-BC43-F10E9FEA8B5A
EA328EBD-71CC-49B9-8F64-97C8A188BCA4,7CE6E935-F839-4FEC-A63E-052B1DEF39D2
EA328EBD-71CC-49B9-8F64-97C8A188BCA4,B33DC9B6-0B7D-4322-BAD7-A13A34C584A3
EA328EBD-71CC-49B9-8F64-97C8A188BCA4,BFF8C027-7C8F-480B-A5F8-CD8CE490BFBA
EA328EBD-71CC-49B9-8F64-97C8A188BCA4,C8F98B28-3C10-41AE-AA99-092B3B398C43
EA328EBD-71CC-49B9-8F64-97C8A188BCA4,DF4A35E0-7983-4A3E-BC47-F37B872B0F25
EA86FED8-2E03-467A-A8BD-4F032A647F35,09DF0950-D319-4557-A57E-04CD2F63FF42
EA86FED8-2E03-467A-A8BD-4F032A647F35,0C0D142F-06B5-4BE1-8B44-491B90F93DEB
EA86FED8-2E03-467A-A8BD-4F032A647F35,42FD78B9-2B90-4AA9-BC43-F10E9FEA8B5A
EA86FED8-2E03-467A-A8BD-4F032A647F35,B33DC9B6-0B7D-4322-BAD7-A13A34C584A3
EA86FED8-2E03-467A-A8BD-4F032A647F35,C8F98B28-3C10-41AE-AA99-092B3B398C43
EA86FED8-2E03-467A-A8BD-4F032A647F35,DF4A35E0-7983-4A3E-BC47-F37B872B0F25
EC5A2653-4470-46E7-8B57-30B8ADE46445,0B685688-3405-4E2A-ABBA-E3069492EC50
EC5A2653-4470-46E7-8B57-30B8ADE46445,0C0D142F-06B5-4BE1-8B44-491B90F93DEB
EC5A2653-4470-46E7-8B57-30B8ADE46445,1DFACD97-1B9C-4F5A-80F2-05593604799E
EC5A2653-4470-46E7-8B57-30B8ADE46445,24380E3F-AD9D-4E38-BF13-C8EEB21893E7
EC5A2653-4470-46E7-8B57-30B8ADE46445,5F723BAD-7359-48FC-98FA-631592256E35
EC5A2653-4470-46E7-8B57-30B8ADE46445,7CE6E935-F839-4FEC-A63E-052B1DEF39D2
EC5A2653-4470-46E7-8B57-30B8ADE46445,A59947B7-3376-49B4-AD02-C0423E08C5F7
EC5A2653-4470-46E7-8B57-30B8ADE46445,B12FAAB9-713F-4B38-83E4-A273F5A43C77
EC5A2653-4470-46E7-8B57-30B8ADE46445,BFF8C027-7C8F-480B-A5F8-CD8CE490BFBA
EC5A2653-4470-46E7-8B57-30B8ADE46445,DF4A35E0-7983-4A3E-BC47-F37B872B0F25
ECCA243E-109D-4D73-8546-B0A2553DD9E5,01D717BC-18BB-4FE4-95BA-6B13AD702038
ECCA243E-109D-4D73-8546-B0A2553DD9E5,0307955A-B65C-4CE4-A780-EB36BAAADF0B
ECCA243E-109D-4D73-8546-B0A2553DD9E5,071BA73C-1D3C-46D4-A53C-00D5602F7F0E
ECCA243E-109D-4D73-8546-B0A2553DD9E5,09DF0950-D319-4557-A57E-04CD2F63FF42
ECCA243E-109D-4D73-8546-B0A2553DD9E5,0B685688-3405-4E2A-ABBA-E3069492EC50
ECCA243E-109D-4D73-8546-B0A2553DD9E5,1DFACD97-1B9C-4F5A-80F2-05593604799E
ECCA243E-109D-4D73-8546-B0A2553DD9E5,24380E3F-AD9D-4E38-BF13-C8EEB21893E7
ECCA243E-109D-4D73-8546-B0A2553DD9E5,4D224BCA-C127-408B-AC75-A51563C42411
ECCA243E-109D-4D73-8546-B0A2553DD9E5,587BB2D3-EC35-41B2-B3F7-A39E2B088AEE
ECCA243E-109D-4D73-8546-B0A2553DD9E5,5F723BAD-7359-48FC-98FA-631592256E35
ECCA243E-109D-4D73-8546-B0A2553DD9E5,7CE6E935-F839-4FEC-A63E-052B1DEF39D2
ECCA243E-109D-4D73-8546-B0A2553DD9E5,8386EEAF-985F-4DE8-9037-CCF91975AC94
ECCA243E-109D-4D73-8546-B0A2553DD9E5,A59947B7-3376-49B4-AD02-C0423E08C5F7
ECCA243E-109D-4D73-8546-B0A2553DD9E5,AE42B46C-E4B7-4889-A122-08FE180371AE
ECCA243E-109D-4D73-8546-B0A2553DD9E5,B12FAAB9-713F-4B38-83E4-A273F5A43C77
ECCA243E-109D-4D73-8546-B0A2553DD9E5,B33DC9B6-0B7D-4322-BAD7-A13A34C584A3
ECCA243E-109D-4D73-8546-B0A2553DD9E5,BFF8C027-7C8F-480B-A5F8-CD8CE490BFBA
ECCA243E-109D-4D73-8546-B0A2553DD9E5,C8F98B28-3C10-41AE-AA99-092B3B398C43
ECCA243E-109D-4D73-8546-B0A2553DD9E5,DF4A35E0-7983-4A3E-BC47-F37B872B0F25
ECCA243E-109D-4D73-8546-B0A2553DD9E5,F9B1D433-6B86-4804-AED7-B50A519A3B7C
ECDFABE2-6448-46EA-886E-FE79ACBBF16E,0C0D142F-06B5-4BE1-8B44-491B90F93DEB
ECDFABE2-6448-46EA-886E-FE79ACBBF16E,24380E3F-AD9D-4E38-BF13-C8EEB21893E7
ECDFABE2-6448-46EA-886E-FE79ACBBF16E,B33DC9B6-0B7D-4322-BAD7-A13A34C584A3
ECDFABE2-6448-46EA-886E-FE79ACBBF16E,C8F98B28-3C10-41AE-AA99-092B3B398C43
ECDFABE2-6448-46EA-886E-FE79ACBBF16E,DF4A35E0-7983-4A3E-BC47-F37B872B0F25
ED57A2B1-2560-471C-82A7-7EF6BC3486F8,09DF0950-D319-4557-A57E-04CD2F63FF42
ED57A2B1-2560-471C-82A7-7EF6BC3486F8,0B685688-3405-4E2A-ABBA-E3069492EC50
ED57A2B1-2560-471C-82A7-7EF6BC3486F8,0C0D142F-06B5-4BE1-8B44-491B90F93DEB
ED57A2B1-2560-471C-82A7-7EF6BC3486F8,24380E3F-AD9D-4E38-BF13-C8EEB21893E7
ED57A2B1-2560-471C-82A7-7EF6BC3486F8,42FD78B9-2B90-4AA9-BC43-F10E9FEA8B5A
ED57A2B1-2560-471C-82A7-7EF6BC3486F8,8386EEAF-985F-4DE8-9037-CCF91975AC94
ED57A2B1-2560-471C-82A7-7EF6BC3486F8,AE42B46C-E4B7-4889-A122-08FE180371AE
ED57A2B1-2560-471C-82A7-7EF6BC3486F8,B204DE60-5A24-43DD-8902-C81625A09A74
ED57A2B1-2560-471C-82A7-7EF6BC3486F8,B33DC9B6-0B7D-4322-BAD7-A13A34C584A3
ED57A2B1-2560-471C-82A7-7EF6BC3486F8,C8F98B28-3C10-41AE-AA99-092B3B398C43
ED57A2B1-2560-471C-82A7-7EF6BC3486F8,DF4A35E0-7983-4A3E-BC47-F37B872B0F25
ED9C0322-68FB-4DE1-A884-61C623281C9D,0B685688-3405-4E2A-ABBA-E3069492EC50
ED9C0322-68FB-4DE1-A884-61C623281C9D,0C0D142F-06B5-4BE1-8B44-491B90F93DEB
ED9C0322-68FB-4DE1-A884-61C623281C9D,1DFACD97-1B9C-4F5A-80F2-05593604799E
ED9C0322-68FB-4DE1-A884-61C623281C9D,24380E3F-AD9D-4E38-BF13-C8EEB21893E7
ED9C0322-68FB-4DE1-A884-61C623281C9D,5F723BAD-7359-48FC-98FA-631592256E35
ED9C0322-68FB-4DE1-A884-61C623281C9D,7CE6E935-F839-4FEC-A63E-052B1DEF39D2
ED9C0322-68FB-4DE1-A884-61C623281C9D,A59947B7-3376-49B4-AD02-C0423E08C5F7
ED9C0322-68FB-4DE1-A884-61C623281C9D,AE42B46C-E4B7-4889-A122-08FE180371AE
ED9C0322-68FB-4DE1-A884-61C623281C9D,B33DC9B6-0B7D-4322-BAD7-A13A34C584A3
ED9C0322-68FB-4DE1-A884-61C623281C9D,BFF8C027-7C8F-480B-A5F8-CD8CE490BFBA
ED9C0322-68FB-4DE1-A884-61C623281C9D,C8F98B28-3C10-41AE-AA99-092B3B398C43
ED9C0322-68FB-4DE1-A884-61C623281C9D,DF4A35E0-7983-4A3E-BC47-F37B872B0F25
EDD278F5-E9A8-4A40-BA41-9809ED8E025D,09DF0950-D319-4557-A57E-04CD2F63FF42
EDD278F5-E9A8-4A40-BA41-9809ED8E025D,24380E3F-AD9D-4E38-BF13-C8EEB21893E7
EDD278F5-E9A8-4A40-BA41-9809ED8E025D,B33DC9B6-0B7D-4322-BAD7-A13A34C584A3
EDD278F5-E9A8-4A40-BA41-9809ED8E025D,C8F98B28-3C10-41AE-AA99-092B3B398C43
EDD278F5-E9A8-4A40-BA41-9809ED8E025D,DF4A35E0-7983-4A3E-BC47-F37B872B0F25
EE1F4878-00FB-4760-A77F-EA76DB8DEFD9,0B685688-3405-4E2A-ABBA-E3069492EC50
EE1F4878-00FB-4760-A77F-EA76DB8DEFD9,7C912B83-1B1B-4807-9B66-97C12211E48E
EE1F4878-00FB-4760-A77F-EA76DB8DEFD9,8386EEAF-985F-4DE8-9037-CCF91975AC94
EE1F4878-00FB-4760-A77F-EA76DB8DEFD9,8C495067-8E94-4D78-BBD4-3379DACF6550
EE1F4878-00FB-4760-A77F-EA76DB8DEFD9,A59947B7-3376-49B4-AD02-C0423E08C5F7
EE1F4878-00FB-4760-A77F-EA76DB8DEFD9,BFF8C027-7C8F-480B-A5F8-CD8CE490BFBA
EE1F4878-00FB-4760-A77F-EA76DB8DEFD9,D72206E4-6CD1-4441-A355-F8F1827466B1
EE1F4878-00FB-4760-A77F-EA76DB8DEFD9,DF4A35E0-7983-4A3E-BC47-F37B872B0F25
EE2565D2-D745-4EF7-8814-21DF448427AD,0B685688-3405-4E2A-ABBA-E3069492EC50
EE2565D2-D745-4EF7-8814-21DF448427AD,0C0D142F-06B5-4BE1-8B44-491B90F93DEB
EE2565D2-D745-4EF7-8814-21DF448427AD,13A57703-BB1A-41A2-94B8-53B692EB7238
EE2565D2-D745-4EF7-8814-21DF448427AD,4D224BCA-C127-408B-AC75-A51563C42411
EE2565D2-D745-4EF7-8814-21DF448427AD,8386EEAF-985F-4DE8-9037-CCF91975AC94
EE2565D2-D745-4EF7-8814-21DF448427AD,A59947B7-3376-49B4-AD02-C0423E08C5F7
EE2565D2-D745-4EF7-8814-21DF448427AD,AE42B46C-E4B7-4889-A122-08FE180371AE
EE2565D2-D745-4EF7-8814-21DF448427AD,B12FAAB9-713F-4B38-83E4-A273F5A43C77
EE2565D2-D745-4EF7-8814-21DF448427AD,BFF8C027-7C8F-480B-A5F8-CD8CE490BFBA
EE2565D2-D745-4EF7-8814-21DF448427AD,DF4A35E0-7983-4A3E-BC47-F37B872B0F25
EEBA7225-7FF5-4B62-B60C-6BBC66351A4E,1DFACD97-1B9C-4F5A-80F2-05593604799E
EEBA7225-7FF5-4B62-B60C-6BBC66351A4E,24380E3F-AD9D-4E38-BF13-C8EEB21893E7
EEBA7225-7FF5-4B62-B60C-6BBC66351A4E,42FD78B9-2B90-4AA9-BC43-F10E9FEA8B5A
EEBA7225-7FF5-4B62-B60C-6BBC66351A4E,4D224BCA-C127-408B-AC75-A51563C42411
EEBA7225-7FF5-4B62-B60C-6BBC66351A4E,A59947B7-3376-49B4-AD02-C0423E08C5F7
EEBA7225-7FF5-4B62-B60C-6BBC66351A4E,AE42B46C-E4B7-4889-A122-08FE180371AE
EEBA7225-7FF5-4B62-B60C-6BBC66351A4E,B33DC9B6-0B7D-4322-BAD7-A13A34C584A3
EEBA7225-7FF5-4B62-B60C-6BBC66351A4E,BFF8C027-7C8F-480B-A5F8-CD8CE490BFBA
EEBA7225-7FF5-4B62-B60C-6BBC66351A4E,C8F98B28-3C10-41AE-AA99-092B3B398C43
EEBA7225-7FF5-4B62-B60C-6BBC66351A4E,DF4A35E0-7983-4A3E-BC47-F37B872B0F25
EF680908-DE76-4336-BD51-F33BEB09B4D7,071BA73C-1D3C-46D4-A53C-00D5602F7F0E
EF680908-DE76-4336-BD51-F33BEB09B4D7,0B685688-3405-4E2A-ABBA-E3069492EC50
EF680908-DE76-4336-BD51-F33BEB09B4D7,587BB2D3-EC35-41B2-B3F7-A39E2B088AEE
EF680908-DE76-4336-BD51-F33BEB09B4D7,7CE6E935-F839-4FEC-A63E-052B1DEF39D2
EF680908-DE76-4336-BD51-F33BEB09B4D7,8386EEAF-985F-4DE8-9037-CCF91975AC94
EF680908-DE76-4336-BD51-F33BEB09B4D7,A59947B7-3376-49B4-AD02-C0423E08C5F7
EF680908-DE76-4336-BD51-F33BEB09B4D7,B33DC9B6-0B7D-4322-BAD7-A13A34C584A3
EF680908-DE76-4336-BD51-F33BEB09B4D7,BFF8C027-7C8F-480B-A5F8-CD8CE490BFBA
F22ED7C4-DDB8-43F8-AAF2-D474864352DA,071BA73C-1D3C-46D4-A53C-00D5602F7F0E
F22ED7C4-DDB8-43F8-AAF2-D474864352DA,09DF0950-D319-4557-A57E-04CD2F63FF42
F22ED7C4-DDB8-43F8-AAF2-D474864352DA,1DFACD97-1B9C-4F5A-80F2-05593604799E
F22ED7C4-DDB8-43F8-AAF2-D474864352DA,4D224BCA-C127-408B-AC75-A51563C42411
F22ED7C4-DDB8-43F8-AAF2-D474864352DA,7CE6E935-F839-4FEC-A63E-052B1DEF39D2
F22ED7C4-DDB8-43F8-AAF2-D474864352DA,A59947B7-3376-49B4-AD02-C0423E08C5F7
F22ED7C4-DDB8-43F8-AAF2-D474864352DA,B204DE60-5A24-43DD-8902-C81625A09A74
F22ED7C4-DDB8-43F8-AAF2-D474864352DA,B33DC9B6-0B7D-4322-BAD7-A13A34C584A3
F22ED7C4-DDB8-43F8-AAF2-D474864352DA,BFF8C027-7C8F-480B-A5F8-CD8CE490BFBA
F22ED7C4-DDB8-43F8-AAF2-D474864352DA,C11D3746-5063-4BD0-B245-7178D1AD866C
F22ED7C4-DDB8-43F8-AAF2-D474864352DA,C8F98B28-3C10-41AE-AA99-092B3B398C43
F22ED7C4-DDB8-43F8-AAF2-D474864352DA,DF4A35E0-7983-4A3E-BC47-F37B872B0F25
F26E7620-3284-4F39-AB1B-98100B4AC6A7,0C0D142F-06B5-4BE1-8B44-491B90F93DEB
F26E7620-3284-4F39-AB1B-98100B4AC6A7,B33DC9B6-0B7D-4322-BAD7-A13A34C584A3
F339067B-A588-4BF3-9D90-1C1BA1249203,0B685688-3405-4E2A-ABBA-E3069492EC50
F339067B-A588-4BF3-9D90-1C1BA1249203,0C0D142F-06B5-4BE1-8B44-491B90F93DEB
F339067B-A588-4BF3-9D90-1C1BA1249203,B33DC9B6-0B7D-4322-BAD7-A13A34C584A3
F339067B-A588-4BF3-9D90-1C1BA1249203,BFF8C027-7C8F-480B-A5F8-CD8CE490BFBA
F339067B-A588-4BF3-9D90-1C1BA1249203,C8F98B28-3C10-41AE-AA99-092B3B398C43
F339067B-A588-4BF3-9D90-1C1BA1249203,DF4A35E0-7983-4A3E-BC47-F37B872B0F25
F341E5A4-959B-4D87-B886-23A884633D33,0B685688-3405-4E2A-ABBA-E3069492EC50
F341E5A4-959B-4D87-B886-23A884633D33,0C0D142F-06B5-4BE1-8B44-491B90F93DEB
F341E5A4-959B-4D87-B886-23A884633D33,24380E3F-AD9D-4E38-BF13-C8EEB21893E7
F341E5A4-959B-4D87-B886-23A884633D33,7CE6E935-F839-4FEC-A63E-052B1DEF39D2
F341E5A4-959B-4D87-B886-23A884633D33,A59947B7-3376-49B4-AD02-C0423E08C5F7
F341E5A4-959B-4D87-B886-23A884633D33,B33DC9B6-0B7D-4322-BAD7-A13A34C584A3
F341E5A4-959B-4D87-B886-23A884633D33,BA316D0F-92AE-4E00-8C80-DBD605DC58C3
F341E5A4-959B-4D87-B886-23A884633D33,BFF8C027-7C8F-480B-A5F8-CD8CE490BFBA
F4D44F29-3F67-498F-B05B-0783473D2708,01D717BC-18BB-4FE4-95BA-6B13AD702038
F4D44F29-3F67-498F-B05B-0783473D2708,0307955A-B65C-4CE4-A780-EB36BAAADF0B
F4D44F29-3F67-498F-B05B-0783473D2708,09DF0950-D319-4557-A57E-04CD2F63FF42
F4D44F29-3F67-498F-B05B-0783473D2708,0B685688-3405-4E2A-ABBA-E3069492EC50
F4D44F29-3F67-498F-B05B-0783473D2708,1DFACD97-1B9C-4F5A-80F2-05593604799E
F4D44F29-3F67-498F-B05B-0783473D2708,24380E3F-AD9D-4E38-BF13-C8EEB21893E7
F4D44F29-3F67-498F-B05B-0783473D2708,42FD78B9-2B90-4AA9-BC43-F10E9FEA8B5A
F4D44F29-3F67-498F-B05B-0783473D2708,4D224BCA-C127-408B-AC75-A51563C42411
F4D44F29-3F67-498F-B05B-0783473D2708,7CE6E935-F839-4FEC-A63E-052B1DEF39D2
F4D44F29-3F67-498F-B05B-0783473D2708,AE42B46C-E4B7-4889-A122-08FE180371AE
F4D44F29-3F67-498F-B05B-0783473D2708,B204DE60-5A24-43DD-8902-C81625A09A74
F4D44F29-3F67-498F-B05B-0783473D2708,BFF8C027-7C8F-480B-A5F8-CD8CE490BFBA
F4D44F29-3F67-498F-B05B-0783473D2708,C38B3C62-1BBF-4EA1-A1A2-35DE21B74C17
F4D44F29-3F67-498F-B05B-0783473D2708,DF4A35E0-7983-4A3E-BC47-F37B872B0F25
F4D44F29-3F67-498F-B05B-0783473D2708,F9B1D433-6B86-4804-AED7-B50A519A3B7C
F5676388-94E5-45D2-8A51-344C825F5C12,0C0D142F-06B5-4BE1-8B44-491B90F93DEB
F5676388-94E5-45D2-8A51-344C825F5C12,24380E3F-AD9D-4E38-BF13-C8EEB21893E7
F5676388-94E5-45D2-8A51-344C825F5C12,42FD78B9-2B90-4AA9-BC43-F10E9FEA8B5A
F5676388-94E5-45D2-8A51-344C825F5C12,B33DC9B6-0B7D-4322-BAD7-A13A34C584A3
F5676388-94E5-45D2-8A51-344C825F5C12,C8F98B28-3C10-41AE-AA99-092B3B398C43
F5676388-94E5-45D2-8A51-344C825F5C12,DF4A35E0-7983-4A3E-BC47-F37B872B0F25
F58C6D24-8D10-4573-9826-65D42B8B83AD,01D717BC-18BB-4FE4-95BA-6B13AD702038
F58C6D24-8D10-4573-9826-65D42B8B83AD,0307955A-B65C-4CE4-A780-EB36BAAADF0B
F58C6D24-8D10-4573-9826-65D42B8B83AD,071BA73C-1D3C-46D4-A53C-00D5602F7F0E
F58C6D24-8D10-4573-9826-65D42B8B83AD,09DF0950-D319-4557-A57E-04CD2F63FF42
F58C6D24-8D10-4573-9826-65D42B8B83AD,0B685688-3405-4E2A-ABBA-E3069492EC50
F58C6D24-8D10-4573-9826-65D42B8B83AD,0C0D142F-06B5-4BE1-8B44-491B90F93DEB
F58C6D24-8D10-4573-9826-65D42B8B83AD,13A57703-BB1A-41A2-94B8-53B692EB7238
F58C6D24-8D10-4573-9826-65D42B8B83AD,1DFACD97-1B9C-4F5A-80F2-05593604799E
F58C6D24-8D10-4573-9826-65D42B8B83AD,24380E3F-AD9D-4E38-BF13-C8EEB21893E7
F58C6D24-8D10-4573-9826-65D42B8B83AD,42FD78B9-2B90-4AA9-BC43-F10E9FEA8B5A
F58C6D24-8D10-4573-9826-65D42B8B83AD,4D224BCA-C127-408B-AC75-A51563C42411
F58C6D24-8D10-4573-9826-65D42B8B83AD,587BB2D3-EC35-41B2-B3F7-A39E2B088AEE
F58C6D24-8D10-4573-9826-65D42B8B83AD,5F723BAD-7359-48FC-98FA-631592256E35
F58C6D24-8D10-4573-9826-65D42B8B83AD,7C912B83-1B1B-4807-9B66-97C12211E48E
F58C6D24-8D10-4573-9826-65D42B8B83AD,7CE6E935-F839-4FEC-A63E-052B1DEF39D2
F58C6D24-8D10-4573-9826-65D42B8B83AD,A59947B7-3376-49B4-AD02-C0423E08C5F7
F58C6D24-8D10-4573-9826-65D42B8B83AD,AE42B46C-E4B7-4889-A122-08FE180371AE
F58C6D24-8D10-4573-9826-65D42B8B83AD,B33DC9B6-0B7D-4322-BAD7-A13A34C584A3
F58C6D24-8D10-4573-9826-65D42B8B83AD,BFF8C027-7C8F-480B-A5F8-CD8CE490BFBA
F58C6D24-8D10-4573-9826-65D42B8B83AD,C38B3C62-1BBF-4EA1-A1A2-35DE21B74C17
F58C6D24-8D10-4573-9826-65D42B8B83AD,C8F98B28-3C10-41AE-AA99-092B3B398C43
F58C6D24-8D10-4573-9826-65D42B8B83AD,DF4A35E0-7983-4A3E-BC47-F37B872B0F25
F58C6D24-8D10-4573-9826-65D42B8B83AD,F9B1D433-6B86-4804-AED7-B50A519A3B7C
F5CD58FB-05DC-4074-99DA-F327A537F1BC,0307955A-B65C-4CE4-A780-EB36BAAADF0B
F5CD58FB-05DC-4074-99DA-F327A537F1BC,0B685688-3405-4E2A-ABBA-E3069492EC50
F5CD58FB-05DC-4074-99DA-F327A537F1BC,13A57703-BB1A-41A2-94B8-53B692EB7238
F5CD58FB-05DC-4074-99DA-F327A537F1BC,1DFACD97-1B9C-4F5A-80F2-05593604799E
F5CD58FB-05DC-4074-99DA-F327A537F1BC,24380E3F-AD9D-4E38-BF13-C8EEB21893E7
F5CD58FB-05DC-4074-99DA-F327A537F1BC,5F723BAD-7359-48FC-98FA-631592256E35
F5CD58FB-05DC-4074-99DA-F327A537F1BC,7CE6E935-F839-4FEC-A63E-052B1DEF39D2
F5CD58FB-05DC-4074-99DA-F327A537F1BC,A59947B7-3376-49B4-AD02-C0423E08C5F7
F5CD58FB-05DC-4074-99DA-F327A537F1BC,B12FAAB9-713F-4B38-83E4-A273F5A43C77
F5CD58FB-05DC-4074-99DA-F327A537F1BC,B33DC9B6-0B7D-4322-BAD7-A13A34C584A3
F5CD58FB-05DC-4074-99DA-F327A537F1BC,BFF8C027-7C8F-480B-A5F8-CD8CE490BFBA
F5CD58FB-05DC-4074-99DA-F327A537F1BC,C8F98B28-3C10-41AE-AA99-092B3B398C43
F5CD58FB-05DC-4074-99DA-F327A537F1BC,DF4A35E0-7983-4A3E-BC47-F37B872B0F25
F614E6C5-1283-431A-AF44-15FC849D65FE,13A57703-BB1A-41A2-94B8-53B692EB7238
F614E6C5-1283-431A-AF44-15FC849D65FE,5F723BAD-7359-48FC-98FA-631592256E35
F614E6C5-1283-431A-AF44-15FC849D65FE,7CE6E935-F839-4FEC-A63E-052B1DEF39D2
F614E6C5-1283-431A-AF44-15FC849D65FE,A59947B7-3376-49B4-AD02-C0423E08C5F7
F614E6C5-1283-431A-AF44-15FC849D65FE,BFF8C027-7C8F-480B-A5F8-CD8CE490BFBA
F614E6C5-1283-431A-AF44-15FC849D65FE,DF4A35E0-7983-4A3E-BC47-F37B872B0F25
F63CFF21-C861-422D-A725-B8F3ECFF6EAE,0C0D142F-06B5-4BE1-8B44-491B90F93DEB
F63CFF21-C861-422D-A725-B8F3ECFF6EAE,24380E3F-AD9D-4E38-BF13-C8EEB21893E7
F63CFF21-C861-422D-A725-B8F3ECFF6EAE,7CE6E935-F839-4FEC-A63E-052B1DEF39D2
F63CFF21-C861-422D-A725-B8F3ECFF6EAE,B33DC9B6-0B7D-4322-BAD7-A13A34C584A3
F63CFF21-C861-422D-A725-B8F3ECFF6EAE,C8F98B28-3C10-41AE-AA99-092B3B398C43
F63CFF21-C861-422D-A725-B8F3ECFF6EAE,DF4A35E0-7983-4A3E-BC47-F37B872B0F25
F6555AB7-654F-4418-8827-F91F54536C04,B33DC9B6-0B7D-4322-BAD7-A13A34C584A3
F6831504-A456-45C8-B87B-0FCE1D849A12,0C0D142F-06B5-4BE1-8B44-491B90F93DEB
F6831504-A456-45C8-B87B-0FCE1D849A12,24380E3F-AD9D-4E38-BF13-C8EEB21893E7
F6831504-A456-45C8-B87B-0FCE1D849A12,B33DC9B6-0B7D-4322-BAD7-A13A34C584A3
F6831504-A456-45C8-B87B-0FCE1D849A12,C8F98B28-3C10-41AE-AA99-092B3B398C43
F6831504-A456-45C8-B87B-0FCE1D849A12,DF4A35E0-7983-4A3E-BC47-F37B872B0F25
F6D0ABED-2C07-4194-8CB7-09476271EDB9,0B685688-3405-4E2A-ABBA-E3069492EC50
F6D0ABED-2C07-4194-8CB7-09476271EDB9,0C0D142F-06B5-4BE1-8B44-491B90F93DEB
F6D0ABED-2C07-4194-8CB7-09476271EDB9,B33DC9B6-0B7D-4322-BAD7-A13A34C584A3
F6D0ABED-2C07-4194-8CB7-09476271EDB9,BFF8C027-7C8F-480B-A5F8-CD8CE490BFBA
F6D0ABED-2C07-4194-8CB7-09476271EDB9,C8F98B28-3C10-41AE-AA99-092B3B398C43
F6D0ABED-2C07-4194-8CB7-09476271EDB9,DF4A35E0-7983-4A3E-BC47-F37B872B0F25
F6D0ABED-2C07-4194-8CB7-09476271EDB9,F9B1D433-6B86-4804-AED7-B50A519A3B7C
F7DA09B4-41C4-4372-9EBB-15AD1526B391,1DFACD97-1B9C-4F5A-80F2-05593604799E
F7DA09B4-41C4-4372-9EBB-15AD1526B391,24380E3F-AD9D-4E38-BF13-C8EEB21893E7
F7DA09B4-41C4-4372-9EBB-15AD1526B391,7CE6E935-F839-4FEC-A63E-052B1DEF39D2
F7DA09B4-41C4-4372-9EBB-15AD1526B391,B33DC9B6-0B7D-4322-BAD7-A13A34C584A3
F7DA09B4-41C4-4372-9EBB-15AD1526B391,C8F98B28-3C10-41AE-AA99-092B3B398C43
F7DA09B4-41C4-4372-9EBB-15AD1526B391,DF4A35E0-7983-4A3E-BC47-F37B872B0F25
F7EB51F0-240D-49BC-968C-792756A3B1A0,071BA73C-1D3C-46D4-A53C-00D5602F7F0E
F7EB51F0-240D-49BC-968C-792756A3B1A0,13A57703-BB1A-41A2-94B8-53B692EB7238
F7EB51F0-240D-49BC-968C-792756A3B1A0,1DFACD97-1B9C-4F5A-80F2-05593604799E
F7EB51F0-240D-49BC-968C-792756A3B1A0,24380E3F-AD9D-4E38-BF13-C8EEB21893E7
F7EB51F0-240D-49BC-968C-792756A3B1A0,42FD78B9-2B90-4AA9-BC43-F10E9FEA8B5A
F7EB51F0-240D-49BC-968C-792756A3B1A0,4D224BCA-C127-408B-AC75-A51563C42411
F7EB51F0-240D-49BC-968C-792756A3B1A0,587BB2D3-EC35-41B2-B3F7-A39E2B088AEE
F7EB51F0-240D-49BC-968C-792756A3B1A0,5F723BAD-7359-48FC-98FA-631592256E35
F7EB51F0-240D-49BC-968C-792756A3B1A0,7CE6E935-F839-4FEC-A63E-052B1DEF39D2
F7EB51F0-240D-49BC-968C-792756A3B1A0,A59947B7-3376-49B4-AD02-C0423E08C5F7
F7EB51F0-240D-49BC-968C-792756A3B1A0,AE42B46C-E4B7-4889-A122-08FE180371AE
F7EB51F0-240D-49BC-968C-792756A3B1A0,B33DC9B6-0B7D-4322-BAD7-A13A34C584A3
F7EB51F0-240D-49BC-968C-792756A3B1A0,BFF8C027-7C8F-480B-A5F8-CD8CE490BFBA
F7EB51F0-240D-49BC-968C-792756A3B1A0,DF4A35E0-7983-4A3E-BC47-F37B872B0F25
F85AF8D0-1B85-4B2C-9356-840A4AF6A354,B33DC9B6-0B7D-4322-BAD7-A13A34C584A3
F85AF8D0-1B85-4B2C-9356-840A4AF6A354,DF4A35E0-7983-4A3E-BC47-F37B872B0F25
F894BEB4-0058-4FB9-9E5B-68DB9A5BD198,09DF0950-D319-4557-A57E-04CD2F63FF42
F894BEB4-0058-4FB9-9E5B-68DB9A5BD198,0B685688-3405-4E2A-ABBA-E3069492EC50
F894BEB4-0058-4FB9-9E5B-68DB9A5BD198,0C0D142F-06B5-4BE1-8B44-491B90F93DEB
F894BEB4-0058-4FB9-9E5B-68DB9A5BD198,13A57703-BB1A-41A2-94B8-53B692EB7238
F894BEB4-0058-4FB9-9E5B-68DB9A5BD198,1DFACD97-1B9C-4F5A-80F2-05593604799E
F894BEB4-0058-4FB9-9E5B-68DB9A5BD198,24380E3F-AD9D-4E38-BF13-C8EEB21893E7
F894BEB4-0058-4FB9-9E5B-68DB9A5BD198,A59947B7-3376-49B4-AD02-C0423E08C5F7
F894BEB4-0058-4FB9-9E5B-68DB9A5BD198,B33DC9B6-0B7D-4322-BAD7-A13A34C584A3
F894BEB4-0058-4FB9-9E5B-68DB9A5BD198,BFF8C027-7C8F-480B-A5F8-CD8CE490BFBA
F894BEB4-0058-4FB9-9E5B-68DB9A5BD198,C8F98B28-3C10-41AE-AA99-092B3B398C43
F894BEB4-0058-4FB9-9E5B-68DB9A5BD198,DF4A35E0-7983-4A3E-BC47-F37B872B0F25
FA6450A4-D2F1-4B35-9817-EA01918597A6,071BA73C-1D3C-46D4-A53C-00D5602F7F0E
FA6450A4-D2F1-4B35-9817-EA01918597A6,09DF0950-D319-4557-A57E-04CD2F63FF42
FA6450A4-D2F1-4B35-9817-EA01918597A6,0C0D142F-06B5-4BE1-8B44-491B90F93DEB
FA6450A4-D2F1-4B35-9817-EA01918597A6,24380E3F-AD9D-4E38-BF13-C8EEB21893E7
FA6450A4-D2F1-4B35-9817-EA01918597A6,42FD78B9-2B90-4AA9-BC43-F10E9FEA8B5A
FA6450A4-D2F1-4B35-9817-EA01918597A6,B33DC9B6-0B7D-4322-BAD7-A13A34C584A3
FA6450A4-D2F1-4B35-9817-EA01918597A6,C8F98B28-3C10-41AE-AA99-092B3B398C43
FA6450A4-D2F1-4B35-9817-EA01918597A6,DF4A35E0-7983-4A3E-BC47-F37B872B0F25
FAEF5684-83A4-4CF2-A701-60CF8D4014BD,01D717BC-18BB-4FE4-95BA-6B13AD702038
FAEF5684-83A4-4CF2-A701-60CF8D4014BD,0B685688-3405-4E2A-ABBA-E3069492EC50
FAEF5684-83A4-4CF2-A701-60CF8D4014BD,13A57703-BB1A-41A2-94B8-53B692EB7238
FAEF5684-83A4-4CF2-A701-60CF8D4014BD,42FD78B9-2B90-4AA9-BC43-F10E9FEA8B5A
FAEF5684-83A4-4CF2-A701-60CF8D4014BD,A59947B7-3376-49B4-AD02-C0423E08C5F7
FAEF5684-83A4-4CF2-A701-60CF8D4014BD,B33DC9B6-0B7D-4322-BAD7-A13A34C584A3
FAEF5684-83A4-4CF2-A701-60CF8D4014BD,BFF8C027-7C8F-480B-A5F8-CD8CE490BFBA
FAEF5684-83A4-4CF2-A701-60CF8D4014BD,C11D3746-5063-4BD0-B245-7178D1AD866C
FAEF5684-83A4-4CF2-A701-60CF8D4014BD,DF4A35E0-7983-4A3E-BC47-F37B872B0F25
FB1AE18D-522F-434B-9983-3D0194CE1995,24380E3F-AD9D-4E38-BF13-C8EEB21893E7
FB1AE18D-522F-434B-9983-3D0194CE1995,B204DE60-5A24-43DD-8902-C81625A09A74
FB1AE18D-522F-434B-9983-3D0194CE1995,B33DC9B6-0B7D-4322-BAD7-A13A34C584A3
FB1AE18D-522F-434B-9983-3D0194CE1995,DF4A35E0-7983-4A3E-BC47-F37B872B0F25
FBF9F793-5114-4B61-A5BA-6F9ADDFDF459,071BA73C-1D3C-46D4-A53C-00D5602F7F0E
FBF9F793-5114-4B61-A5BA-6F9ADDFDF459,0B685688-3405-4E2A-ABBA-E3069492EC50
FBF9F793-5114-4B61-A5BA-6F9ADDFDF459,0C0D142F-06B5-4BE1-8B44-491B90F93DEB
FBF9F793-5114-4B61-A5BA-6F9ADDFDF459,24380E3F-AD9D-4E38-BF13-C8EEB21893E7
FBF9F793-5114-4B61-A5BA-6F9ADDFDF459,3EBF7EAC-68FC-4754-B6A4-0C38A1583D45
FBF9F793-5114-4B61-A5BA-6F9ADDFDF459,42CF4021-8524-428E-866A-D33097A4A764
FBF9F793-5114-4B61-A5BA-6F9ADDFDF459,4D224BCA-C127-408B-AC75-A51563C42411
FBF9F793-5114-4B61-A5BA-6F9ADDFDF459,587BB2D3-EC35-41B2-B3F7-A39E2B088AEE
FBF9F793-5114-4B61-A5BA-6F9ADDFDF459,A59947B7-3376-49B4-AD02-C0423E08C5F7
FBF9F793-5114-4B61-A5BA-6F9ADDFDF459,AE42B46C-E4B7-4889-A122-08FE180371AE
FBF9F793-5114-4B61-A5BA-6F9ADDFDF459,B33DC9B6-0B7D-4322-BAD7-A13A34C584A3
FBF9F793-5114-4B61-A5BA-6F9ADDFDF459,C8F98B28-3C10-41AE-AA99-092B3B398C43
FBF9F793-5114-4B61-A5BA-6F9ADDFDF459,DF4A35E0-7983-4A3E-BC47-F37B872B0F25
FC72FEF5-362F-4C9B-B6A1-88FA559D84CE,01D717BC-18BB-4FE4-95BA-6B13AD702038
FC72FEF5-362F-4C9B-B6A1-88FA559D84CE,0307955A-B65C-4CE4-A780-EB36BAAADF0B
FC72FEF5-362F-4C9B-B6A1-88FA559D84CE,0B685688-3405-4E2A-ABBA-E3069492EC50
FC72FEF5-362F-4C9B-B6A1-88FA559D84CE,13A57703-BB1A-41A2-94B8-53B692EB7238
FC72FEF5-362F-4C9B-B6A1-88FA559D84CE,1DFACD97-1B9C-4F5A-80F2-05593604799E
FC72FEF5-362F-4C9B-B6A1-88FA559D84CE,24380E3F-AD9D-4E38-BF13-C8EEB21893E7
FC72FEF5-362F-4C9B-B6A1-88FA559D84CE,5F723BAD-7359-48FC-98FA-631592256E35
FC72FEF5-362F-4C9B-B6A1-88FA559D84CE,5FF5B286-E9C3-430E-B612-3380D8138600
FC72FEF5-362F-4C9B-B6A1-88FA559D84CE,7C912B83-1B1B-4807-9B66-97C12211E48E
FC72FEF5-362F-4C9B-B6A1-88FA559D84CE,7CE6E935-F839-4FEC-A63E-052B1DEF39D2
FC72FEF5-362F-4C9B-B6A1-88FA559D84CE,8386EEAF-985F-4DE8-9037-CCF91975AC94
FC72FEF5-362F-4C9B-B6A1-88FA559D84CE,A59947B7-3376-49B4-AD02-C0423E08C5F7
FC72FEF5-362F-4C9B-B6A1-88FA559D84CE,AE42B46C-E4B7-4889-A122-08FE180371AE
FC72FEF5-362F-4C9B-B6A1-88FA559D84CE,B12FAAB9-713F-4B38-83E4-A273F5A43C77
FC72FEF5-362F-4C9B-B6A1-88FA559D84CE,B204DE60-5A24-43DD-8902-C81625A09A74
FC72FEF5-362F-4C9B-B6A1-88FA559D84CE,B33DC9B6-0B7D-4322-BAD7-A13A34C584A3
FC72FEF5-362F-4C9B-B6A1-88FA559D84CE,BFF8C027-7C8F-480B-A5F8-CD8CE490BFBA
FC72FEF5-362F-4C9B-B6A1-88FA559D84CE,C38B3C62-1BBF-4EA1-A1A2-35DE21B74C17
FC72FEF5-362F-4C9B-B6A1-88FA559D84CE,DF4A35E0-7983-4A3E-BC47-F37B872B0F25
FC72FEF5-362F-4C9B-B6A1-88FA559D84CE,F9B1D433-6B86-4804-AED7-B50A519A3B7C
FD536267-125D-4CEB-8978-2B2767C3B2FF,0307955A-B65C-4CE4-A780-EB36BAAADF0B
FD536267-125D-4CEB-8978-2B2767C3B2FF,0C0D142F-06B5-4BE1-8B44-491B90F93DEB
FD536267-125D-4CEB-8978-2B2767C3B2FF,1DFACD97-1B9C-4F5A-80F2-05593604799E
FD536267-125D-4CEB-8978-2B2767C3B2FF,24380E3F-AD9D-4E38-BF13-C8EEB21893E7
FD536267-125D-4CEB-8978-2B2767C3B2FF,4D224BCA-C127-408B-AC75-A51563C42411
FD536267-125D-4CEB-8978-2B2767C3B2FF,5F723BAD-7359-48FC-98FA-631592256E35
FD536267-125D-4CEB-8978-2B2767C3B2FF,7CE6E935-F839-4FEC-A63E-052B1DEF39D2
FD536267-125D-4CEB-8978-2B2767C3B2FF,B12FAAB9-713F-4B38-83E4-A273F5A43C77
FD536267-125D-4CEB-8978-2B2767C3B2FF,B204DE60-5A24-43DD-8902-C81625A09A74
FD536267-125D-4CEB-8978-2B2767C3B2FF,B33DC9B6-0B7D-4322-BAD7-A13A34C584A3
FD536267-125D-4CEB-8978-2B2767C3B2FF,BFF8C027-7C8F-480B-A5F8-CD8CE490BFBA
FD536267-125D-4CEB-8978-2B2767C3B2FF,C8F98B28-3C10-41AE-AA99-092B3B398C43
FD536267-125D-4CEB-8978-2B2767C3B2FF,DF4A35E0-7983-4A3E-BC47-F37B872B0F25
FDD929A5-1D56-41DD-8A04-5FF77023340C,0B685688-3405-4E2A-ABBA-E3069492EC50
FDD929A5-1D56-41DD-8A04-5FF77023340C,24380E3F-AD9D-4E38-BF13-C8EEB21893E7
FDD929A5-1D56-41DD-8A04-5FF77023340C,B204DE60-5A24-43DD-8902-C81625A09A74
FDD929A5-1D56-41DD-8A04-5FF77023340C,B33DC9B6-0B7D-4322-BAD7-A13A34C584A3
FDD929A5-1D56-41DD-8A04-5FF77023340C,BFF8C027-7C8F-480B-A5F8-CD8CE490BFBA
FDD929A5-1D56-41DD-8A04-5FF77023340C,C8F98B28-3C10-41AE-AA99-092B3B398C43
FDD929A5-1D56-41DD-8A04-5FF77023340C,DF4A35E0-7983-4A3E-BC47-F37B872B0F25
FE52067B-EBB9-4FD2-B613-FE778985BAD9,B33DC9B6-0B7D-4322-BAD7-A13A34C584A3
FE52067B-EBB9-4FD2-B613-FE778985BAD9,C8F98B28-3C10-41AE-AA99-092B3B398C43
FE52067B-EBB9-4FD2-B613-FE778985BAD9,DF4A35E0-7983-4A3E-BC47-F37B872B0F25
FE5E320D-BFCC-41EE-8113-BFEA9D6CA8CD,09DF0950-D319-4557-A57E-04CD2F63FF42
FE5E320D-BFCC-41EE-8113-BFEA9D6CA8CD,0B685688-3405-4E2A-ABBA-E3069492EC50
FE5E320D-BFCC-41EE-8113-BFEA9D6CA8CD,B33DC9B6-0B7D-4322-BAD7-A13A34C584A3
FE5E320D-BFCC-41EE-8113-BFEA9D6CA8CD,C8F98B28-3C10-41AE-AA99-092B3B398C43
FF52F034-53E3-4F36-AA31-4BEBCC5F007A,09DF0950-D319-4557-A57E-04CD2F63FF42
FF52F034-53E3-4F36-AA31-4BEBCC5F007A,0B685688-3405-4E2A-ABBA-E3069492EC50
FF52F034-53E3-4F36-AA31-4BEBCC5F007A,0C0D142F-06B5-4BE1-8B44-491B90F93DEB
FF52F034-53E3-4F36-AA31-4BEBCC5F007A,24380E3F-AD9D-4E38-BF13-C8EEB21893E7
FF52F034-53E3-4F36-AA31-4BEBCC5F007A,42FD78B9-2B90-4AA9-BC43-F10E9FEA8B5A
FF52F034-53E3-4F36-AA31-4BEBCC5F007A,B204DE60-5A24-43DD-8902-C81625A09A74
FF52F034-53E3-4F36-AA31-4BEBCC5F007A,B33DC9B6-0B7D-4322-BAD7-A13A34C584A3
FF52F034-53E3-4F36-AA31-4BEBCC5F007A,C8F98B28-3C10-41AE-AA99-092B3B398C43
FF52F034-53E3-4F36-AA31-4BEBCC5F007A,DF4A35E0-7983-4A3E-BC47-F37B872B0F25
FF6B2CDF-10F5-4A7F-9437-74C1E7104C65,09DF0950-D319-4557-A57E-04CD2F63FF42
FF6B2CDF-10F5-4A7F-9437-74C1E7104C65,0C0D142F-06B5-4BE1-8B44-491B90F93DEB
FF6B2CDF-10F5-4A7F-9437-74C1E7104C65,1DFACD97-1B9C-4F5A-80F2-05593604799E
FF6B2CDF-10F5-4A7F-9437-74C1E7104C65,24380E3F-AD9D-4E38-BF13-C8EEB21893E7
FF6B2CDF-10F5-4A7F-9437-74C1E7104C65,B33DC9B6-0B7D-4322-BAD7-A13A34C584A3
FF6B2CDF-10F5-4A7F-9437-74C1E7104C65,C8F98B28-3C10-41AE-AA99-092B3B398C43
FF6B2CDF-10F5-4A7F-9437-74C1E7104C65,DF4A35E0-7983-4A3E-BC47-F37B872B0F25
FF73E2AA-E274-44E1-A8F5-9DD998B0F579,01D717BC-18BB-4FE4-95BA-6B13AD702038
FF73E2AA-E274-44E1-A8F5-9DD998B0F579,0307955A-B65C-4CE4-A780-EB36BAAADF0B
FF73E2AA-E274-44E1-A8F5-9DD998B0F579,071BA73C-1D3C-46D4-A53C-00D5602F7F0E
FF73E2AA-E274-44E1-A8F5-9DD998B0F579,09DF0950-D319-4557-A57E-04CD2F63FF42
FF73E2AA-E274-44E1-A8F5-9DD998B0F579,0B685688-3405-4E2A-ABBA-E3069492EC50
FF73E2AA-E274-44E1-A8F5-9DD998B0F579,1DFACD97-1B9C-4F5A-80F2-05593604799E
FF73E2AA-E274-44E1-A8F5-9DD998B0F579,24380E3F-AD9D-4E38-BF13-C8EEB21893E7
FF73E2AA-E274-44E1-A8F5-9DD998B0F579,4D224BCA-C127-408B-AC75-A51563C42411
FF73E2AA-E274-44E1-A8F5-9DD998B0F579,5F723BAD-7359-48FC-98FA-631592256E35
FF73E2AA-E274-44E1-A8F5-9DD998B0F579,7C912B83-1B1B-4807-9B66-97C12211E48E
FF73E2AA-E274-44E1-A8F5-9DD998B0F579,7CE6E935-F839-4FEC-A63E-052B1DEF39D2
FF73E2AA-E274-44E1-A8F5-9DD998B0F579,8386EEAF-985F-4DE8-9037-CCF91975AC94
FF73E2AA-E274-44E1-A8F5-9DD998B0F579,8A1C7B17-C2C6-4F7C-9539-EA1E19971D80
FF73E2AA-E274-44E1-A8F5-9DD998B0F579,A59947B7-3376-49B4-AD02-C0423E08C5F7
FF73E2AA-E274-44E1-A8F5-9DD998B0F579,AE42B46C-E4B7-4889-A122-08FE180371AE
FF73E2AA-E274-44E1-A8F5-9DD998B0F579,B12FAAB9-713F-4B38-83E4-A273F5A43C77
FF73E2AA-E274-44E1-A8F5-9DD998B0F579,B33DC9B6-0B7D-4322-BAD7-A13A34C584A3
FF73E2AA-E274-44E1-A8F5-9DD998B0F579,BFF8C027-7C8F-480B-A5F8-CD8CE490BFBA
FF73E2AA-E274-44E1-A8F5-9DD998B0F579,C38B3C62-1BBF-4EA1-A1A2-35DE21B74C17
FF73E2AA-E274-44E1-A8F5-9DD998B0F579,DF4A35E0-7983-4A3E-BC47-F37B872B0F25
FF73E2AA-E274-44E1-A8F5-9DD998B0F579,F9B1D433-6B86-4804-AED7-B50A519A3B7C
FFC9F9C4-D79D-4CA7-AB0F-7A2AD30061CD,0307955A-B65C-4CE4-A780-EB36BAAADF0B
FFC9F9C4-D79D-4CA7-AB0F-7A2AD30061CD,07CBCA6A-46B8-413F-8B6C-ABEDEBF9853E
FFC9F9C4-D79D-4CA7-AB0F-7A2AD30061CD,0B685688-3405-4E2A-ABBA-E3069492EC50
FFC9F9C4-D79D-4CA7-AB0F-7A2AD30061CD,0C0D142F-06B5-4BE1-8B44-491B90F93DEB
FFC9F9C4-D79D-4CA7-AB0F-7A2AD30061CD,13A57703-BB1A-41A2-94B8-53B692EB7238
FFC9F9C4-D79D-4CA7-AB0F-7A2AD30061CD,1DFACD97-1B9C-4F5A-80F2-05593604799E
FFC9F9C4-D79D-4CA7-AB0F-7A2AD30061CD,24380E3F-AD9D-4E38-BF13-C8EEB21893E7
FFC9F9C4-D79D-4CA7-AB0F-7A2AD30061CD,3F3ABD16-2C52-4EAA-A1F6-4235DE5686F0
FFC9F9C4-D79D-4CA7-AB0F-7A2AD30061CD,7CE6E935-F839-4FEC-A63E-052B1DEF39D2
FFC9F9C4-D79D-4CA7-AB0F-7A2AD30061CD,A59947B7-3376-49B4-AD02-C0423E08C5F7
FFC9F9C4-D79D-4CA7-AB0F-7A2AD30061CD,B204DE60-5A24-43DD-8902-C81625A09A74
FFC9F9C4-D79D-4CA7-AB0F-7A2AD30061CD,B33DC9B6-0B7D-4322-BAD7-A13A34C584A3
FFC9F9C4-D79D-4CA7-AB0F-7A2AD30061CD,BFF8C027-7C8F-480B-A5F8-CD8CE490BFBA
FFC9F9C4-D79D-4CA7-AB0F-7A2AD30061CD,C8F98B28-3C10-41AE-AA99-092B3B398C43
FFC9F9C4-D79D-4CA7-AB0F-7A2AD30061CD,D72206E4-6CD1-4441-A355-F8F1827466B1
FFC9F9C4-D79D-4CA7-AB0F-7A2AD30061CD,DF4A35E0-7983-4A3E-BC47-F37B872B0F25
FFD294C0-8027-42EC-B395-9C3BF2B80F49,0307955A-B65C-4CE4-A780-EB36BAAADF0B
FFD294C0-8027-42EC-B395-9C3BF2B80F49,071BA73C-1D3C-46D4-A53C-00D5602F7F0E
FFD294C0-8027-42EC-B395-9C3BF2B80F49,0B685688-3405-4E2A-ABBA-E3069492EC50
FFD294C0-8027-42EC-B395-9C3BF2B80F49,0C0D142F-06B5-4BE1-8B44-491B90F93DEB
FFD294C0-8027-42EC-B395-9C3BF2B80F49,24380E3F-AD9D-4E38-BF13-C8EEB21893E7
FFD294C0-8027-42EC-B395-9C3BF2B80F49,4D224BCA-C127-408B-AC75-A51563C42411
FFD294C0-8027-42EC-B395-9C3BF2B80F49,587BB2D3-EC35-41B2-B3F7-A39E2B088AEE
FFD294C0-8027-42EC-B395-9C3BF2B80F49,A59947B7-3376-49B4-AD02-C0423E08C5F7
FFD294C0-8027-42EC-B395-9C3BF2B80F49,AE3C95F5-E05B-4A28-81DD-1C5FD4BE88E2
FFD294C0-8027-42EC-B395-9C3BF2B80F49,AE42B46C-E4B7-4889-A122-08FE180371AE
FFD294C0-8027-42EC-B395-9C3BF2B80F49,B33DC9B6-0B7D-4322-BAD7-A13A34C584A3
FFD294C0-8027-42EC-B395-9C3BF2B80F49,BFF8C027-7C8F-480B-A5F8-CD8CE490BFBA
FFD294C0-8027-42EC-B395-9C3BF2B80F49,C8F98B28-3C10-41AE-AA99-092B3B398C43
FFD294C0-8027-42EC-B395-9C3BF2B80F49,DF4A35E0-7983-4A3E-BC47-F37B872B0F25
FFEB6894-949B-4C17-924D-646B63966718,B33DC9B6-0B7D-4322-BAD7-A13A34C584A3
